--
-- PostgreSQL database dump
--

-- Dumped from database version 14.8 (Ubuntu 14.8-0ubuntu0.22.10.1)
-- Dumped by pg_dump version 14.8 (Ubuntu 14.8-0ubuntu0.22.10.1)

SET statement_timeout = 0;
SET lock_timeout = 0;
SET idle_in_transaction_session_timeout = 0;
SET client_encoding = 'UTF8';
SET standard_conforming_strings = on;
SELECT pg_catalog.set_config('search_path', '', false);
SET check_function_bodies = false;
SET xmloption = content;
SET client_min_messages = warning;
SET row_security = off;

SET default_tablespace = '';

SET default_table_access_method = heap;

--
-- Name: auth_group; Type: TABLE; Schema: public; Owner: myprojectuser
--

CREATE TABLE public.auth_group (
    id integer NOT NULL,
    name character varying(150) NOT NULL
);


ALTER TABLE public.auth_group OWNER TO myprojectuser;

--
-- Name: auth_group_id_seq; Type: SEQUENCE; Schema: public; Owner: myprojectuser
--

CREATE SEQUENCE public.auth_group_id_seq
    AS integer
    START WITH 1
    INCREMENT BY 1
    NO MINVALUE
    NO MAXVALUE
    CACHE 1;


ALTER TABLE public.auth_group_id_seq OWNER TO myprojectuser;

--
-- Name: auth_group_id_seq; Type: SEQUENCE OWNED BY; Schema: public; Owner: myprojectuser
--

ALTER SEQUENCE public.auth_group_id_seq OWNED BY public.auth_group.id;


--
-- Name: auth_group_permissions; Type: TABLE; Schema: public; Owner: myprojectuser
--

CREATE TABLE public.auth_group_permissions (
    id bigint NOT NULL,
    group_id integer NOT NULL,
    permission_id integer NOT NULL
);


ALTER TABLE public.auth_group_permissions OWNER TO myprojectuser;

--
-- Name: auth_group_permissions_id_seq; Type: SEQUENCE; Schema: public; Owner: myprojectuser
--

CREATE SEQUENCE public.auth_group_permissions_id_seq
    START WITH 1
    INCREMENT BY 1
    NO MINVALUE
    NO MAXVALUE
    CACHE 1;


ALTER TABLE public.auth_group_permissions_id_seq OWNER TO myprojectuser;

--
-- Name: auth_group_permissions_id_seq; Type: SEQUENCE OWNED BY; Schema: public; Owner: myprojectuser
--

ALTER SEQUENCE public.auth_group_permissions_id_seq OWNED BY public.auth_group_permissions.id;


--
-- Name: auth_permission; Type: TABLE; Schema: public; Owner: myprojectuser
--

CREATE TABLE public.auth_permission (
    id integer NOT NULL,
    name character varying(255) NOT NULL,
    content_type_id integer NOT NULL,
    codename character varying(100) NOT NULL
);


ALTER TABLE public.auth_permission OWNER TO myprojectuser;

--
-- Name: auth_permission_id_seq; Type: SEQUENCE; Schema: public; Owner: myprojectuser
--

CREATE SEQUENCE public.auth_permission_id_seq
    AS integer
    START WITH 1
    INCREMENT BY 1
    NO MINVALUE
    NO MAXVALUE
    CACHE 1;


ALTER TABLE public.auth_permission_id_seq OWNER TO myprojectuser;

--
-- Name: auth_permission_id_seq; Type: SEQUENCE OWNED BY; Schema: public; Owner: myprojectuser
--

ALTER SEQUENCE public.auth_permission_id_seq OWNED BY public.auth_permission.id;


--
-- Name: auth_user; Type: TABLE; Schema: public; Owner: myprojectuser
--

CREATE TABLE public.auth_user (
    id integer NOT NULL,
    password character varying(128) NOT NULL,
    last_login timestamp with time zone,
    is_superuser boolean NOT NULL,
    username character varying(150) NOT NULL,
    first_name character varying(150) NOT NULL,
    last_name character varying(150) NOT NULL,
    email character varying(254) NOT NULL,
    is_staff boolean NOT NULL,
    is_active boolean NOT NULL,
    date_joined timestamp with time zone NOT NULL
);


ALTER TABLE public.auth_user OWNER TO myprojectuser;

--
-- Name: auth_user_groups; Type: TABLE; Schema: public; Owner: myprojectuser
--

CREATE TABLE public.auth_user_groups (
    id bigint NOT NULL,
    user_id integer NOT NULL,
    group_id integer NOT NULL
);


ALTER TABLE public.auth_user_groups OWNER TO myprojectuser;

--
-- Name: auth_user_groups_id_seq; Type: SEQUENCE; Schema: public; Owner: myprojectuser
--

CREATE SEQUENCE public.auth_user_groups_id_seq
    START WITH 1
    INCREMENT BY 1
    NO MINVALUE
    NO MAXVALUE
    CACHE 1;


ALTER TABLE public.auth_user_groups_id_seq OWNER TO myprojectuser;

--
-- Name: auth_user_groups_id_seq; Type: SEQUENCE OWNED BY; Schema: public; Owner: myprojectuser
--

ALTER SEQUENCE public.auth_user_groups_id_seq OWNED BY public.auth_user_groups.id;


--
-- Name: auth_user_id_seq; Type: SEQUENCE; Schema: public; Owner: myprojectuser
--

CREATE SEQUENCE public.auth_user_id_seq
    AS integer
    START WITH 1
    INCREMENT BY 1
    NO MINVALUE
    NO MAXVALUE
    CACHE 1;


ALTER TABLE public.auth_user_id_seq OWNER TO myprojectuser;

--
-- Name: auth_user_id_seq; Type: SEQUENCE OWNED BY; Schema: public; Owner: myprojectuser
--

ALTER SEQUENCE public.auth_user_id_seq OWNED BY public.auth_user.id;


--
-- Name: auth_user_user_permissions; Type: TABLE; Schema: public; Owner: myprojectuser
--

CREATE TABLE public.auth_user_user_permissions (
    id bigint NOT NULL,
    user_id integer NOT NULL,
    permission_id integer NOT NULL
);


ALTER TABLE public.auth_user_user_permissions OWNER TO myprojectuser;

--
-- Name: auth_user_user_permissions_id_seq; Type: SEQUENCE; Schema: public; Owner: myprojectuser
--

CREATE SEQUENCE public.auth_user_user_permissions_id_seq
    START WITH 1
    INCREMENT BY 1
    NO MINVALUE
    NO MAXVALUE
    CACHE 1;


ALTER TABLE public.auth_user_user_permissions_id_seq OWNER TO myprojectuser;

--
-- Name: auth_user_user_permissions_id_seq; Type: SEQUENCE OWNED BY; Schema: public; Owner: myprojectuser
--

ALTER SEQUENCE public.auth_user_user_permissions_id_seq OWNED BY public.auth_user_user_permissions.id;


--
-- Name: blog_categories; Type: TABLE; Schema: public; Owner: myprojectuser
--

CREATE TABLE public.blog_categories (
    id bigint NOT NULL
);


ALTER TABLE public.blog_categories OWNER TO myprojectuser;

--
-- Name: blog_categories_id_seq; Type: SEQUENCE; Schema: public; Owner: myprojectuser
--

CREATE SEQUENCE public.blog_categories_id_seq
    START WITH 1
    INCREMENT BY 1
    NO MINVALUE
    NO MAXVALUE
    CACHE 1;


ALTER TABLE public.blog_categories_id_seq OWNER TO myprojectuser;

--
-- Name: blog_categories_id_seq; Type: SEQUENCE OWNED BY; Schema: public; Owner: myprojectuser
--

ALTER SEQUENCE public.blog_categories_id_seq OWNED BY public.blog_categories.id;


--
-- Name: blog_post; Type: TABLE; Schema: public; Owner: myprojectuser
--

CREATE TABLE public.blog_post (
    id bigint NOT NULL
);


ALTER TABLE public.blog_post OWNER TO myprojectuser;

--
-- Name: blog_post_id_seq; Type: SEQUENCE; Schema: public; Owner: myprojectuser
--

CREATE SEQUENCE public.blog_post_id_seq
    START WITH 1
    INCREMENT BY 1
    NO MINVALUE
    NO MAXVALUE
    CACHE 1;


ALTER TABLE public.blog_post_id_seq OWNER TO myprojectuser;

--
-- Name: blog_post_id_seq; Type: SEQUENCE OWNED BY; Schema: public; Owner: myprojectuser
--

ALTER SEQUENCE public.blog_post_id_seq OWNED BY public.blog_post.id;


--
-- Name: django_admin_log; Type: TABLE; Schema: public; Owner: myprojectuser
--

CREATE TABLE public.django_admin_log (
    id integer NOT NULL,
    action_time timestamp with time zone NOT NULL,
    object_id text,
    object_repr character varying(200) NOT NULL,
    action_flag smallint NOT NULL,
    change_message text NOT NULL,
    content_type_id integer,
    user_id integer NOT NULL,
    CONSTRAINT django_admin_log_action_flag_check CHECK ((action_flag >= 0))
);


ALTER TABLE public.django_admin_log OWNER TO myprojectuser;

--
-- Name: django_admin_log_id_seq; Type: SEQUENCE; Schema: public; Owner: myprojectuser
--

CREATE SEQUENCE public.django_admin_log_id_seq
    AS integer
    START WITH 1
    INCREMENT BY 1
    NO MINVALUE
    NO MAXVALUE
    CACHE 1;


ALTER TABLE public.django_admin_log_id_seq OWNER TO myprojectuser;

--
-- Name: django_admin_log_id_seq; Type: SEQUENCE OWNED BY; Schema: public; Owner: myprojectuser
--

ALTER SEQUENCE public.django_admin_log_id_seq OWNED BY public.django_admin_log.id;


--
-- Name: django_content_type; Type: TABLE; Schema: public; Owner: myprojectuser
--

CREATE TABLE public.django_content_type (
    id integer NOT NULL,
    app_label character varying(100) NOT NULL,
    model character varying(100) NOT NULL
);


ALTER TABLE public.django_content_type OWNER TO myprojectuser;

--
-- Name: django_content_type_id_seq; Type: SEQUENCE; Schema: public; Owner: myprojectuser
--

CREATE SEQUENCE public.django_content_type_id_seq
    AS integer
    START WITH 1
    INCREMENT BY 1
    NO MINVALUE
    NO MAXVALUE
    CACHE 1;


ALTER TABLE public.django_content_type_id_seq OWNER TO myprojectuser;

--
-- Name: django_content_type_id_seq; Type: SEQUENCE OWNED BY; Schema: public; Owner: myprojectuser
--

ALTER SEQUENCE public.django_content_type_id_seq OWNED BY public.django_content_type.id;


--
-- Name: django_migrations; Type: TABLE; Schema: public; Owner: myprojectuser
--

CREATE TABLE public.django_migrations (
    id bigint NOT NULL,
    app character varying(255) NOT NULL,
    name character varying(255) NOT NULL,
    applied timestamp with time zone NOT NULL
);


ALTER TABLE public.django_migrations OWNER TO myprojectuser;

--
-- Name: django_migrations_id_seq; Type: SEQUENCE; Schema: public; Owner: myprojectuser
--

CREATE SEQUENCE public.django_migrations_id_seq
    START WITH 1
    INCREMENT BY 1
    NO MINVALUE
    NO MAXVALUE
    CACHE 1;


ALTER TABLE public.django_migrations_id_seq OWNER TO myprojectuser;

--
-- Name: django_migrations_id_seq; Type: SEQUENCE OWNED BY; Schema: public; Owner: myprojectuser
--

ALTER SEQUENCE public.django_migrations_id_seq OWNED BY public.django_migrations.id;


--
-- Name: django_session; Type: TABLE; Schema: public; Owner: myprojectuser
--

CREATE TABLE public.django_session (
    session_key character varying(40) NOT NULL,
    session_data text NOT NULL,
    expire_date timestamp with time zone NOT NULL
);


ALTER TABLE public.django_session OWNER TO myprojectuser;

--
-- Name: main_brand; Type: TABLE; Schema: public; Owner: myprojectuser
--

CREATE TABLE public.main_brand (
    id bigint NOT NULL,
    name character varying(20) NOT NULL
);


ALTER TABLE public.main_brand OWNER TO myprojectuser;

--
-- Name: main_brand_id_seq; Type: SEQUENCE; Schema: public; Owner: myprojectuser
--

CREATE SEQUENCE public.main_brand_id_seq
    START WITH 1
    INCREMENT BY 1
    NO MINVALUE
    NO MAXVALUE
    CACHE 1;


ALTER TABLE public.main_brand_id_seq OWNER TO myprojectuser;

--
-- Name: main_brand_id_seq; Type: SEQUENCE OWNED BY; Schema: public; Owner: myprojectuser
--

ALTER SEQUENCE public.main_brand_id_seq OWNED BY public.main_brand.id;


--
-- Name: main_category; Type: TABLE; Schema: public; Owner: myprojectuser
--

CREATE TABLE public.main_category (
    id bigint NOT NULL,
    title character varying(150) NOT NULL,
    code character varying(150),
    image character varying(500)
);


ALTER TABLE public.main_category OWNER TO myprojectuser;

--
-- Name: main_category_id_seq; Type: SEQUENCE; Schema: public; Owner: myprojectuser
--

CREATE SEQUENCE public.main_category_id_seq
    START WITH 1
    INCREMENT BY 1
    NO MINVALUE
    NO MAXVALUE
    CACHE 1;


ALTER TABLE public.main_category_id_seq OWNER TO myprojectuser;

--
-- Name: main_category_id_seq; Type: SEQUENCE OWNED BY; Schema: public; Owner: myprojectuser
--

ALTER SEQUENCE public.main_category_id_seq OWNED BY public.main_category.id;


--
-- Name: main_client; Type: TABLE; Schema: public; Owner: myprojectuser
--

CREATE TABLE public.main_client (
    id bigint NOT NULL,
    name character varying(200) NOT NULL,
    city character varying(200),
    address character varying(200) NOT NULL,
    phone character varying(200) NOT NULL,
    user_id integer
);


ALTER TABLE public.main_client OWNER TO myprojectuser;

--
-- Name: main_client_id_seq; Type: SEQUENCE; Schema: public; Owner: myprojectuser
--

CREATE SEQUENCE public.main_client_id_seq
    START WITH 1
    INCREMENT BY 1
    NO MINVALUE
    NO MAXVALUE
    CACHE 1;


ALTER TABLE public.main_client_id_seq OWNER TO myprojectuser;

--
-- Name: main_client_id_seq; Type: SEQUENCE OWNED BY; Schema: public; Owner: myprojectuser
--

ALTER SEQUENCE public.main_client_id_seq OWNED BY public.main_client.id;


--
-- Name: main_coupon; Type: TABLE; Schema: public; Owner: myprojectuser
--

CREATE TABLE public.main_coupon (
    id bigint NOT NULL,
    code character varying(50) NOT NULL,
    amount double precision NOT NULL
);


ALTER TABLE public.main_coupon OWNER TO myprojectuser;

--
-- Name: main_coupon_id_seq; Type: SEQUENCE; Schema: public; Owner: myprojectuser
--

CREATE SEQUENCE public.main_coupon_id_seq
    START WITH 1
    INCREMENT BY 1
    NO MINVALUE
    NO MAXVALUE
    CACHE 1;


ALTER TABLE public.main_coupon_id_seq OWNER TO myprojectuser;

--
-- Name: main_coupon_id_seq; Type: SEQUENCE OWNED BY; Schema: public; Owner: myprojectuser
--

ALTER SEQUENCE public.main_coupon_id_seq OWNED BY public.main_coupon.id;


--
-- Name: main_mark; Type: TABLE; Schema: public; Owner: myprojectuser
--

CREATE TABLE public.main_mark (
    id bigint NOT NULL,
    name character varying(20) NOT NULL,
    image character varying(500)
);


ALTER TABLE public.main_mark OWNER TO myprojectuser;

--
-- Name: main_mark_id_seq; Type: SEQUENCE; Schema: public; Owner: myprojectuser
--

CREATE SEQUENCE public.main_mark_id_seq
    START WITH 1
    INCREMENT BY 1
    NO MINVALUE
    NO MAXVALUE
    CACHE 1;


ALTER TABLE public.main_mark_id_seq OWNER TO myprojectuser;

--
-- Name: main_mark_id_seq; Type: SEQUENCE OWNED BY; Schema: public; Owner: myprojectuser
--

ALTER SEQUENCE public.main_mark_id_seq OWNED BY public.main_mark.id;


--
-- Name: main_model; Type: TABLE; Schema: public; Owner: myprojectuser
--

CREATE TABLE public.main_model (
    id bigint NOT NULL,
    name character varying(20) NOT NULL
);


ALTER TABLE public.main_model OWNER TO myprojectuser;

--
-- Name: main_model_id_seq; Type: SEQUENCE; Schema: public; Owner: myprojectuser
--

CREATE SEQUENCE public.main_model_id_seq
    START WITH 1
    INCREMENT BY 1
    NO MINVALUE
    NO MAXVALUE
    CACHE 1;


ALTER TABLE public.main_model_id_seq OWNER TO myprojectuser;

--
-- Name: main_model_id_seq; Type: SEQUENCE OWNED BY; Schema: public; Owner: myprojectuser
--

ALTER SEQUENCE public.main_model_id_seq OWNED BY public.main_model.id;


--
-- Name: main_order; Type: TABLE; Schema: public; Owner: myprojectuser
--

CREATE TABLE public.main_order (
    id bigint NOT NULL,
    date timestamp with time zone NOT NULL,
    code character varying(50),
    salseman character varying(50),
    modpymnt character varying(50),
    modlvrsn character varying(50),
    total numeric(20,2) NOT NULL,
    totalremise numeric(20,2) NOT NULL,
    isdelivered boolean NOT NULL,
    ispaied boolean NOT NULL,
    clientname character varying(500),
    clientphone character varying(500),
    clientaddress character varying(500),
    client_id bigint
);


ALTER TABLE public.main_order OWNER TO myprojectuser;

--
-- Name: main_order_id_seq; Type: SEQUENCE; Schema: public; Owner: myprojectuser
--

CREATE SEQUENCE public.main_order_id_seq
    START WITH 1
    INCREMENT BY 1
    NO MINVALUE
    NO MAXVALUE
    CACHE 1;


ALTER TABLE public.main_order_id_seq OWNER TO myprojectuser;

--
-- Name: main_order_id_seq; Type: SEQUENCE OWNED BY; Schema: public; Owner: myprojectuser
--

ALTER SEQUENCE public.main_order_id_seq OWNED BY public.main_order.id;


--
-- Name: main_orderitem; Type: TABLE; Schema: public; Owner: myprojectuser
--

CREATE TABLE public.main_orderitem (
    id bigint NOT NULL,
    ref character varying(100),
    name character varying(100),
    qty integer NOT NULL,
    order_id bigint NOT NULL,
    date timestamp with time zone NOT NULL,
    product_id bigint
);


ALTER TABLE public.main_orderitem OWNER TO myprojectuser;

--
-- Name: main_orderitem_id_seq; Type: SEQUENCE; Schema: public; Owner: myprojectuser
--

CREATE SEQUENCE public.main_orderitem_id_seq
    START WITH 1
    INCREMENT BY 1
    NO MINVALUE
    NO MAXVALUE
    CACHE 1;


ALTER TABLE public.main_orderitem_id_seq OWNER TO myprojectuser;

--
-- Name: main_orderitem_id_seq; Type: SEQUENCE OWNED BY; Schema: public; Owner: myprojectuser
--

ALTER SEQUENCE public.main_orderitem_id_seq OWNED BY public.main_orderitem.id;


--
-- Name: main_pairingcode; Type: TABLE; Schema: public; Owner: myprojectuser
--

CREATE TABLE public.main_pairingcode (
    id bigint NOT NULL,
    code character varying(50) NOT NULL,
    amount double precision NOT NULL
);


ALTER TABLE public.main_pairingcode OWNER TO myprojectuser;

--
-- Name: main_pairingcode_id_seq; Type: SEQUENCE; Schema: public; Owner: myprojectuser
--

CREATE SEQUENCE public.main_pairingcode_id_seq
    START WITH 1
    INCREMENT BY 1
    NO MINVALUE
    NO MAXVALUE
    CACHE 1;


ALTER TABLE public.main_pairingcode_id_seq OWNER TO myprojectuser;

--
-- Name: main_pairingcode_id_seq; Type: SEQUENCE OWNED BY; Schema: public; Owner: myprojectuser
--

ALTER SEQUENCE public.main_pairingcode_id_seq OWNED BY public.main_pairingcode.id;


--
-- Name: main_produit; Type: TABLE; Schema: public; Owner: myprojectuser
--

CREATE TABLE public.main_produit (
    id bigint NOT NULL,
    name character varying(500),
    price double precision NOT NULL,
    stock boolean NOT NULL,
    ref character varying(50) NOT NULL,
    image character varying(500),
    min character varying(500),
    isoffer boolean NOT NULL,
    offre character varying(500),
    category_id bigint NOT NULL,
    mark_id bigint,
    checkprice double precision
);


ALTER TABLE public.main_produit OWNER TO myprojectuser;

--
-- Name: main_produit_id_seq; Type: SEQUENCE; Schema: public; Owner: myprojectuser
--

CREATE SEQUENCE public.main_produit_id_seq
    START WITH 1
    INCREMENT BY 1
    NO MINVALUE
    NO MAXVALUE
    CACHE 1;


ALTER TABLE public.main_produit_id_seq OWNER TO myprojectuser;

--
-- Name: main_produit_id_seq; Type: SEQUENCE OWNED BY; Schema: public; Owner: myprojectuser
--

ALTER SEQUENCE public.main_produit_id_seq OWNED BY public.main_produit.id;


--
-- Name: main_represent; Type: TABLE; Schema: public; Owner: myprojectuser
--

CREATE TABLE public.main_represent (
    id bigint NOT NULL,
    name character varying(50) NOT NULL
);


ALTER TABLE public.main_represent OWNER TO myprojectuser;

--
-- Name: main_represent_id_seq; Type: SEQUENCE; Schema: public; Owner: myprojectuser
--

CREATE SEQUENCE public.main_represent_id_seq
    START WITH 1
    INCREMENT BY 1
    NO MINVALUE
    NO MAXVALUE
    CACHE 1;


ALTER TABLE public.main_represent_id_seq OWNER TO myprojectuser;

--
-- Name: main_represent_id_seq; Type: SEQUENCE OWNED BY; Schema: public; Owner: myprojectuser
--

ALTER SEQUENCE public.main_represent_id_seq OWNED BY public.main_represent.id;


--
-- Name: main_shippingfees; Type: TABLE; Schema: public; Owner: myprojectuser
--

CREATE TABLE public.main_shippingfees (
    id bigint NOT NULL,
    city character varying(20) NOT NULL,
    shippingfee double precision NOT NULL
);


ALTER TABLE public.main_shippingfees OWNER TO myprojectuser;

--
-- Name: main_shippingfees_id_seq; Type: SEQUENCE; Schema: public; Owner: myprojectuser
--

CREATE SEQUENCE public.main_shippingfees_id_seq
    START WITH 1
    INCREMENT BY 1
    NO MINVALUE
    NO MAXVALUE
    CACHE 1;


ALTER TABLE public.main_shippingfees_id_seq OWNER TO myprojectuser;

--
-- Name: main_shippingfees_id_seq; Type: SEQUENCE OWNED BY; Schema: public; Owner: myprojectuser
--

ALTER SEQUENCE public.main_shippingfees_id_seq OWNED BY public.main_shippingfees.id;


--
-- Name: auth_group id; Type: DEFAULT; Schema: public; Owner: myprojectuser
--

ALTER TABLE ONLY public.auth_group ALTER COLUMN id SET DEFAULT nextval('public.auth_group_id_seq'::regclass);


--
-- Name: auth_group_permissions id; Type: DEFAULT; Schema: public; Owner: myprojectuser
--

ALTER TABLE ONLY public.auth_group_permissions ALTER COLUMN id SET DEFAULT nextval('public.auth_group_permissions_id_seq'::regclass);


--
-- Name: auth_permission id; Type: DEFAULT; Schema: public; Owner: myprojectuser
--

ALTER TABLE ONLY public.auth_permission ALTER COLUMN id SET DEFAULT nextval('public.auth_permission_id_seq'::regclass);


--
-- Name: auth_user id; Type: DEFAULT; Schema: public; Owner: myprojectuser
--

ALTER TABLE ONLY public.auth_user ALTER COLUMN id SET DEFAULT nextval('public.auth_user_id_seq'::regclass);


--
-- Name: auth_user_groups id; Type: DEFAULT; Schema: public; Owner: myprojectuser
--

ALTER TABLE ONLY public.auth_user_groups ALTER COLUMN id SET DEFAULT nextval('public.auth_user_groups_id_seq'::regclass);


--
-- Name: auth_user_user_permissions id; Type: DEFAULT; Schema: public; Owner: myprojectuser
--

ALTER TABLE ONLY public.auth_user_user_permissions ALTER COLUMN id SET DEFAULT nextval('public.auth_user_user_permissions_id_seq'::regclass);


--
-- Name: blog_categories id; Type: DEFAULT; Schema: public; Owner: myprojectuser
--

ALTER TABLE ONLY public.blog_categories ALTER COLUMN id SET DEFAULT nextval('public.blog_categories_id_seq'::regclass);


--
-- Name: blog_post id; Type: DEFAULT; Schema: public; Owner: myprojectuser
--

ALTER TABLE ONLY public.blog_post ALTER COLUMN id SET DEFAULT nextval('public.blog_post_id_seq'::regclass);


--
-- Name: django_admin_log id; Type: DEFAULT; Schema: public; Owner: myprojectuser
--

ALTER TABLE ONLY public.django_admin_log ALTER COLUMN id SET DEFAULT nextval('public.django_admin_log_id_seq'::regclass);


--
-- Name: django_content_type id; Type: DEFAULT; Schema: public; Owner: myprojectuser
--

ALTER TABLE ONLY public.django_content_type ALTER COLUMN id SET DEFAULT nextval('public.django_content_type_id_seq'::regclass);


--
-- Name: django_migrations id; Type: DEFAULT; Schema: public; Owner: myprojectuser
--

ALTER TABLE ONLY public.django_migrations ALTER COLUMN id SET DEFAULT nextval('public.django_migrations_id_seq'::regclass);


--
-- Name: main_brand id; Type: DEFAULT; Schema: public; Owner: myprojectuser
--

ALTER TABLE ONLY public.main_brand ALTER COLUMN id SET DEFAULT nextval('public.main_brand_id_seq'::regclass);


--
-- Name: main_category id; Type: DEFAULT; Schema: public; Owner: myprojectuser
--

ALTER TABLE ONLY public.main_category ALTER COLUMN id SET DEFAULT nextval('public.main_category_id_seq'::regclass);


--
-- Name: main_client id; Type: DEFAULT; Schema: public; Owner: myprojectuser
--

ALTER TABLE ONLY public.main_client ALTER COLUMN id SET DEFAULT nextval('public.main_client_id_seq'::regclass);


--
-- Name: main_coupon id; Type: DEFAULT; Schema: public; Owner: myprojectuser
--

ALTER TABLE ONLY public.main_coupon ALTER COLUMN id SET DEFAULT nextval('public.main_coupon_id_seq'::regclass);


--
-- Name: main_mark id; Type: DEFAULT; Schema: public; Owner: myprojectuser
--

ALTER TABLE ONLY public.main_mark ALTER COLUMN id SET DEFAULT nextval('public.main_mark_id_seq'::regclass);


--
-- Name: main_model id; Type: DEFAULT; Schema: public; Owner: myprojectuser
--

ALTER TABLE ONLY public.main_model ALTER COLUMN id SET DEFAULT nextval('public.main_model_id_seq'::regclass);


--
-- Name: main_order id; Type: DEFAULT; Schema: public; Owner: myprojectuser
--

ALTER TABLE ONLY public.main_order ALTER COLUMN id SET DEFAULT nextval('public.main_order_id_seq'::regclass);


--
-- Name: main_orderitem id; Type: DEFAULT; Schema: public; Owner: myprojectuser
--

ALTER TABLE ONLY public.main_orderitem ALTER COLUMN id SET DEFAULT nextval('public.main_orderitem_id_seq'::regclass);


--
-- Name: main_pairingcode id; Type: DEFAULT; Schema: public; Owner: myprojectuser
--

ALTER TABLE ONLY public.main_pairingcode ALTER COLUMN id SET DEFAULT nextval('public.main_pairingcode_id_seq'::regclass);


--
-- Name: main_produit id; Type: DEFAULT; Schema: public; Owner: myprojectuser
--

ALTER TABLE ONLY public.main_produit ALTER COLUMN id SET DEFAULT nextval('public.main_produit_id_seq'::regclass);


--
-- Name: main_represent id; Type: DEFAULT; Schema: public; Owner: myprojectuser
--

ALTER TABLE ONLY public.main_represent ALTER COLUMN id SET DEFAULT nextval('public.main_represent_id_seq'::regclass);


--
-- Name: main_shippingfees id; Type: DEFAULT; Schema: public; Owner: myprojectuser
--

ALTER TABLE ONLY public.main_shippingfees ALTER COLUMN id SET DEFAULT nextval('public.main_shippingfees_id_seq'::regclass);


--
-- Data for Name: auth_group; Type: TABLE DATA; Schema: public; Owner: myprojectuser
--

COPY public.auth_group (id, name) FROM stdin;
1	admin
2	salsemen
3	accounting
4	clients
\.


--
-- Data for Name: auth_group_permissions; Type: TABLE DATA; Schema: public; Owner: myprojectuser
--

COPY public.auth_group_permissions (id, group_id, permission_id) FROM stdin;
\.


--
-- Data for Name: auth_permission; Type: TABLE DATA; Schema: public; Owner: myprojectuser
--

COPY public.auth_permission (id, name, content_type_id, codename) FROM stdin;
1	Can add log entry	1	add_logentry
2	Can change log entry	1	change_logentry
3	Can delete log entry	1	delete_logentry
4	Can view log entry	1	view_logentry
5	Can add permission	2	add_permission
6	Can change permission	2	change_permission
7	Can delete permission	2	delete_permission
8	Can view permission	2	view_permission
9	Can add group	3	add_group
10	Can change group	3	change_group
11	Can delete group	3	delete_group
12	Can view group	3	view_group
13	Can add user	4	add_user
14	Can change user	4	change_user
15	Can delete user	4	delete_user
16	Can view user	4	view_user
17	Can add content type	5	add_contenttype
18	Can change content type	5	change_contenttype
19	Can delete content type	5	delete_contenttype
20	Can view content type	5	view_contenttype
21	Can add session	6	add_session
22	Can change session	6	change_session
23	Can delete session	6	delete_session
24	Can view session	6	view_session
25	Can add brand	7	add_brand
26	Can change brand	7	change_brand
27	Can delete brand	7	delete_brand
28	Can view brand	7	view_brand
29	Can add category	8	add_category
30	Can change category	8	change_category
31	Can delete category	8	delete_category
32	Can view category	8	view_category
33	Can add client	9	add_client
34	Can change client	9	change_client
35	Can delete client	9	delete_client
36	Can view client	9	view_client
37	Can add coupon	10	add_coupon
38	Can change coupon	10	change_coupon
39	Can delete coupon	10	delete_coupon
40	Can view coupon	10	view_coupon
41	Can add mark	11	add_mark
42	Can change mark	11	change_mark
43	Can delete mark	11	delete_mark
44	Can view mark	11	view_mark
45	Can add model	12	add_model
46	Can change model	12	change_model
47	Can delete model	12	delete_model
48	Can view model	12	view_model
49	Can add order	13	add_order
50	Can change order	13	change_order
51	Can delete order	13	delete_order
52	Can view order	13	view_order
53	Can add pairingcode	14	add_pairingcode
54	Can change pairingcode	14	change_pairingcode
55	Can delete pairingcode	14	delete_pairingcode
56	Can view pairingcode	14	view_pairingcode
57	Can add represent	15	add_represent
58	Can change represent	15	change_represent
59	Can delete represent	15	delete_represent
60	Can view represent	15	view_represent
61	Can add shippingfees	16	add_shippingfees
62	Can change shippingfees	16	change_shippingfees
63	Can delete shippingfees	16	delete_shippingfees
64	Can view shippingfees	16	view_shippingfees
65	Can add produit	17	add_produit
66	Can change produit	17	change_produit
67	Can delete produit	17	delete_produit
68	Can view produit	17	view_produit
69	Can add orderitem	18	add_orderitem
70	Can change orderitem	18	change_orderitem
71	Can delete orderitem	18	delete_orderitem
72	Can view orderitem	18	view_orderitem
73	Can add categories	19	add_categories
74	Can change categories	19	change_categories
75	Can delete categories	19	delete_categories
76	Can view categories	19	view_categories
77	Can add post	20	add_post
78	Can change post	20	change_post
79	Can delete post	20	delete_post
80	Can view post	20	view_post
\.


--
-- Data for Name: auth_user; Type: TABLE DATA; Schema: public; Owner: myprojectuser
--

COPY public.auth_user (id, password, last_login, is_superuser, username, first_name, last_name, email, is_staff, is_active, date_joined) FROM stdin;
2	pbkdf2_sha256$260000$sGSqZXDs3e2hctbnJavfxQ$5PsRg4kvreNQYWq9e3Wn/4auy9t0KjcfFIzbDzlHSjE=	\N	f	abderrahim				f	t	2023-05-19 14:03:37+00
9	pbkdf2_sha256$260000$VBftQhVqzJkDReRF6gWVSP$MY1rWfYpv9QjxEMcX7gmajDxHqSpDVUDL7yl0vcIPOk=	2023-07-02 12:36:44.883748+00	f	soukaina				f	t	2023-07-02 12:24:13+00
3	pbkdf2_sha256$260000$jjegaytLe8Af4mIuMQyJ8G$QmVSh2OQrb18pizhp6vHdRwIYWhTJkYn0d1m60ouOTU=	2023-07-21 19:58:44.483284+00	f	youness				f	t	2023-05-19 14:04:11+00
8	pbkdf2_sha256$260000$opaq3St0qmGF6nhxpUiQlD$1+dBXCwea/NM+xL4NFXgJTwq9BL4MHlW32jCxYhaJPM=	2023-07-25 14:07:22.830218+00	f	elbachir				f	t	2023-05-22 23:01:52+00
4	pbkdf2_sha256$260000$6NtBY8enNbzQjNytoUVWpt$L/xYS8fcN59H7DN/pP7MIxaQ3iOdNS33MP4M0dIV+LI=	2023-07-25 17:34:42.200657+00	f	bouabid				f	t	2023-05-19 14:04:36+00
7	pbkdf2_sha256$260000$sxhCEXvhOiEvl9QdOYNn1b$ywyurLmK1dqeV1KWn2vLVV2QNEheorQ7VCDKLHnPcCw=	2023-07-25 21:45:43.651273+00	f	commandes				f	t	2023-05-20 13:29:28+00
5	pbkdf2_sha256$260000$Cbn437xw678fh83fvAuCv0$CxPvPm9OopedWuGV58wPel4jVCyeTWKFpxVl0uzslY0=	2023-07-31 11:23:20.961126+00	f	said				f	t	2023-05-19 14:05:05+00
1	pbkdf2_sha256$260000$T9Q8kXjdsMNoxd86WUOBOV$8zWxf6bpWQhO78FkA2h7/NgHztasZzLlQQg1a7REdXA=	2023-08-06 23:49:37.678237+00	t	yurey				t	t	2023-05-19 09:59:20+00
6	pbkdf2_sha256$260000$F2IgtTpv4TtarCNDSukO03$qhQm5e945Fb6bWzQyTn7CemTroKf545KcT0RUlp5iVM=	2023-08-08 17:17:14.223147+00	f	abdelwahed				f	t	2023-05-19 14:05:36+00
\.


--
-- Data for Name: auth_user_groups; Type: TABLE DATA; Schema: public; Owner: myprojectuser
--

COPY public.auth_user_groups (id, user_id, group_id) FROM stdin;
2	1	2
3	2	2
4	3	2
5	4	2
6	5	2
7	6	2
8	1	1
9	7	3
10	8	1
11	9	2
\.


--
-- Data for Name: auth_user_user_permissions; Type: TABLE DATA; Schema: public; Owner: myprojectuser
--

COPY public.auth_user_user_permissions (id, user_id, permission_id) FROM stdin;
\.


--
-- Data for Name: blog_categories; Type: TABLE DATA; Schema: public; Owner: myprojectuser
--

COPY public.blog_categories (id) FROM stdin;
\.


--
-- Data for Name: blog_post; Type: TABLE DATA; Schema: public; Owner: myprojectuser
--

COPY public.blog_post (id) FROM stdin;
\.


--
-- Data for Name: django_admin_log; Type: TABLE DATA; Schema: public; Owner: myprojectuser
--

COPY public.django_admin_log (id, action_time, object_id, object_repr, action_flag, change_message, content_type_id, user_id) FROM stdin;
1	2023-05-19 10:14:33.750975+00	1	admin	1	[{"added": {}}]	3	1
2	2023-05-19 10:14:41.264859+00	2	salsemen	1	[{"added": {}}]	3	1
3	2023-05-19 10:14:47.560665+00	3	accounting	1	[{"added": {}}]	3	1
4	2023-05-19 10:14:54.001047+00	4	clients	1	[{"added": {}}]	3	1
5	2023-05-19 10:15:15.224105+00	1	yurey	2	[{"changed": {"fields": ["Groups"]}}]	4	1
6	2023-05-19 10:28:08.537943+00	1	Fare	1	[{"added": {}}]	11	1
7	2023-05-19 10:38:16.657916+00	2	BENDIX	1	[{"added": {}}]	11	1
8	2023-05-19 10:43:00.730334+00	3	BRAXIS	1	[{"added": {}}]	11	1
9	2023-05-19 10:43:22.381743+00	4	BESEKA	1	[{"added": {}}]	11	1
10	2023-05-19 10:44:46.9772+00	3	BESEKA	2	[{"changed": {"fields": ["Name"]}}]	11	1
11	2023-05-19 10:45:44.915984+00	4	BRAXIS	2	[{"changed": {"fields": ["Name"]}}]	11	1
12	2023-05-19 10:45:45.004994+00	4	BRAXIS	2	[]	11	1
13	2023-05-19 11:28:15.434284+00	3	BESEKA	2	[{"changed": {"fields": ["Image"]}}]	11	1
14	2023-05-19 11:28:25.809426+00	4	BRAXIS	2	[{"changed": {"fields": ["Image"]}}]	11	1
15	2023-05-19 11:28:38.739453+00	2	BENDIX	2	[{"changed": {"fields": ["Image"]}}]	11	1
16	2023-05-19 11:28:50.593479+00	1	FARE	2	[{"changed": {"fields": ["Name"]}}]	11	1
17	2023-05-19 11:29:48.003293+00	5	AUTRE	1	[{"added": {}}]	11	1
18	2023-05-19 13:54:12.526606+00	1	cat	1	[{"added": {}}]	8	1
19	2023-05-19 13:57:47.822761+00	1	yurey	2	[]	4	1
20	2023-05-19 14:01:40.736936+00	1	yurey	2	[{"changed": {"fields": ["Groups"]}}]	4	1
21	2023-05-19 14:03:37.97101+00	2	abderrahim	1	[{"added": {}}]	4	1
22	2023-05-19 14:03:48.241371+00	2	abderrahim	2	[{"changed": {"fields": ["Groups"]}}]	4	1
23	2023-05-19 14:04:11.656174+00	3	youness	1	[{"added": {}}]	4	1
24	2023-05-19 14:04:20.151334+00	3	youness	2	[{"changed": {"fields": ["Groups"]}}]	4	1
25	2023-05-19 14:04:36.327483+00	4	bouabid	1	[{"added": {}}]	4	1
26	2023-05-19 14:04:48.775531+00	4	bouabid	2	[{"changed": {"fields": ["Groups"]}}]	4	1
27	2023-05-19 14:05:05.548051+00	5	said	1	[{"added": {}}]	4	1
28	2023-05-19 14:05:20.428773+00	5	said	2	[{"changed": {"fields": ["Groups"]}}]	4	1
29	2023-05-19 14:05:37.144843+00	6	abdelwahed	1	[{"added": {}}]	4	1
30	2023-05-19 14:05:45.241789+00	6	abdelwahed	2	[{"changed": {"fields": ["Groups"]}}]	4	1
31	2023-05-19 14:58:57.444429+00	1	yurey	2	[{"changed": {"fields": ["Groups"]}}]	4	1
32	2023-05-19 18:24:35.848768+00	6	ETS	1	[{"added": {}}]	11	1
33	2023-05-20 10:51:42.704064+00	1012	e04.lb.210	2	[{"changed": {"fields": ["Image"]}}]	17	1
34	2023-05-20 12:34:54.393516+00	7	IVECO	1	[{"added": {}}]	11	1
35	2023-05-20 13:29:29.092573+00	7	commandes	1	[{"added": {}}]	4	1
36	2023-05-20 13:30:06.007303+00	7	commandes	2	[{"changed": {"fields": ["Groups"]}}]	4	1
37	2023-05-20 13:33:35.108842+00	2	2 Nour Pa-ait melloul	3		13	1
38	2023-05-20 13:33:35.112253+00	1	1 Nour Pa-ait melloul	3		13	1
39	2023-05-21 17:23:09.729818+00	8	SNR	1	[{"added": {}}]	11	1
40	2023-05-21 18:42:42.633167+00	2	Roulement	1	[{"added": {}}]	8	1
41	2023-05-22 08:20:21.153711+00	8	SNR	3		11	1
42	2023-05-22 08:21:55.617785+00	9	SNR	1	[{"added": {}}]	11	1
43	2023-05-22 21:30:52.421087+00	3	Courroie	1	[{"added": {}}]	8	1
44	2023-05-22 21:35:02.610283+00	10	gates	1	[{"added": {}}]	11	1
45	2023-05-22 23:01:52.911542+00	8	elbachir	1	[{"added": {}}]	4	1
46	2023-05-22 23:02:03.632311+00	8	elbachir	2	[{"changed": {"fields": ["Groups"]}}]	4	1
47	2023-05-23 14:14:41.101021+00	6	6 Nour Pa-ait melloul	3		13	1
48	2023-05-23 14:14:41.104876+00	5	5 Nour Pa-ait melloul	3		13	1
49	2023-05-23 14:14:41.107275+00	4	4 Nour Pa-ait melloul	3		13	1
50	2023-05-23 14:14:41.109362+00	3	3 Nour Pa-ait melloul	3		13	1
51	2023-05-23 16:29:37.915295+00	7	7 Nour Pa-ait melloul	3		13	1
52	2023-05-24 18:10:36.304149+00	1	Nour Pa-ait melloul	3		9	1
53	2023-05-29 00:11:14.636228+00	11	JENP	1	[{"added": {}}]	11	1
54	2023-06-03 22:08:05.111748+00	4	Arret d huile	1	[{"added": {}}]	8	1
55	2023-06-03 22:11:23.106581+00	2807	ah/55.82.10	3		17	1
56	2023-06-03 22:11:23.110498+00	2806	ah/50.85.8	3		17	1
57	2023-06-03 22:11:23.112778+00	2805	ah.12383	3		17	1
58	2023-06-03 22:11:23.115071+00	2804	ah.12377	3		17	1
59	2023-06-03 22:11:23.117144+00	2803	ah.13088	3		17	1
60	2023-06-03 22:11:23.118966+00	2802	ah.17.28.28.5	3		17	1
61	2023-06-03 22:11:23.12082+00	2801	ah/56.68.79.9	3		17	1
62	2023-06-03 22:11:23.122605+00	2800	ah.80.110.10	3		17	1
63	2023-06-03 22:11:23.124379+00	2799	ah/60.80.10t	3		17	1
64	2023-06-03 22:11:23.125971+00	2798	ah/17.28.7	3		17	1
65	2023-06-03 22:11:23.127559+00	2797	ah/39.23.49.3	3		17	1
66	2023-06-03 22:11:23.129507+00	2796	ah/31.75.50.8	3		17	1
67	2023-06-03 22:11:23.131263+00	2795	ah/57.86.1.12	3		17	1
68	2023-06-03 22:11:23.133039+00	2794	ah/36.54.11/1	3		17	1
69	2023-06-03 22:11:23.134743+00	2793	ah/30.52.7h	3		17	1
70	2023-06-03 22:11:23.136642+00	2792	ah/28.42.7	3		17	1
71	2023-06-03 22:11:23.138414+00	2791	ah/22.40.6/7	3		17	1
72	2023-06-03 22:11:23.140035+00	2790	ah/14.22.7	3		17	1
73	2023-06-03 22:11:23.141655+00	2789	ah/14.22.4	3		17	1
74	2023-06-03 22:11:23.143287+00	2788	ah/110.135.13	3		17	1
75	2023-06-03 22:11:23.144799+00	2787	ah/17.30.7d	3		17	1
76	2023-06-03 22:11:23.146549+00	2786	ah/144.135.13	3		17	1
77	2023-06-03 22:11:23.148211+00	2785	ah/22.8.40.6/	3		17	1
78	2023-06-03 22:11:23.149779+00	2784	ah/70.80.8l	3		17	1
79	2023-06-03 22:11:23.151359+00	2783	ah/32.42.10/1	3		17	1
80	2023-06-03 22:11:23.153115+00	2782	ah/35.48.7	3		17	1
81	2023-06-03 22:11:23.154612+00	2781	ah/42.55.7	3		17	1
82	2023-06-03 22:11:23.156199+00	2780	ah/28.38.10/1	3		17	1
83	2023-06-03 22:11:23.157797+00	2779	ah/35.50.7	3		17	1
84	2023-06-03 22:11:23.159345+00	2778	ah/52.75.12	3		17	1
85	2023-06-03 22:11:23.160929+00	2777	ah/35.50.10	3		17	1
86	2023-06-03 22:11:23.162419+00	2776	ah/35.50.8	3		17	1
87	2023-06-03 22:11:23.164345+00	2775	ah/95.112.12	3		17	1
88	2023-06-03 22:11:23.165812+00	2774	ah/48.9x63x10	3		17	1
89	2023-06-03 22:11:23.16733+00	2773	ah/30.41.7x11	3		17	1
90	2023-06-03 22:11:23.168927+00	2772	ah/42.62.8	3		17	1
91	2023-06-03 22:11:23.17077+00	2771	ah.30.47.7	3		17	1
92	2023-06-03 22:11:23.172393+00	2770	ah/29.85.47.1	3		17	1
93	2023-06-03 22:11:23.17391+00	2769	ah/40.58.11.3	3		17	1
94	2023-06-03 22:11:23.175447+00	2768	ah/20.30.7t	3		17	1
95	2023-06-03 22:11:23.177122+00	2767	ah/90.110.7	3		17	1
96	2023-06-03 22:11:23.178778+00	2766	ah/90.110.11s	3		17	1
97	2023-06-03 22:11:23.180597+00	2765	ah/90.110.13t	3		17	1
98	2023-06-03 22:11:23.182837+00	2764	ah.48.62.9	3		17	1
99	2023-06-03 22:11:23.184569+00	2763	ah/48.62.9/24	3		17	1
100	2023-06-03 22:11:23.188301+00	2762	ah/55.70.8	3		17	1
101	2023-06-03 22:11:23.19034+00	2761	ah/38.74.11	3		17	1
102	2023-06-03 22:11:23.192051+00	2760	ah/38.65.12/1	3		17	1
103	2023-06-03 22:11:23.193645+00	2759	ah/35.49.6	3		17	1
104	2023-06-03 22:11:23.195688+00	2758	ah/33.44.7	3		17	1
105	2023-06-03 22:11:23.19768+00	2757	ah/32.46.6	3		17	1
106	2023-06-03 22:11:23.199601+00	2756	ah/50.70.13.5	3		17	1
107	2023-06-03 22:11:23.202414+00	2755	ah/45.62.10	3		17	1
108	2023-06-03 22:11:23.204861+00	2754	ah/45.60.10	3		17	1
109	2023-06-03 22:11:23.207114+00	2753	ah/40.65.10	3		17	1
110	2023-06-03 22:11:23.210148+00	2752	ah/40.62.10s	3		17	1
111	2023-06-03 22:11:23.213032+00	2751	ah/40.58.10h	3		17	1
112	2023-06-03 22:11:23.215182+00	2750	ah/32.50.8	3		17	1
113	2023-06-03 22:11:23.217432+00	2749	ah/29.46.10	3		17	1
114	2023-06-03 22:11:23.219546+00	2748	ah/24.36.7t	3		17	1
115	2023-06-03 22:11:23.224988+00	2747	ah/23.36.6/7v	3		17	1
116	2023-06-03 22:11:23.227298+00	2746	ah/19.28.6	3		17	1
117	2023-06-03 22:11:23.22937+00	2745	ah/40.58.8	3		17	1
118	2023-06-03 22:11:23.23153+00	2744	ah/42.60.7n	3		17	1
119	2023-06-03 22:11:23.233593+00	2743	ah/90.110.15	3		17	1
120	2023-06-03 22:11:23.235639+00	2742	ah.42.65.8	3		17	1
121	2023-06-03 22:11:23.237651+00	2741	ah.70.90.10	3		17	1
122	2023-06-03 22:11:23.240165+00	2740	ah.80.100.8	3		17	1
123	2023-06-03 22:11:23.242079+00	2739	ah/125.160.13	3		17	1
124	2023-06-03 22:11:23.243981+00	2738	ah/90.110.10	3		17	1
125	2023-06-03 22:11:23.245899+00	2737	ah.90.110.13	3		17	1
126	2023-06-03 22:11:23.247826+00	2736	ah/85.105.8	3		17	1
127	2023-06-03 22:11:23.250451+00	2735	ah/85.105.9	3		17	1
128	2023-06-03 22:11:23.252442+00	2734	ah/85.105.13	3		17	1
129	2023-06-03 22:11:23.254428+00	2733	ah/80.100.9	3		17	1
130	2023-06-03 22:11:23.256389+00	2732	ah/80.100.13t	3		17	1
131	2023-06-03 22:11:23.258189+00	2731	ah/65.85.10	3		17	1
132	2023-06-03 22:11:23.260062+00	2730	ah.93.108.8	3		17	1
133	2023-06-03 22:11:23.261838+00	2729	ah.95.115.13	3		17	1
134	2023-06-03 22:11:23.264333+00	2728	ah/48.65.10	3		17	1
135	2023-06-03 22:11:23.266174+00	2727	ah/50.65.10	3		17	1
136	2023-06-03 22:11:23.268283+00	2726	ah/32.47.10	3		17	1
137	2023-06-03 22:11:23.270099+00	2725	ah/32.47.8	3		17	1
138	2023-06-03 22:11:23.27181+00	2724	ah/8.14.4t	3		17	1
139	2023-06-03 22:11:23.273518+00	2723	ah/8.14.8	3		17	1
140	2023-06-03 22:11:23.275119+00	2722	ah/40.52/58.7	3		17	1
141	2023-06-03 22:11:23.276971+00	2721	ah/40.25.6.1	3		17	1
142	2023-06-03 22:11:23.279069+00	2720	ah/21.9.40.8	3		17	1
143	2023-06-03 22:11:23.28078+00	2719	ah/85.105.6.8	3		17	1
144	2023-06-03 22:11:23.282731+00	2718	ah/35.48.10	3		17	1
145	2023-06-03 22:11:23.284989+00	2717	ah/30.42.8a	3		17	1
146	2023-06-03 22:11:23.286921+00	2716	ah/28.38.7	3		17	1
147	2023-06-03 22:11:23.288667+00	2715	ah/38.47.10	3		17	1
148	2023-06-03 22:11:23.290337+00	2714	ah/57.73.7	3		17	1
149	2023-06-03 22:11:23.292304+00	2713	ah/45.68.8.5	3		17	1
150	2023-06-03 22:11:23.294061+00	2712	ah/42.72.5.12	3		17	1
151	2023-06-03 22:11:23.295898+00	2711	ah/28.40.7	3		17	1
152	2023-06-03 22:11:23.297783+00	2710	ah/60.75.8	3		17	1
153	2023-06-03 22:11:23.299904+00	2709	ah/48.90.10	3		17	1
154	2023-06-03 22:11:23.301888+00	2708	ah/48.85.10	3		17	1
155	2023-06-03 22:12:25.970365+00	2707	ah/48.82.12	3		17	1
156	2023-06-03 22:12:25.97462+00	2706	ah/48.80.14	3		17	1
157	2023-06-03 22:12:25.977207+00	2705	ah/44.63.12	3		17	1
158	2023-06-03 22:12:25.979294+00	2704	ah/42.56.72.1	3		17	1
159	2023-06-03 22:12:25.98143+00	2702	ah/38.80.10	3		17	1
160	2023-06-03 22:12:25.983123+00	2701	ah.27.8x41.4x	3		17	1
161	2023-06-03 22:12:25.985242+00	2700	ah/50.82.10	3		17	1
162	2023-06-03 22:12:25.987275+00	2699	ah/114.135.13	3		17	1
163	2023-06-03 22:12:25.989916+00	2698	ah.85.110.10	3		17	1
164	2023-06-03 22:12:25.991622+00	2697	ah/95.132.12	3		17	1
165	2023-06-03 22:12:25.993214+00	2696	ah/15.32.75/8	3		17	1
166	2023-06-03 22:12:25.994684+00	2695	ah/105.135.12	3		17	1
167	2023-06-03 22:12:25.996316+00	2694	ah/12.25.5	3		17	1
168	2023-06-03 22:12:25.997944+00	2693	ah/30.55.7	3		17	1
169	2023-06-03 22:12:25.999481+00	2692	ah/56.122.8/1	3		17	1
170	2023-06-03 22:12:26.001108+00	2691	ah/50.100.10	3		17	1
171	2023-06-03 22:12:26.002849+00	2690	ah/49.100.8	3		17	1
172	2023-06-03 22:12:26.00454+00	2689	ah/48.62.7/9	3		17	1
173	2023-06-03 22:12:26.006278+00	2688	ah/38.63.10/1	3		17	1
174	2023-06-03 22:12:26.008092+00	2687	ah/34.93.53.9	3		17	1
175	2023-06-03 22:12:26.00968+00	2686	ah/20.47.7	3		17	1
176	2023-06-03 22:12:26.011194+00	2685	ah.15.32.8	3		17	1
177	2023-06-03 22:12:26.012749+00	2684	ah/105.120.11	3		17	1
178	2023-06-03 22:12:26.014584+00	2683	ah/33.55.10	3		17	1
179	2023-06-03 22:12:33.016173+00	2703	ah/40.80.10	3		17	1
180	2023-06-05 15:42:10.775375+00	9	9 TEST-AIT MELLOUL	3		13	1
181	2023-06-07 20:46:04.634532+00	12	SAHARA OIL	1	[{"added": {}}]	11	1
182	2023-06-08 12:43:02.374269+00	12	SAHARA OIL	2	[{"changed": {"fields": ["Image"]}}]	11	1
183	2023-06-08 12:44:56.907969+00	5	Huile	1	[{"added": {}}]	8	1
184	2023-06-08 12:56:36.289695+00	2964	hy68-25l	2	[{"changed": {"fields": ["Name", "Ref", "Image"]}}]	17	1
185	2023-06-08 13:39:30.935733+00	2964	hy68-25l	2	[{"changed": {"fields": ["Checkprice"]}}]	17	1
186	2023-06-08 13:40:37.672893+00	2963	5w40-5l	2	[{"changed": {"fields": ["Name", "Checkprice"]}}]	17	1
187	2023-06-08 13:40:59.798922+00	2962	5w30-5l	2	[{"changed": {"fields": ["Name", "Checkprice"]}}]	17	1
188	2023-06-08 13:41:14.518606+00	2961	15w40-5l	2	[{"changed": {"fields": ["Name", "Checkprice"]}}]	17	1
189	2023-06-08 13:41:35.124547+00	2960	10w40-5l	2	[{"changed": {"fields": ["Name", "Checkprice"]}}]	17	1
190	2023-06-08 15:01:15.694619+00	2960	10w40-5l	2	[{"changed": {"fields": ["Checkprice"]}}]	17	1
191	2023-06-08 15:01:23.195277+00	2964	hy68-25l	2	[{"changed": {"fields": ["Checkprice"]}}]	17	1
192	2023-06-11 14:58:18.168092+00	6	Refregirant	1	[{"added": {}}]	8	1
193	2023-06-11 18:43:15.300531+00	6	Refregirant	2	[{"changed": {"fields": ["Image"]}}]	8	1
194	2023-06-13 14:58:20.470455+00	13	SMF FILTERS	1	[{"added": {}}]	11	1
195	2023-06-13 14:59:41.68738+00	7	IVECO	3		11	1
196	2023-06-13 22:45:19.32621+00	6	abdelwahed	2	[{"changed": {"fields": ["Superuser status"]}}]	4	1
197	2023-06-13 22:50:45.373201+00	6	abdelwahed	2	[{"changed": {"fields": ["Staff status"]}}]	4	1
198	2023-06-15 11:21:16.021963+00	7	Filters	1	[{"added": {}}]	8	1
199	2023-06-21 18:24:23.027401+00	6	abdelwahed	2	[{"changed": {"fields": ["Staff status", "Superuser status"]}}]	4	6
200	2023-07-02 12:24:13.817253+00	9	soukaina	1	[{"added": {}}]	4	1
201	2023-07-02 12:24:24.558332+00	9	soukaina	2	[{"changed": {"fields": ["Groups"]}}]	4	1
202	2023-07-08 14:26:41.442116+00	14	RUBENA	1	[{"added": {}}]	11	1
203	2023-07-08 14:27:34.410907+00	14	RUBENA	2	[{"changed": {"fields": ["Image"]}}]	11	1
204	2023-07-09 20:07:00.225354+00	3221	adb1000	1	[{"added": {}}]	17	1
205	2023-07-09 20:08:00.396277+00	3222	adb10	1	[{"added": {}}]	17	1
206	2023-07-09 23:44:26.011694+00	15	MRS	1	[{"added": {}}]	11	1
207	2023-07-09 23:46:19.389348+00	8	CROISILLON	1	[{"added": {}}]	8	1
208	2023-07-10 00:50:19.426401+00	15	MRS	2	[{"changed": {"fields": ["Image"]}}]	11	1
209	2023-07-11 22:57:02.48125+00	16	GDDB	1	[{"added": {}}]	11	1
210	2023-07-11 23:03:37.750559+00	9	POMPE EAU	1	[{"added": {}}]	8	1
211	2023-07-11 23:03:58.899621+00	10	POMPE GASOIL	1	[{"added": {}}]	8	1
212	2023-07-11 23:09:06.038751+00	16	GDDB (Pompe Eau/Gas)	2	[{"changed": {"fields": ["Name"]}}]	11	1
213	2023-07-11 23:09:19.636347+00	15	MRS (Croisillon)	2	[{"changed": {"fields": ["Name"]}}]	11	1
214	2023-07-13 21:07:50.825768+00	17	THIS	1	[{"added": {}}]	11	1
215	2023-07-13 21:10:15.418936+00	17	MRS/Q@J/VCIXI	2	[{"changed": {"fields": ["Name"]}}]	11	1
216	2023-07-13 21:26:50.846963+00	17	MRS/Q@J/VCIXI	2	[{"changed": {"fields": ["Image"]}}]	11	1
217	2023-07-18 22:28:38.421518+00	15	MRS (Croisillon)	2	[{"changed": {"fields": ["Image"]}}]	11	1
218	2023-07-19 23:45:47.856858+00	4441	yet210	3		17	1
219	2023-07-19 23:45:47.864268+00	4440	yet209	3		17	1
220	2023-07-19 23:45:47.867799+00	4439	yet208	3		17	1
221	2023-07-19 23:45:47.872079+00	4438	yet207	3		17	1
222	2023-07-19 23:45:47.876803+00	4437	yet206	3		17	1
223	2023-07-19 23:45:47.880483+00	4436	yet205	3		17	1
224	2023-07-19 23:45:47.884606+00	4435	yet204	3		17	1
225	2023-07-19 23:45:47.889373+00	4434	yel210	3		17	1
226	2023-07-19 23:45:47.892483+00	4433	yel209	3		17	1
227	2023-07-19 23:45:47.895395+00	4432	yel208	3		17	1
228	2023-07-19 23:45:47.899196+00	4431	yel207	3		17	1
229	2023-07-19 23:45:47.902302+00	4430	yel206	3		17	1
230	2023-07-19 23:45:47.905157+00	4429	yel205	3		17	1
231	2023-07-19 23:45:47.908119+00	4428	yel204	3		17	1
232	2023-07-19 23:45:47.910747+00	4427	ucf210	3		17	1
233	2023-07-19 23:45:47.914676+00	4426	ucf209	3		17	1
234	2023-07-19 23:45:47.91767+00	4425	ucf208	3		17	1
235	2023-07-19 23:45:47.920601+00	4424	ucf207	3		17	1
236	2023-07-19 23:45:47.923531+00	4423	ucf206	3		17	1
237	2023-07-19 23:45:47.926442+00	4422	ucf205	3		17	1
238	2023-07-19 23:45:47.93001+00	4421	ucf204	3		17	1
239	2023-07-19 23:45:47.934396+00	4420	uc308	3		17	1
240	2023-07-19 23:45:47.937603+00	4419	j24032	3		17	1
241	2023-07-19 23:45:47.941049+00	4418	h322	3		17	1
242	2023-07-19 23:45:47.944701+00	4417	h318	3		17	1
243	2023-07-19 23:45:47.949559+00	4416	h316	3		17	1
244	2023-07-19 23:45:47.953622+00	4415	h315	3		17	1
245	2023-07-19 23:45:47.957384+00	4414	h313	3		17	1
246	2023-07-19 23:45:47.961745+00	4413	h311	3		17	1
247	2023-07-19 23:45:47.965435+00	4412	h309	3		17	1
248	2023-07-19 23:45:47.969157+00	4411	bnf16	3		17	1
249	2023-07-19 23:45:47.973089+00	4410	bnf10	3		17	1
250	2023-07-19 23:45:47.976908+00	4409	88509	3		17	1
251	2023-07-19 23:45:47.980225+00	4408	819349/819310	3		17	1
252	2023-07-19 23:45:47.989793+00	4407	6408zz	3		17	1
253	2023-07-19 23:45:47.992877+00	4406	64082rs	3		17	1
254	2023-07-19 23:45:47.996899+00	4405	64072rs	3		17	1
255	2023-07-19 23:45:48.000399+00	4404	6212zz	3		17	1
256	2023-07-19 23:45:48.00347+00	4403	6211zz	3		17	1
257	2023-07-19 23:45:48.007197+00	4402	6210zz	3		17	1
258	2023-07-19 23:45:48.010231+00	4401	6209zz	3		17	1
259	2023-07-19 23:45:48.016497+00	4400	6208zz	3		17	1
260	2023-07-19 23:45:48.020144+00	4399	6207zz	3		17	1
261	2023-07-19 23:45:48.02397+00	4398	6206zz	3		17	1
262	2023-07-19 23:45:48.02878+00	4397	6205zz	3		17	1
263	2023-07-19 23:45:48.032834+00	4396	6204zz	3		17	1
264	2023-07-19 23:45:48.037793+00	4395	6203zz	3		17	1
265	2023-07-19 23:45:48.041294+00	4394	6202zz	3		17	1
266	2023-07-19 23:45:48.044711+00	4393	6201zz	3		17	1
267	2023-07-19 23:45:48.048079+00	4392	6200zz	3		17	1
268	2023-07-19 23:45:48.054355+00	4391	33213	3		17	1
269	2023-07-19 23:45:48.057647+00	4390	33212	3		17	1
270	2023-07-19 23:45:48.062593+00	4389	33208	3		17	1
271	2023-07-19 23:45:48.06658+00	4388	22326w33c3	3		17	1
272	2023-07-19 23:45:48.069684+00	4387	22322w33c3	3		17	1
273	2023-07-19 23:45:48.073808+00	4386	22320w33c3	3		17	1
274	2023-07-19 23:45:48.07733+00	4385	22315w33c3	3		17	1
275	2023-07-19 23:45:48.083405+00	4384	22310m	3		17	1
276	2023-07-19 23:45:48.086579+00	4383	22308m	3		17	1
277	2023-07-19 23:45:48.089883+00	4382	683/672	3		17	1
278	2023-07-19 23:45:48.092543+00	4381	663/653	3		17	1
279	2023-07-19 23:45:48.096157+00	4380	630/82rs	3		17	1
280	2023-07-19 23:45:48.099205+00	4379	4209 2rs	3		17	1
281	2023-07-19 23:45:48.102687+00	4378	129	3		17	1
282	2023-07-19 23:45:48.105349+00	4377	128	3		17	1
283	2023-07-19 23:45:48.110274+00	4376	127	3		17	1
284	2023-07-19 23:45:48.115273+00	4375	126	3		17	1
285	2023-07-19 23:45:48.118395+00	4374	108	3		17	1
286	2023-07-19 23:45:48.124049+00	4373	yet211	3		17	1
287	2023-07-19 23:45:48.126882+00	4372	ucp213	3		17	1
288	2023-07-19 23:45:48.129681+00	4371	ucp212	3		17	1
289	2023-07-19 23:45:48.132981+00	4370	ucp210	3		17	1
290	2023-07-19 23:45:48.135897+00	4369	ucp209	3		17	1
291	2023-07-19 23:45:48.142145+00	4368	ucp208	3		17	1
292	2023-07-19 23:45:48.145606+00	4367	ucp207	3		17	1
293	2023-07-19 23:45:48.148401+00	4366	ucp206	3		17	1
294	2023-07-19 23:45:48.151938+00	4365	ucp205	3		17	1
295	2023-07-19 23:45:48.154861+00	4364	ucp204	3		17	1
296	2023-07-19 23:45:48.157367+00	4363	ucp211	3		17	1
297	2023-07-19 23:45:48.159944+00	4362	ucfl205	3		17	1
298	2023-07-19 23:45:48.16263+00	4361	ucfl204	3		17	1
299	2023-07-19 23:45:48.165356+00	4360	u399/u360l	3		17	1
300	2023-07-19 23:45:48.1681+00	4359	sn517	3		17	1
301	2023-07-19 23:45:48.17106+00	4358	sn516	3		17	1
302	2023-07-19 23:45:48.174363+00	4357	sn515	3		17	1
303	2023-07-19 23:45:48.177506+00	4356	sn514	3		17	1
304	2023-07-19 23:45:48.180251+00	4355	sn513	3		17	1
305	2023-07-19 23:45:48.183487+00	4354	sn512	3		17	1
306	2023-07-19 23:45:48.186752+00	4353	sn511	3		17	1
307	2023-07-19 23:45:48.191564+00	4352	sn510	3		17	1
308	2023-07-19 23:45:48.19707+00	4351	sn509	3		17	1
309	2023-07-19 23:45:48.200304+00	4350	sn508	3		17	1
310	2023-07-19 23:45:48.204628+00	4349	sn507	3		17	1
311	2023-07-19 23:45:48.207274+00	4348	nup211nr	3		17	1
312	2023-07-19 23:45:48.20984+00	4347	nu2322m	3		17	1
313	2023-07-19 23:45:48.213221+00	4346	nu1024m	3		17	1
314	2023-07-19 23:45:48.217184+00	4345	nu316c3	3		17	1
315	2023-07-19 23:45:48.220036+00	4344	nu315c3	3		17	1
316	2023-07-19 23:45:48.222967+00	4343	nu314c3	3		17	1
317	2023-07-19 23:45:48.226655+00	4342	nu313c3	3		17	1
318	2023-07-19 23:46:01.718619+00	4341	nu312c3	3		17	1
319	2023-07-19 23:46:01.722456+00	4340	nu311c3	3		17	1
320	2023-07-19 23:46:01.725796+00	4339	nu310c3	3		17	1
321	2023-07-19 23:46:01.729677+00	4338	nu309c3	3		17	1
322	2023-07-19 23:46:01.7337+00	4337	nu308c3	3		17	1
323	2023-07-19 23:46:01.737731+00	4336	nu216c3	3		17	1
324	2023-07-19 23:46:01.741693+00	4335	nu215c3	3		17	1
325	2023-07-19 23:46:01.746469+00	4334	nu214c3	3		17	1
326	2023-07-19 23:46:01.750313+00	4333	nu213c3	3		17	1
327	2023-07-19 23:46:01.753754+00	4332	nu212c3	3		17	1
328	2023-07-19 23:46:01.758888+00	4331	nu211c3	3		17	1
329	2023-07-19 23:46:01.762209+00	4330	nu210c3	3		17	1
330	2023-07-19 23:46:01.765326+00	4329	nu209c3	3		17	1
331	2023-07-19 23:46:01.769669+00	4328	nu208c3	3		17	1
332	2023-07-19 23:46:01.773284+00	4327	m86649/m86610	3		17	1
333	2023-07-19 23:46:01.776396+00	4326	m84548/m84510	3		17	1
334	2023-07-19 23:46:01.779368+00	4325	m12649/m12610	3		17	1
335	2023-07-19 23:46:01.783275+00	4324	lm67048/lm67010	3		17	1
336	2023-07-19 23:46:01.787096+00	4323	lm503349/lm503310	3		17	1
337	2023-07-19 23:46:01.791981+00	4322	lm501349/lm501310	3		17	1
338	2023-07-19 23:46:01.795113+00	4321	lm48548/lm48510	3		17	1
339	2023-07-19 23:46:01.798187+00	4320	lm300849/lm300811	3		17	1
340	2023-07-19 23:46:01.804773+00	4319	lm12749/lm12710	3		17	1
341	2023-07-19 23:46:01.811664+00	4318	lm11949/lm11910	3		17	1
342	2023-07-19 23:46:01.815256+00	4317	lm11749/lm11710	3		17	1
343	2023-07-19 23:46:01.819714+00	4316	l45449/l45410	3		17	1
344	2023-07-19 23:46:01.825006+00	4315	l44649/l44610	3		17	1
345	2023-07-19 23:46:01.828347+00	4314	jp12049/10	3		17	1
346	2023-07-19 23:46:01.831645+00	4313	jp10049/10010	3		17	1
347	2023-07-19 23:46:01.83498+00	4312	jm515649/610q	3		17	1
348	2023-07-19 23:46:01.83877+00	4311	jlm104945/104910z	3		17	1
349	2023-07-19 23:46:01.841476+00	4310	ir8101	3		17	1
350	2023-07-19 23:46:01.844701+00	4309	ir8095	3		17	1
351	2023-07-19 23:46:01.84812+00	4308	ir8086	3		17	1
352	2023-07-19 23:46:01.851404+00	4307	ir8085	3		17	1
353	2023-07-19 23:46:01.854802+00	4306	ir8066	3		17	1
354	2023-07-19 23:46:01.857851+00	4305	ir8065	3		17	1
355	2023-07-19 23:46:01.861632+00	4304	ir8055	3		17	1
356	2023-07-19 23:46:01.865017+00	4303	ir8048	3		17	1
357	2023-07-19 23:46:01.867924+00	4302	ir8042	3		17	1
358	2023-07-19 23:46:01.871674+00	4301	ir8041	3		17	1
359	2023-07-19 23:46:01.875317+00	4300	ir8040	3		17	1
360	2023-07-19 23:46:01.87917+00	4299	ir8026	3		17	1
361	2023-07-19 23:46:01.882361+00	4298	ir8014	3		17	1
362	2023-07-19 23:46:01.885551+00	4297	ir8006	3		17	1
363	2023-07-19 23:46:01.888853+00	4296	ir2222	3		17	1
364	2023-07-19 23:46:01.892148+00	4295	ir2221	3		17	1
365	2023-07-19 23:46:01.895962+00	4294	ir2220	3		17	1
366	2023-07-19 23:46:01.899132+00	4293	639297	3		17	1
367	2023-07-19 23:46:01.902045+00	4292	hm89449/10	3		17	1
368	2023-07-19 23:46:01.905732+00	4291	hm89440/hm89410	3		17	1
369	2023-07-19 23:46:01.90853+00	4290	hm88649/hm88610	3		17	1
370	2023-07-19 23:46:01.91169+00	4289	hk3038	3		17	1
371	2023-07-19 23:46:01.914957+00	4288	hk3026	3		17	1
372	2023-07-19 23:46:01.918211+00	4287	hk1612	3		17	1
373	2023-07-19 23:46:01.921915+00	4286	hk5025	3		17	1
374	2023-07-19 23:46:01.925776+00	4285	hk4520	3		17	1
375	2023-07-19 23:46:01.92911+00	4284	hk4020	3		17	1
376	2023-07-19 23:46:01.931976+00	4283	hk3520	3		17	1
377	2023-07-19 23:46:01.935012+00	4282	hk3516	3		17	1
378	2023-07-19 23:46:01.938117+00	4281	hk3020	3		17	1
379	2023-07-19 23:46:01.941154+00	4280	hk2820	3		17	1
380	2023-07-19 23:46:01.943815+00	4279	hk2538	3		17	1
381	2023-07-19 23:46:01.946436+00	4278	hk2526	3		17	1
382	2023-07-19 23:46:01.94981+00	4277	hk2520	3		17	1
383	2023-07-19 23:46:01.953817+00	4276	hk2518	3		17	1
384	2023-07-19 23:46:01.957685+00	4275	hk2512	3		17	1
385	2023-07-19 23:46:01.96168+00	4274	hk2220	3		17	1
386	2023-07-19 23:46:01.965327+00	4273	hk2012	3		17	1
387	2023-07-19 23:46:01.968389+00	4272	hk2010	3		17	1
388	2023-07-19 23:46:01.971296+00	4271	hk1812	3		17	1
389	2023-07-19 23:46:01.974113+00	4270	hk1514	3		17	1
390	2023-07-19 23:46:01.976864+00	4269	hk1412	3		17	1
391	2023-07-19 23:46:01.980168+00	4268	hk1312	3		17	1
392	2023-07-19 23:46:01.983017+00	4267	h216	3		17	1
393	2023-07-19 23:46:01.98682+00	4266	h215	3		17	1
394	2023-07-19 23:46:01.990354+00	4265	h214	3		17	1
395	2023-07-19 23:46:01.993358+00	4264	h213	3		17	1
396	2023-07-19 23:46:01.996504+00	4263	h212	3		17	1
397	2023-07-19 23:46:01.999597+00	4262	h211	3		17	1
398	2023-07-19 23:46:02.003327+00	4261	h210	3		17	1
399	2023-07-19 23:46:02.007456+00	4260	h209	3		17	1
400	2023-07-19 23:46:02.010417+00	4259	ge80gs	3		17	1
401	2023-07-19 23:46:02.013507+00	4258	ge70es2rs	3		17	1
402	2023-07-19 23:46:02.016358+00	4257	ge60es2rs	3		17	1
403	2023-07-19 23:46:02.019074+00	4256	ge50es2rs	3		17	1
404	2023-07-19 23:46:02.02217+00	4255	ge45gs	3		17	1
405	2023-07-19 23:46:02.025067+00	4254	ge40sx	3		17	1
406	2023-07-19 23:46:02.027949+00	4253	ge40es2rs	3		17	1
407	2023-07-19 23:46:02.030873+00	4252	ge35es2rs	3		17	1
408	2023-07-19 23:46:02.033708+00	4251	ge30sx	3		17	1
409	2023-07-19 23:46:02.036978+00	4250	ge30es2rs	3		17	1
410	2023-07-19 23:46:02.040554+00	4249	ge28s	3		17	1
411	2023-07-19 23:46:02.043726+00	4248	ge25sx	3		17	1
412	2023-07-19 23:46:02.046979+00	4247	ge25es2rs	3		17	1
413	2023-07-19 23:46:02.050948+00	4246	ge20es2rs	3		17	1
414	2023-07-19 23:46:02.053976+00	4245	ge16	3		17	1
415	2023-07-19 23:46:02.057117+00	4244	ge120ers	3		17	1
416	2023-07-19 23:46:02.060333+00	4243	aoh3180	3		17	1
417	2023-07-19 23:46:02.064076+00	4242	99600/99100	3		17	1
418	2023-07-19 23:46:40.2243+00	4241	903249/10	3		17	1
419	2023-07-19 23:46:40.229589+00	4240	63152rs	3		17	1
420	2023-07-19 23:46:40.233203+00	4239	63142rs	3		17	1
421	2023-07-19 23:46:40.236417+00	4238	63132rs	3		17	1
422	2023-07-19 23:46:40.241353+00	4237	63122rs	3		17	1
423	2023-07-19 23:46:40.24575+00	4236	63112rs	3		17	1
424	2023-07-19 23:46:40.249131+00	4235	6310zzc3	3		17	1
425	2023-07-19 23:46:40.253489+00	4234	63102rs	3		17	1
426	2023-07-19 23:46:40.256236+00	4233	6310	3		17	1
427	2023-07-19 23:46:40.26201+00	4232	6309zzc3	3		17	1
428	2023-07-19 23:46:40.264727+00	4231	63092rs	3		17	1
429	2023-07-19 23:46:40.269085+00	4230	6309	3		17	1
430	2023-07-19 23:46:40.271645+00	4229	6308zzc3	3		17	1
431	2023-07-19 23:46:40.274679+00	4228	63082rs	3		17	1
432	2023-07-19 23:46:40.278179+00	4227	6308	3		17	1
433	2023-07-19 23:46:40.284532+00	4226	6307zzc3	3		17	1
434	2023-07-19 23:46:40.288049+00	4225	63072rs	3		17	1
435	2023-07-19 23:46:40.291348+00	4224	6307	3		17	1
436	2023-07-19 23:46:40.295201+00	4223	6306zzc3	3		17	1
437	2023-07-19 23:46:40.299398+00	4222	63062rs	3		17	1
438	2023-07-19 23:46:40.302266+00	4221	6306	3		17	1
439	2023-07-19 23:46:40.305223+00	4220	6305zz	3		17	1
440	2023-07-19 23:46:40.308434+00	4219	6305	3		17	1
441	2023-07-19 23:46:40.31442+00	4218	6304	3		17	1
442	2023-07-19 23:46:40.317715+00	4217	6303	3		17	1
443	2023-07-19 23:46:40.320782+00	4216	6302	3		17	1
444	2023-07-19 23:46:40.323824+00	4215	6301	3		17	1
445	2023-07-19 23:46:40.328621+00	4214	63006-2rs	3		17	1
446	2023-07-19 23:46:40.331328+00	4213	63002-2rs	3		17	1
447	2023-07-19 23:46:40.33511+00	4212	6300	3		17	1
448	2023-07-19 23:46:40.339551+00	4211	629	3		17	1
449	2023-07-19 23:46:40.342852+00	4210	627	3		17	1
450	2023-07-19 23:46:40.345995+00	4209	626	3		17	1
451	2023-07-19 23:46:40.351775+00	4208	623102rs	3		17	1
452	2023-07-19 23:46:40.354899+00	4207	623062rs	3		17	1
453	2023-07-19 23:46:40.360378+00	4206	623052rs	3		17	1
454	2023-07-19 23:46:40.363655+00	4205	62304-2rs	3		17	1
455	2023-07-19 23:46:40.36712+00	4204	62301-2rs	3		17	1
456	2023-07-19 23:46:40.37+00	4203	622062rs	3		17	1
457	2023-07-19 23:46:40.375937+00	4202	622052rs	3		17	1
458	2023-07-19 23:46:40.379799+00	4201	622042rs	3		17	1
459	2023-07-19 23:46:40.383229+00	4200	622032rs	3		17	1
460	2023-07-19 23:46:40.388585+00	4199	622022rs	3		17	1
461	2023-07-19 23:46:40.392889+00	4198	62201-2rs	3		17	1
462	2023-07-19 23:46:40.39571+00	4197	6220mc4	3		17	1
463	2023-07-19 23:46:40.39864+00	4196	62182rs	3		17	1
464	2023-07-19 23:46:40.401702+00	4195	62172rs	3		17	1
465	2023-07-19 23:46:40.404259+00	4194	6216zz	3		17	1
466	2023-07-19 23:46:40.407615+00	4193	62152rs	3		17	1
467	2023-07-19 23:46:40.411548+00	4192	6214zzc3	3		17	1
468	2023-07-19 23:46:40.414462+00	4191	62142rs	3		17	1
469	2023-07-19 23:46:40.419542+00	4190	6213zzc3	3		17	1
470	2023-07-19 23:46:40.423351+00	4189	62132rs	3		17	1
471	2023-07-19 23:46:40.428383+00	4188	6212	3		17	1
472	2023-07-19 23:46:40.431208+00	4187	6211	3		17	1
473	2023-07-19 23:46:40.435289+00	4186	6210	3		17	1
474	2023-07-19 23:46:40.438208+00	4185	6209-40-2rs	3		17	1
475	2023-07-19 23:46:40.441502+00	4184	6209	3		17	1
476	2023-07-19 23:46:40.445464+00	4183	6208	3		17	1
477	2023-07-19 23:46:40.451723+00	4182	6207	3		17	1
478	2023-07-19 23:46:40.454769+00	4181	6206	3		17	1
479	2023-07-19 23:46:40.457715+00	4180	6205	3		17	1
480	2023-07-19 23:46:40.46281+00	4179	6204	3		17	1
481	2023-07-19 23:46:40.465873+00	4178	6203	3		17	1
482	2023-07-19 23:46:40.469451+00	4177	6202	3		17	1
483	2023-07-19 23:46:40.472535+00	4176	6201	3		17	1
484	2023-07-19 23:46:40.477042+00	4175	6200	3		17	1
485	2023-07-19 23:46:40.480836+00	4174	608	3		17	1
486	2023-07-19 23:46:40.484622+00	4173	604zz	3		17	1
487	2023-07-19 23:46:40.487881+00	4172	6028zz	3		17	1
488	2023-07-19 23:46:40.491271+00	4171	6028 2rsc3	3		17	1
489	2023-07-19 23:46:40.494322+00	4170	6026mc4	3		17	1
490	2023-07-19 23:46:40.497301+00	4169	6024	3		17	1
491	2023-07-19 23:46:40.500568+00	4168	6019zz	3		17	1
492	2023-07-19 23:46:40.503338+00	4167	6016	3		17	1
493	2023-07-19 23:46:40.506589+00	4166	6015	3		17	1
494	2023-07-19 23:46:40.513109+00	4165	6014	3		17	1
495	2023-07-19 23:46:40.516468+00	4164	6013	3		17	1
496	2023-07-19 23:46:40.521754+00	4163	6012	3		17	1
497	2023-07-19 23:46:40.525407+00	4162	6011	3		17	1
498	2023-07-19 23:46:40.529142+00	4161	6010	3		17	1
499	2023-07-19 23:46:40.532885+00	4160	6009	3		17	1
500	2023-07-19 23:46:40.536509+00	4159	6008	3		17	1
501	2023-07-19 23:46:40.542976+00	4158	6007	3		17	1
502	2023-07-19 23:46:40.546026+00	4157	6006	3		17	1
503	2023-07-19 23:46:40.549369+00	4156	6005	3		17	1
504	2023-07-19 23:46:40.554805+00	4155	6004	3		17	1
505	2023-07-19 23:46:40.557916+00	4154	6003	3		17	1
506	2023-07-19 23:46:40.561194+00	4153	6002	3		17	1
507	2023-07-19 23:46:40.564524+00	4152	6001	3		17	1
508	2023-07-19 23:46:40.568203+00	4151	6000	3		17	1
509	2023-07-19 23:46:40.571315+00	4150	51115	3		17	1
510	2023-07-19 23:46:40.575562+00	4149	51112	3		17	1
511	2023-07-19 23:46:40.580773+00	4148	51111	3		17	1
512	2023-07-19 23:46:40.583765+00	4147	51108	3		17	1
513	2023-07-19 23:46:40.587799+00	4146	51104	3		17	1
514	2023-07-19 23:46:40.592327+00	4145	4202-2rs	3		17	1
515	2023-07-19 23:46:40.596532+00	4144	399a/394a	3		17	1
516	2023-07-19 23:46:40.599648+00	4143	3984/20	3		17	1
517	2023-07-19 23:46:40.602181+00	4142	3982/20	3		17	1
518	2023-07-19 23:47:25.025054+00	4141	395/394a	3		17	1
519	2023-07-19 23:47:25.030106+00	4140	3782/20	3		17	1
520	2023-07-19 23:47:25.033043+00	4139	3780/3720	3		17	1
521	2023-07-19 23:47:25.035664+00	4138	3776/20	3		17	1
522	2023-07-19 23:47:25.038504+00	4137	37431/625	3		17	1
523	2023-07-19 23:47:25.042241+00	4136	37425/625	3		17	1
524	2023-07-19 23:47:25.045067+00	4135	3578/25	3		17	1
525	2023-07-19 23:47:25.048189+00	4134	3577/25	3		17	1
526	2023-07-19 23:47:25.051152+00	4133	3490/3420	3		17	1
527	2023-07-19 23:47:25.054381+00	4132	33287/462	3		17	1
528	2023-07-19 23:47:25.057424+00	4131	33281/462	3		17	1
529	2023-07-19 23:47:25.060158+00	4130	33275/462	3		17	1
530	2023-07-19 23:47:25.064208+00	4129	33262/462	3		17	1
531	2023-07-19 23:47:25.069682+00	4128	32314	3		17	1
532	2023-07-19 23:47:25.072811+00	4127	32312	3		17	1
533	2023-07-19 23:47:25.07665+00	4126	32307	3		17	1
534	2023-07-19 23:47:25.079583+00	4125	32306	3		17	1
535	2023-07-19 23:47:25.084084+00	4124	32305	3		17	1
536	2023-07-19 23:47:25.087289+00	4123	32304	3		17	1
537	2023-07-19 23:47:25.091103+00	4122	32218	3		17	1
538	2023-07-19 23:47:25.09873+00	4121	32215	3		17	1
539	2023-07-19 23:47:25.10167+00	4120	32214	3		17	1
540	2023-07-19 23:47:25.105976+00	4119	32213	3		17	1
541	2023-07-19 23:47:25.109337+00	4118	32212	3		17	1
542	2023-07-19 23:47:25.11558+00	4117	32211	3		17	1
543	2023-07-19 23:47:25.1194+00	4116	32210	3		17	1
544	2023-07-19 23:47:25.122456+00	4115	32209	3		17	1
545	2023-07-19 23:47:25.126914+00	4114	32208	3		17	1
546	2023-07-19 23:47:25.129736+00	4113	32207	3		17	1
547	2023-07-19 23:47:25.133768+00	4112	32206	3		17	1
548	2023-07-19 23:47:25.137218+00	4111	32205	3		17	1
549	2023-07-19 23:47:25.139613+00	4110	3206zz	3		17	1
550	2023-07-19 23:47:25.143247+00	4109	32032	3		17	1
551	2023-07-19 23:47:25.148049+00	4108	32030	3		17	1
552	2023-07-19 23:47:25.150782+00	4107	32028	3		17	1
553	2023-07-19 23:47:25.155618+00	4106	32026x	3		17	1
554	2023-07-19 23:47:25.161221+00	4105	32024	3		17	1
555	2023-07-19 23:47:25.164061+00	4104	32019	3		17	1
556	2023-07-19 23:47:25.167078+00	4103	32015	3		17	1
557	2023-07-19 23:47:25.170398+00	4102	32014	3		17	1
558	2023-07-19 23:47:25.176077+00	4101	32013	3		17	1
559	2023-07-19 23:47:25.181025+00	4100	32012	3		17	1
560	2023-07-19 23:47:25.184196+00	4099	32011	3		17	1
561	2023-07-19 23:47:25.187772+00	4098	32010	3		17	1
562	2023-07-19 23:47:25.193328+00	4097	32009	3		17	1
563	2023-07-19 23:47:25.196625+00	4096	32008	3		17	1
564	2023-07-19 23:47:25.201459+00	4095	32007	3		17	1
565	2023-07-19 23:47:25.204575+00	4094	32006	3		17	1
566	2023-07-19 23:47:25.209099+00	4093	32005	3		17	1
567	2023-07-19 23:47:25.216892+00	4092	32004	3		17	1
568	2023-07-19 23:47:25.220251+00	4091	320/32	3		17	1
569	2023-07-19 23:47:25.225755+00	4090	30310	3		17	1
570	2023-07-19 23:47:25.229478+00	4089	30309	3		17	1
571	2023-07-19 23:47:25.23442+00	4088	30308	3		17	1
572	2023-07-19 23:47:25.240165+00	4087	30307	3		17	1
573	2023-07-19 23:47:25.245993+00	4086	30306	3		17	1
574	2023-07-19 23:47:25.249154+00	4085	30305	3		17	1
575	2023-07-19 23:47:25.252995+00	4084	30304	3		17	1
576	2023-07-19 23:47:25.256562+00	4083	30303	3		17	1
577	2023-07-19 23:47:25.259784+00	4082	30302	3		17	1
578	2023-07-19 23:47:25.263311+00	4081	30213	3		17	1
579	2023-07-19 23:47:25.269105+00	4080	30212	3		17	1
580	2023-07-19 23:47:25.2744+00	4079	30211	3		17	1
581	2023-07-19 23:47:25.278056+00	4078	30210	3		17	1
582	2023-07-19 23:47:25.281567+00	4077	30209	3		17	1
583	2023-07-19 23:47:25.288668+00	4076	30208	3		17	1
584	2023-07-19 23:47:25.294782+00	4075	30207	3		17	1
585	2023-07-19 23:47:25.299376+00	4074	30206	3		17	1
586	2023-07-19 23:47:25.302595+00	4073	30205	3		17	1
587	2023-07-19 23:47:25.306757+00	4072	30204	3		17	1
588	2023-07-19 23:47:25.310352+00	4071	30203	3		17	1
589	2023-07-19 23:47:25.316365+00	4070	29685/20	3		17	1
590	2023-07-19 23:47:25.319963+00	4069	2788/2720	3		17	1
591	2023-07-19 23:47:25.323028+00	4068	25880/25820	3		17	1
592	2023-07-19 23:47:25.325944+00	4067	2580/2520	3		17	1
593	2023-07-19 23:47:25.331323+00	4066	25590/20	3		17	1
594	2023-07-19 23:47:25.334512+00	4065	25580/20	3		17	1
595	2023-07-22 10:34:26.456675+00	11	Triagle suspenssion	1	[{"added": {}}]	8	1
596	2023-07-22 10:57:35.737318+00	11	Triagle suspenssion	2	[{"changed": {"fields": ["Image"]}}]	8	1
597	2023-07-28 21:14:25.201935+00	3222	adb10	2	[{"changed": {"fields": ["Price"]}}]	17	1
598	2023-07-28 21:18:05.523763+00	18	TIBAO	1	[{"added": {}}]	11	1
599	2023-07-28 21:26:43.271507+00	12	BUTTE	1	[{"added": {}}]	8	1
600	2023-07-28 21:27:19.017166+00	13	PIPE EAU	1	[{"added": {}}]	8	1
601	2023-07-28 21:27:55.844652+00	14	POMPE ASSIETE	1	[{"added": {}}]	8	1
602	2023-07-31 05:41:40.350899+00	3222	adb10	2	[{"changed": {"fields": ["Price"]}}]	17	1
603	2023-07-31 22:13:55.267107+00	2972	6511800162	2	[]	17	1
\.


--
-- Data for Name: django_content_type; Type: TABLE DATA; Schema: public; Owner: myprojectuser
--

COPY public.django_content_type (id, app_label, model) FROM stdin;
1	admin	logentry
2	auth	permission
3	auth	group
4	auth	user
5	contenttypes	contenttype
6	sessions	session
7	main	brand
8	main	category
9	main	client
10	main	coupon
11	main	mark
12	main	model
13	main	order
14	main	pairingcode
15	main	represent
16	main	shippingfees
17	main	produit
18	main	orderitem
19	blog	categories
20	blog	post
\.


--
-- Data for Name: django_migrations; Type: TABLE DATA; Schema: public; Owner: myprojectuser
--

COPY public.django_migrations (id, app, name, applied) FROM stdin;
1	contenttypes	0001_initial	2023-05-19 09:58:37.650388+00
2	auth	0001_initial	2023-05-19 09:58:37.763112+00
3	admin	0001_initial	2023-05-19 09:58:37.79927+00
4	admin	0002_logentry_remove_auto_add	2023-05-19 09:58:37.812841+00
5	admin	0003_logentry_add_action_flag_choices	2023-05-19 09:58:37.824677+00
6	contenttypes	0002_remove_content_type_name	2023-05-19 09:58:37.8454+00
7	auth	0002_alter_permission_name_max_length	2023-05-19 09:58:37.857085+00
8	auth	0003_alter_user_email_max_length	2023-05-19 09:58:37.866482+00
9	auth	0004_alter_user_username_opts	2023-05-19 09:58:37.877719+00
10	auth	0005_alter_user_last_login_null	2023-05-19 09:58:37.888891+00
11	auth	0006_require_contenttypes_0002	2023-05-19 09:58:37.894065+00
12	auth	0007_alter_validators_add_error_messages	2023-05-19 09:58:37.908982+00
13	auth	0008_alter_user_username_max_length	2023-05-19 09:58:37.92776+00
14	auth	0009_alter_user_last_name_max_length	2023-05-19 09:58:37.940227+00
15	auth	0010_alter_group_name_max_length	2023-05-19 09:58:37.951+00
16	auth	0011_update_proxy_permissions	2023-05-19 09:58:37.962432+00
17	auth	0012_alter_user_first_name_max_length	2023-05-19 09:58:38.00976+00
18	blog	0001_initial	2023-05-19 09:58:38.023169+00
19	main	0001_initial	2023-05-19 09:58:38.171791+00
20	sessions	0001_initial	2023-05-19 09:58:38.193307+00
21	main	0002_auto_20230522_2340	2023-05-22 23:40:32.053802+00
22	main	0003_produit_checkprice	2023-06-08 13:36:47.300453+00
23	main	0004_category_image	2023-06-11 18:37:45.445658+00
\.


--
-- Data for Name: django_session; Type: TABLE DATA; Schema: public; Owner: myprojectuser
--

COPY public.django_session (session_key, session_data, expire_date) FROM stdin;
s6976sutynohcy0c40afsi8njpcmj7xs	.eJxVjMsOwiAURP-FtSFAeYhL934DgXsvUjWQlHZl_HdL0oUu58yZebMQt7WErdMSZmQX5tjpl6UIT6qjwEes98ah1XWZEx8KP9rObw3pdT3cv4MSe9nXFvPkpDACDGRD2UuwoB0aBZKQkpZ5ElmR9gqsNyjknpDOalAtBPt8AfEuN8Q:1q0Mf5:rvoUHG_1obcrn48IAi4HUNMcKoGI2tw1anYOl7Y91CQ	2023-06-03 13:30:19.219752+00
z9zqepx16mi4qxqykqhpjpwuptple9hp	.eJxVjDsOwjAQBe_iGln4s7ZDSZ8zWLveDQ6gRIqTCnF3iJQC2jcz76UybmvNW5Mlj6wuKqjT70ZYHjLtgO843WZd5mldRtK7og_adD-zPK-H-3dQsdVvTcUOziYoljwnCzB0wRsPJp1dRxjRhEhAHYJAEu8NOxIjyfrIjguo9wfQSzd5:1q0OEs:vBLeMAef7VPw_mHGwQXJAV06YMqm_MNP8WFpmrUk31Y	2023-06-03 15:11:22.828302+00
hx6jfjezewdq3lboes12h7efdjfu8gh1	.eJxVjMsOwiAQRf-FtSEgr8Gl-34DgRmQqoGktCvjv2uTLnR7zzn3xULc1hq2kZcwE7swYKffLUV85LYDusd26xx7W5c58V3hBx186pSf18P9O6hx1G8dCTHD2WnwBGiUtVIXcNIqkaIXYMCbgroko7KUznkqxRcQKiMZb4G9P-B8N60:1q1EYK:B6YUE-eWd6wu4iV5shv4XmscLc6nZyjXeTvfYf7j6iU	2023-06-05 23:02:56.821515+00
d5nrd1rwvgtbz7nkxch8obeeih8cfmcz	.eJxVjMsOwiAQRf-FtSEgr8Gl-34DgRmQqoGktCvjv2uTLnR7zzn3xULc1hq2kZcwE7swYKffLUV85LYDusd26xx7W5c58V3hBx186pSf18P9O6hx1G8dCTHD2WnwBGiUtVIXcNIqkaIXYMCbgroko7KUznkqxRcQKiMZb4G9P-B8N60:1q1Slh:sMzXmXQgqgAV6KDqz1IQWiy4zQejzkFQrJUonXNp34g	2023-06-06 14:13:41.907502+00
fxxvpengebf55z2gvwnehib2j669obi2	.eJxVjDsOwjAQBe_iGln4s7ZDSZ8zWLveDQ6gRIqTCnF3iJQC2jcz76UybmvNW5Mlj6wuKqjT70ZYHjLtgO843WZd5mldRtK7og_adD-zPK-H-3dQsdVvTcUOziYoljwnCzB0wRsPJp1dRxjRhEhAHYJAEu8NOxIjyfrIjguo9wfQSzd5:1q1d3e:tprn37LWFADnm2Y6x4GRIhB4m2TF5kf9PCRv4nSSoAY	2023-06-07 01:12:54.963913+00
l700hzj0cb9tsfy52u0pdhyy1vtzjkv4	.eJxVjDsOwjAQBe_iGln4s7ZDSZ8zWLveDQ6gRIqTCnF3iJQC2jcz76UybmvNW5Mlj6wuKqjT70ZYHjLtgO843WZd5mldRtK7og_adD-zPK-H-3dQsdVvTcUOziYoljwnCzB0wRsPJp1dRxjRhEhAHYJAEu8NOxIjyfrIjguo9wfQSzd5:1q1uqo:hXOBtz0jMO6QGdRzK7cpf7Vhv2p5l6uXnWSTSKTeEYg	2023-06-07 20:12:50.274959+00
71pbsg0970ligyncp7zlgt2aapkjczmd	.eJxVjMsOwiAURP-FtSFAeYhL934DgXsvUjWQlHZl_HdL0oUu58yZebMQt7WErdMSZmQX5tjpl6UIT6qjwEes98ah1XWZEx8KP9rObw3pdT3cv4MSe9nXFvPkpDACDGRD2UuwoB0aBZKQkpZ5ElmR9gqsNyjknpDOalAtBPt8AfEuN8Q:1q2HQH:WKdavsN0qE65ZZ3SXsThjCbnRODdIHx5t14V2bAgthk	2023-06-08 20:18:57.526658+00
umwern1w82lfak49422lgot7sib44zio	.eJxVjMsOwiAQRf-FtSEgr8Gl-34DgRmQqoGktCvjv2uTLnR7zzn3xULc1hq2kZcwE7swYKffLUV85LYDusd26xx7W5c58V3hBx186pSf18P9O6hx1G8dCTHD2WnwBGiUtVIXcNIqkaIXYMCbgroko7KUznkqxRcQKiMZb4G9P-B8N60:1q2Ht9:QrlTyBD-EHkjUv1A_--5xAkbukxsrdcGKF8dgnxADYE	2023-06-08 20:48:47.740392+00
3nag7pj7a5kuw8apbiuiqabsvy4mz1te	.eJxVjMsOwiAURP-FtSFAeYhL934DgXsvUjWQlHZl_HdL0oUu58yZebMQt7WErdMSZmQX5tjpl6UIT6qjwEes98ah1XWZEx8KP9rObw3pdT3cv4MSe9nXFvPkpDACDGRD2UuwoB0aBZKQkpZ5ElmR9gqsNyjknpDOalAtBPt8AfEuN8Q:1q2I52:NchN6XJZTdfT1QV5D6RcuUDSA-CVg7QPcBqZNDwGyHA	2023-06-08 21:01:04.188692+00
mvwspqdll8i83w2b5mg7jg0w6z7nslkm	.eJxVjMsOwiAQRf-FtSEgr8Gl-34DgRmQqoGktCvjv2uTLnR7zzn3xULc1hq2kZcwE7swYKffLUV85LYDusd26xx7W5c58V3hBx186pSf18P9O6hx1G8dCTHD2WnwBGiUtVIXcNIqkaIXYMCbgroko7KUznkqxRcQKiMZb4G9P-B8N60:1q2xaj:yXJyN4akZyXHf_CUpw_bb6rT7re6NTVjvblu6mZe1Do	2023-06-10 17:20:33.925543+00
viussdjpwocky24a1klgs68ynj2vptam	.eJxVjMsOwiAQRf-FtSEgr8Gl-34DgRmQqoGktCvjv2uTLnR7zzn3xULc1hq2kZcwE7swYKffLUV85LYDusd26xx7W5c58V3hBx186pSf18P9O6hx1G8dCTHD2WnwBGiUtVIXcNIqkaIXYMCbgroko7KUznkqxRcQKiMZb4G9P-B8N60:1q2xgO:gvTV9IK75VSL5CCiMqUI6GZf5dQaaWjuJ7PJWi55jmw	2023-06-10 17:26:24.556381+00
f0a7awa8f58tvjiusvt0j56d0gzbz0gy	.eJxVjMsOwiAQRf-FtSEgr8Gl-34DgRmQqoGktCvjv2uTLnR7zzn3xULc1hq2kZcwE7swYKffLUV85LYDusd26xx7W5c58V3hBx186pSf18P9O6hx1G8dCTHD2WnwBGiUtVIXcNIqkaIXYMCbgroko7KUznkqxRcQKiMZb4G9P-B8N60:1q30bB:p1JY87_hzkw09nkwjvQ2n4i9Ht9ITZ2mpEKMCi-2uh0	2023-06-10 20:33:13.372262+00
3allka5zjygtvpubyzydter7s29lyirb	.eJxVjDsOwjAQBe_iGln4s7ZDSZ8zWLveDQ6gRIqTCnF3iJQC2jcz76UybmvNW5Mlj6wuKqjT70ZYHjLtgO843WZd5mldRtK7og_adD-zPK-H-3dQsdVvTcUOziYoljwnCzB0wRsPJp1dRxjRhEhAHYJAEu8NOxIjyfrIjguo9wfQSzd5:1q3Ltk:6ugTaniDBlc2_Y5Y_fBnRkvIHps3tjt2ZQ6TQ0EmLMI	2023-06-11 19:17:48.016633+00
cz3sxux1qzi508i0xh4ieysmurp15adh	.eJxVjEsOwjAMBe-SNYrspsqHJXvOENmxIQXUSP2sKu4OlbqA7ZuZt5lM61LzOuuUBzFng-b0uzGVp447kAeN92ZLG5dpYLsr9qCzvTbR1-Vw_w4qzfVbFwDfhRsm1BKIPSF4Lqx910cPKQj3wXXC5DkiJIkMDlEYikuaSM37A9wyN-c:1q3QTF:9OQVbzEB-XHNyHh8TiUqCPVnm_kMTqikDayIZSrRDcM	2023-06-12 00:10:45.827495+00
78uzvkh27g715agk5615zj8ygxsrcs32	.eJxVjMsOwiAQRf-FtSEgr8Gl-34DgRmQqoGktCvjv2uTLnR7zzn3xULc1hq2kZcwE7swYKffLUV85LYDusd26xx7W5c58V3hBx186pSf18P9O6hx1G8dCTHD2WnwBGiUtVIXcNIqkaIXYMCbgroko7KUznkqxRcQKiMZb4G9P-B8N60:1q3k8X:vdAfxjqMNQk3JVwd18PbZbWYyW7uaxyIN_sDvwQKGn4	2023-06-12 21:10:41.487548+00
0i77qsje91tpoye3qrj3u06kxssixmp3	.eJxVjMsOwiAQRf-FtSEgr8Gl-34DgRmQqoGktCvjv2uTLnR7zzn3xULc1hq2kZcwE7swYKffLUV85LYDusd26xx7W5c58V3hBx186pSf18P9O6hx1G8dCTHD2WnwBGiUtVIXcNIqkaIXYMCbgroko7KUznkqxRcQKiMZb4G9P-B8N60:1q41GG:ElJRe5gEeNW14GyMLgQ5tR_lC3Y287-wuExNMRH5Qkc	2023-06-13 15:27:48.641998+00
7rknb6os8c5f1whglodehyubv4esv467	.eJxVjMsOwiAQRf-FtSEgr8Gl-34DgRmQqoGktCvjv2uTLnR7zzn3xULc1hq2kZcwE7swYKffLUV85LYDusd26xx7W5c58V3hBx186pSf18P9O6hx1G8dCTHD2WnwBGiUtVIXcNIqkaIXYMCbgroko7KUznkqxRcQKiMZb4G9P-B8N60:1q42Gt:mouJHHZ2sivbJa7-wxGYsa5o_fZ__BqfHU7S61D-gE0	2023-06-13 16:32:31.990632+00
eexmq2bc86sgzvyagr46za2y0co0z34i	.eJxVjMsOwiAQRf-FtSEgr8Gl-34DgRmQqoGktCvjv2uTLnR7zzn3xULc1hq2kZcwE7swYKffLUV85LYDusd26xx7W5c58V3hBx186pSf18P9O6hx1G8dCTHD2WnwBGiUtVIXcNIqkaIXYMCbgroko7KUznkqxRcQKiMZb4G9P-B8N60:1q42is:RcBpnxs73nFSvepWgqz_ejKc05EknjkUV4Lwy0TCKhs	2023-06-13 17:01:26.074677+00
53bp6oaiu232wuol317k7hjk89agjexk	.eJxVjDsOwjAQBe_iGln4s7ZDSZ8zWLveDQ6gRIqTCnF3iJQC2jcz76UybmvNW5Mlj6wuKqjT70ZYHjLtgO843WZd5mldRtK7og_adD-zPK-H-3dQsdVvTcUOziYoljwnCzB0wRsPJp1dRxjRhEhAHYJAEu8NOxIjyfrIjguo9wfQSzd5:1q42t5:Bx5yt8y0U6yqvdaC4PFIzCVTiOjZTwIu_lGrU4d297A	2023-06-13 17:11:59.422471+00
f9xtnn7towz1z9z9dwv0pcd546wqeo7v	.eJxVjMsOwiAQRf-FtSEgr8Gl-34DgRmQqoGktCvjv2uTLnR7zzn3xULc1hq2kZcwE7swYKffLUV85LYDusd26xx7W5c58V3hBx186pSf18P9O6hx1G8dCTHD2WnwBGiUtVIXcNIqkaIXYMCbgroko7KUznkqxRcQKiMZb4G9P-B8N60:1q4NDk:uPtR0SSqxnfWX0tbcXlWJIuAEpKJUue1XPIDL3XUOF8	2023-06-14 14:54:40.971018+00
olzc0u9th0x66u9msr7fhytiyaufp2c3	.eJxVjMsOwiAQRf-FtSEgr8Gl-34DgRmQqoGktCvjv2uTLnR7zzn3xULc1hq2kZcwE7swYKffLUV85LYDusd26xx7W5c58V3hBx186pSf18P9O6hx1G8dCTHD2WnwBGiUtVIXcNIqkaIXYMCbgroko7KUznkqxRcQKiMZb4G9P-B8N60:1q4PWU:029v40kEsC3eU1vVzecVuk7iOd1ColCM5KLNp6qa-TI	2023-06-14 17:22:10.507031+00
kld3zmq05a5hmktip9yj38kbdupir4of	.eJxVjMsOwiAURP-FtSFAeYhL934DgXsvUjWQlHZl_HdL0oUu58yZebMQt7WErdMSZmQX5tjpl6UIT6qjwEes98ah1XWZEx8KP9rObw3pdT3cv4MSe9nXFvPkpDACDGRD2UuwoB0aBZKQkpZ5ElmR9gqsNyjknpDOalAtBPt8AfEuN8Q:1q4PeN:zuCZzE0EgRTFGISQuCRYQeweWpTXTPVVuNMqCn36etQ	2023-06-14 17:30:19.662612+00
qwcqepvjnrkrvisz864c4t6i82ule4wx	.eJxVjMsOwiAQRf-FtSEgr8Gl-34DgRmQqoGktCvjv2uTLnR7zzn3xULc1hq2kZcwE7swYKffLUV85LYDusd26xx7W5c58V3hBx186pSf18P9O6hx1G8dCTHD2WnwBGiUtVIXcNIqkaIXYMCbgroko7KUznkqxRcQKiMZb4G9P-B8N60:1q4QcZ:yK2YBGJlFA53ie2R43A2ZYoZQQrWGHeTr-jou5IN9L8	2023-06-14 18:32:31.199627+00
q99b9dlq5s0q1823infankem45jlsqri	.eJxVjMsOwiAQRf-FtSEgr8Gl-34DgRmQqoGktCvjv2uTLnR7zzn3xULc1hq2kZcwE7swYKffLUV85LYDusd26xx7W5c58V3hBx186pSf18P9O6hx1G8dCTHD2WnwBGiUtVIXcNIqkaIXYMCbgroko7KUznkqxRcQKiMZb4G9P-B8N60:1q6Vwf:muS9LPOP0iOz0XmRpTwUOvCBE2aEKXihdTYgeN3hHxs	2023-06-20 12:37:53.043091+00
sjcm2ztg0oyt61v1dkgk9tj3soss5r7u	.eJxVjDsOwjAQBe_iGln4s7ZDSZ8zWLveDQ6gRIqTCnF3iJQC2jcz76UybmvNW5Mlj6wuKqjT70ZYHjLtgO843WZd5mldRtK7og_adD-zPK-H-3dQsdVvTcUOziYoljwnCzB0wRsPJp1dRxjRhEhAHYJAEu8NOxIjyfrIjguo9wfQSzd5:1q6Yue:Uol_RJ0kVtsPjS8PDvfkAKLsbxf0GhPT8bBndt95VRQ	2023-06-20 15:48:00.726586+00
1reuzcx2fig2jhmd34n63kwu7d05zy2q	.eJxVjMsOwiAQRf-FtSEgr8Gl-34DgRmQqoGktCvjv2uTLnR7zzn3xULc1hq2kZcwE7swYKffLUV85LYDusd26xx7W5c58V3hBx186pSf18P9O6hx1G8dCTHD2WnwBGiUtVIXcNIqkaIXYMCbgroko7KUznkqxRcQKiMZb4G9P-B8N60:1q705N:uHVZ0bc8URwJEncL2a-oNwKMYVUntOsLHhKf1okfknI	2023-06-21 20:48:53.120688+00
zjqcd0q077qjljwgpo0gpu1cadwlj6oy	.eJxVjMsOwiAURP-FtSFAeYhL934DgXsvUjWQlHZl_HdL0oUu58yZebMQt7WErdMSZmQX5tjpl6UIT6qjwEes98ah1XWZEx8KP9rObw3pdT3cv4MSe9nXFvPkpDACDGRD2UuwoB0aBZKQkpZ5ElmR9gqsNyjknpDOalAtBPt8AfEuN8Q:1q83Z9:ADvuUfdYzEZMZvt71LJeyPskmm83DMLZ3CesBFLmPKk	2023-06-24 18:43:59.824303+00
5axc2eckp2b7j20g7wpzwj1ocim4tdbn	.eJxVjEEOgjAQRe_StWnKANPWpXvP0MxMB4saSCisjHdXEha6_e-9_zKJtrWkreqSxmzOpjOn341JHjrtIN9pus1W5mldRra7Yg9a7XXO-rwc7t9BoVq-NUiDrWdE1qEhDb0INw5IYOh9H5mY2QfXOQ_IqC0FIBcj-kwoCmjeH_QJOCc:1q83g4:AHZWkqu-2jWahc1pze0GeMWzTk6NrPNgNrQDcMUEzns	2023-06-24 18:51:08.70541+00
10p2yp0vvr9lg9xlkka3uhdvzdb6nu1o	.eJxVjMsOwiAQRf-FtSEFBui4dO83NDM8pGogKe3K-O_apAvd3nPOfYmJtrVMW0_LNEdxFlacfjem8Eh1B_FO9dZkaHVdZpa7Ig_a5bXF9Lwc7t9BoV6-9eg8azM41hFDymgSKWth5Iw6WoUQMg8AYNF4z6g1oFKWnHODCaBIvD_Myja9:1q8TjI:27i3oMHyoJRhoRMQUY-g971r5rkRB0XH0riUD7G5LJQ	2023-06-25 22:40:12.508053+00
cq3r5m7xy29fqnibz6u5he5ivf1nru5u	.eJxVjMsOwiAQRf-FtSEFBui4dO83NDM8pGogKe3K-O_apAvd3nPOfYmJtrVMW0_LNEdxFlacfjem8Eh1B_FO9dZkaHVdZpa7Ig_a5bXF9Lwc7t9BoV6-9eg8azM41hFDymgSKWth5Iw6WoUQMg8AYNF4z6g1oFKWnHODCaBIvD_Myja9:1q8TtS:xWgdp6w0op7c2B480I0fxjNKZA3z7VE5j5ZAD-2yckc	2023-06-25 22:50:42.171898+00
i9dlxskud7sxksawahlbmrxnt0b9ltx1	.eJxVjDsOwjAQBe_iGln4s7ZDSZ8zWLveDQ6gRIqTCnF3iJQC2jcz76UybmvNW5Mlj6wuKqjT70ZYHjLtgO843WZd5mldRtK7og_adD-zPK-H-3dQsdVvTcUOziYoljwnCzB0wRsPJp1dRxjRhEhAHYJAEu8NOxIjyfrIjguo9wfQSzd5:1q7Irf:-8NB78cFr5y7hRZgq1suB9pWKOW4h6-90Kf0TnQb5l0	2023-06-22 16:51:59.706173+00
clvpl2wlvtib8vbda3lz41srsxmu3h89	.eJxVjMsOwiAQRf-FtSEgr8Gl-34DgRmQqoGktCvjv2uTLnR7zzn3xULc1hq2kZcwE7swYKffLUV85LYDusd26xx7W5c58V3hBx186pSf18P9O6hx1G8dCTHD2WnwBGiUtVIXcNIqkaIXYMCbgroko7KUznkqxRcQKiMZb4G9P-B8N60:1q8oMK:AuGmJmJ67RoJokbQMYgQ-NbwkkPh0440pBZ1RQb2O7A	2023-06-26 20:41:52.440008+00
wrugqpoxobc7m8nn6excp3lz31gc5k8g	.eJxVjMsOwiAQRf-FtSEgr8Gl-34DgRmQqoGktCvjv2uTLnR7zzn3xULc1hq2kZcwE7swYKffLUV85LYDusd26xx7W5c58V3hBx186pSf18P9O6hx1G8dCTHD2WnwBGiUtVIXcNIqkaIXYMCbgroko7KUznkqxRcQKiMZb4G9P-B8N60:1q7YCD:6oNjhxlWc6SCRPi-W6nVJkgsUrYjTkLTQ2a-m-4WEh0	2023-06-23 09:14:13.27759+00
2k1qgkbya6fdrnj8tlysfhgle391hzod	.eJxVjMsOwiAQRf-FtSEgr8Gl-34DgRmQqoGktCvjv2uTLnR7zzn3xULc1hq2kZcwE7swYKffLUV85LYDusd26xx7W5c58V3hBx186pSf18P9O6hx1G8dCTHD2WnwBGiUtVIXcNIqkaIXYMCbgroko7KUznkqxRcQKiMZb4G9P-B8N60:1q7ZOn:KGKbmC4J8meWI6krwyIb1qIEaxrea4_9oTEnkQbyyHs	2023-06-23 10:31:17.058021+00
tev4fdxieobwo3iz77da7yy20usbqb0o	.eJxVjMsOwiAQRf-FtSEgr8Gl-34DgRmQqoGktCvjv2uTLnR7zzn3xULc1hq2kZcwE7swYKffLUV85LYDusd26xx7W5c58V3hBx186pSf18P9O6hx1G8dCTHD2WnwBGiUtVIXcNIqkaIXYMCbgroko7KUznkqxRcQKiMZb4G9P-B8N60:1q7fQI:fnx4rmP1aZwBSjspU76oSov9O808Qu8M33_bp1QnG-c	2023-06-23 16:57:14.575478+00
bj45b7hu7o6apvs7ancsh236orh5b235	.eJxVjMsOwiAQRf-FtSEgr8Gl-34DgRmQqoGktCvjv2uTLnR7zzn3xULc1hq2kZcwE7swYKffLUV85LYDusd26xx7W5c58V3hBx186pSf18P9O6hx1G8dCTHD2WnwBGiUtVIXcNIqkaIXYMCbgroko7KUznkqxRcQKiMZb4G9P-B8N60:1q83QN:LKthFmDnW09YEMzh__dBlB6az3cZS-seJfaM0vYpP3I	2023-06-24 18:34:55.36595+00
fmxwmecabb13cnbn47uxztbn2el41ycv	.eJxVjMsOwiAQRf-FtSEgr8Gl-34DgRmQqoGktCvjv2uTLnR7zzn3xULc1hq2kZcwE7swYKffLUV85LYDusd26xx7W5c58V3hBx186pSf18P9O6hx1G8dCTHD2WnwBGiUtVIXcNIqkaIXYMCbgroko7KUznkqxRcQKiMZb4G9P-B8N60:1q9Bk0:f2Iarf61dbcDz75Fu-6WrSsg5K1z89F8FwXN8jtCqAw	2023-06-27 21:39:52.481587+00
ykszcn1vomtf9c845f4sub742alpvobx	.eJxVjEsOwjAMBe-SNYrspsqHJXvOENmxIQXUSP2sKu4OlbqA7ZuZt5lM61LzOuuUBzFng-b0uzGVp447kAeN92ZLG5dpYLsr9qCzvTbR1-Vw_w4qzfVbFwDfhRsm1BKIPSF4Lqx910cPKQj3wXXC5DkiJIkMDlEYikuaSM37A9wyN-c:1q9CkI:C3bbwIAlSiHTw_tP6mNlCPfhPyYzdvn8zL9m6_kIgRI	2023-06-27 22:44:14.675353+00
o1411tu0yrzeq5p2x1v6an86m673gn70	.eJxVjMsOwiAQRf-FtSEgr8Gl-34DgRmQqoGktCvjv2uTLnR7zzn3xULc1hq2kZcwE7swYKffLUV85LYDusd26xx7W5c58V3hBx186pSf18P9O6hx1G8dCTHD2WnwBGiUtVIXcNIqkaIXYMCbgroko7KUznkqxRcQKiMZb4G9P-B8N60:1q9CmB:4DURvtNWeC2J_GFc9jiE74K0_-EcdDdzH0ExNRQKwOk	2023-06-27 22:46:11.290079+00
cqbexuj8noupjwngb2454gfztrw04gvl	.eJxVjMsOwiAQRf-FtSEgr8Gl-34DgRmQqoGktCvjv2uTLnR7zzn3xULc1hq2kZcwE7swYKffLUV85LYDusd26xx7W5c58V3hBx186pSf18P9O6hx1G8dCTHD2WnwBGiUtVIXcNIqkaIXYMCbgroko7KUznkqxRcQKiMZb4G9P-B8N60:1q9lbv:IPlF1sTuIMeTfG9VcRLcI77RHOzOlzF4ukjIOMo6wWM	2023-06-29 11:57:55.369762+00
75y7zh3kslczialmw3j9gngyhjdq1ysq	.eJxVjMsOwiAQRf-FtSEgr8Gl-34DgRmQqoGktCvjv2uTLnR7zzn3xULc1hq2kZcwE7swYKffLUV85LYDusd26xx7W5c58V3hBx186pSf18P9O6hx1G8dCTHD2WnwBGiUtVIXcNIqkaIXYMCbgroko7KUznkqxRcQKiMZb4G9P-B8N60:1q9nC2:oActjkM-J4zN1F6zZmOktW7zqpkWbFR-ckWG484GgRg	2023-06-29 13:39:18.791086+00
eaw73z213ermgcm1jaxhua7ms1yrs9dh	.eJxVjMsOwiAQRf-FtSEFBui4dO83NDM8pGogKe3K-O_apAvd3nPOfYmJtrVMW0_LNEdxFlacfjem8Eh1B_FO9dZkaHVdZpa7Ig_a5bXF9Lwc7t9BoV6-9eg8azM41hFDymgSKWth5Iw6WoUQMg8AYNF4z6g1oFKWnHODCaBIvD_Myja9:1q9q8j:49tgNki6uIBanhfjYzilcUPCXbhdgyy95q5OhGzaycw	2023-06-29 16:48:05.910448+00
ebcoziyi52dzssi4ahqajhg97vryqeia	.eJxVjMsOwiAQRf-FtSEFBui4dO83NDM8pGogKe3K-O_apAvd3nPOfYmJtrVMW0_LNEdxFlacfjem8Eh1B_FO9dZkaHVdZpa7Ig_a5bXF9Lwc7t9BoV6-9eg8azM41hFDymgSKWth5Iw6WoUQMg8AYNF4z6g1oFKWnHODCaBIvD_Myja9:1qBG4g:AEdOpE_nQrSXWOITxLpSEeRybFMV_J5GKjj6PGQa6Pg	2023-07-03 14:41:46.570056+00
1ilz7oydaafyqsqty6s7u9lvsf6c0iqn	.eJxVjDsOwjAQBe_iGln4s7ZDSZ8zWLveDQ6gRIqTCnF3iJQC2jcz76UybmvNW5Mlj6wuKqjT70ZYHjLtgO843WZd5mldRtK7og_adD-zPK-H-3dQsdVvTcUOziYoljwnCzB0wRsPJp1dRxjRhEhAHYJAEu8NOxIjyfrIjguo9wfQSzd5:1qBJun:McBVo7v4gKiXTRHKesAkKntiOGacfGV8fFYvuttKrpo	2023-07-03 18:47:49.087803+00
2umw2n3e7imruoiwcfj5aub1m0y2klg5	.eJxVjMsOwiAQRf-FtSEgr8Gl-34DgRmQqoGktCvjv2uTLnR7zzn3xULc1hq2kZcwE7swYKffLUV85LYDusd26xx7W5c58V3hBx186pSf18P9O6hx1G8dCTHD2WnwBGiUtVIXcNIqkaIXYMCbgroko7KUznkqxRcQKiMZb4G9P-B8N60:1qDr6G:AB9GeNZRiNu7udQk7DuibkKUkIUiXdN4iFZAQsZF11U	2023-07-10 18:38:08.350445+00
9bo8xhu2cnjg8nn5g44ff3fekg48g46l	.eJxVjMsOwiAURP-FtSFAeYhL934DgXsvUjWQlHZl_HdL0oUu58yZebMQt7WErdMSZmQX5tjpl6UIT6qjwEes98ah1XWZEx8KP9rObw3pdT3cv4MSe9nXFvPkpDACDGRD2UuwoB0aBZKQkpZ5ElmR9gqsNyjknpDOalAtBPt8AfEuN8Q:1qEoCj:RqjtkCFQDiZBNGj5FFF6vLmyqD5Rh67hmKbtM_ZcJC8	2023-07-13 09:44:45.417238+00
5a770lwv6uvyhmme6dicdw1ly0w7x3ml	.eJxVjEEOgjAQRe_StWnKANPWpXvP0MxMB4saSCisjHdXEha6_e-9_zKJtrWkreqSxmzOpjOn341JHjrtIN9pus1W5mldRra7Yg9a7XXO-rwc7t9BoVq-NUiDrWdE1qEhDb0INw5IYOh9H5mY2QfXOQ_IqC0FIBcj-kwoCmjeH_QJOCc:1qEoHG:IFRuyxsPrdK1XPSY5-yCrw1pz7vx9mAWJVmfZRuHN0I	2023-07-13 09:49:26.772656+00
32zct084vldbwptv7wns3c0yasheq6cs	.eJxVjDEOwjAMRe-SGUWtGjcxIztnqOzYpgXUSE07Ie4OlTrA-t97_-UG2tZx2KouwyTu7NCdfjem_NB5B3Kn-VZ8LvO6TOx3xR-0-msRfV4O9-9gpDp-6zY1bRYGCaqmEbUXgIhoSikjQg-xp5A76yhxAguASbQxJohsDO79AQG-OMs:1qFwJo:SQAHUL25DKeqi0uH7dtadSPk2Ice5EDCiV2Py2kXYVs	2023-07-16 12:36:44.889832+00
8cu44g08e04brtm1u0vxebh9pmpfqk9d	.eJxVjEsOwjAMBe-SNYrspsqHJXvOENmxIQXUSP2sKu4OlbqA7ZuZt5lM61LzOuuUBzFng-b0uzGVp447kAeN92ZLG5dpYLsr9qCzvTbR1-Vw_w4qzfVbFwDfhRsm1BKIPSF4Lqx910cPKQj3wXXC5DkiJIkMDlEYikuaSM37A9wyN-c:1qGI7B:GMkLKLUbamm_RlhOxzHcXqVw7MKzE1S-lE0Rtx2RPwc	2023-07-17 11:53:09.807534+00
cf856tzpkj0jxvozuo0yx2jvybihp2qh	.eJxVjDsOwjAQBe_iGln4s7ZDSZ8zWLveDQ6gRIqTCnF3iJQC2jcz76UybmvNW5Mlj6wuKqjT70ZYHjLtgO843WZd5mldRtK7og_adD-zPK-H-3dQsdVvTcUOziYoljwnCzB0wRsPJp1dRxjRhEhAHYJAEu8NOxIjyfrIjguo9wfQSzd5:1qInX9:IXHg6OXpAMJA4_BgcsJWyWWp_nFhWdCJ6gqovIjVEmM	2023-07-24 09:50:19.514557+00
jmg43p4itzq4nr4qneveg8ht3qdwfsyc	.eJxVjMsOwiAQRf-FtSEgr8Gl-34DgRmQqoGktCvjv2uTLnR7zzn3xULc1hq2kZcwE7swYKffLUV85LYDusd26xx7W5c58V3hBx186pSf18P9O6hx1G8dCTHD2WnwBGiUtVIXcNIqkaIXYMCbgroko7KUznkqxRcQKiMZb4G9P-B8N60:1qIw2r:SJfY5sFyK2dEIsQredbEkrlyYaGpDI6h_F3YrPxzNkI	2023-07-24 18:55:37.428366+00
57eu1s2w6lackjbxscnc6whxovbugo2z	.eJxVjEEOwiAQRe_C2pCSgTLj0r1nIANMpWpoUtpV491tky50-997f1OB16WEtckcxqyuCtTld4ucXlIPkJ9cH5NOU13mMepD0Sdt-j5led9O9--gcCt73TFG7wwh54TYiwWKXXIeh0RGGAiEyJOLZkABx_1O2KFNAM4CWvX5AtsIN0U:1qJvXf:MHJi5otlHO87cS0tYCQI9E6f1rN810LB4DUkr1aGyGE	2023-07-27 12:35:31.899747+00
o7h8p6kpd26jufheq9gy87ewzrjt99q0	.eJxVjEEOgjAQRe_StWnKANPWpXvP0MxMB4saSCisjHdXEha6_e-9_zKJtrWkreqSxmzOpjOn341JHjrtIN9pus1W5mldRra7Yg9a7XXO-rwc7t9BoVq-NUiDrWdE1qEhDb0INw5IYOh9H5mY2QfXOQ_IqC0FIBcj-kwoCmjeH_QJOCc:1qOLvm:_N_4ivm-LxF729WZ6snACmV1NqZh4ppSrI54HsjkM8E	2023-08-08 17:34:42.208646+00
gw1m7uds2mwxolyolo7g5a0euf05g48r	.eJxVjMsOwiAURP-FtSFAeYhL934DgXsvUjWQlHZl_HdL0oUu58yZebMQt7WErdMSZmQX5tjpl6UIT6qjwEes98ah1XWZEx8KP9rObw3pdT3cv4MSe9nXFvPkpDACDGRD2UuwoB0aBZKQkpZ5ElmR9gqsNyjknpDOalAtBPt8AfEuN8Q:1qOPqh:fB-aILw4jrrobdXPGGhOLk6_x_vzRQQJviKe0tR8G_w	2023-08-08 21:45:43.659333+00
z22kz60f2artlkgc180exk6n4y1gs6tf	.eJxVjMsOwiAQRf-FtSEFBui4dO83NDM8pGogKe3K-O_apAvd3nPOfYmJtrVMW0_LNEdxFlacfjem8Eh1B_FO9dZkaHVdZpa7Ig_a5bXF9Lwc7t9BoV6-9eg8azM41hFDymgSKWth5Iw6WoUQMg8AYNF4z6g1oFKWnHODCaBIvD_Myja9:1qPrqm:Nwu7iCT-H3PMAN3XzEnil2dJ5aQgiezhTUcZHdbEhCI	2023-08-12 21:51:48.13043+00
yto2gkapjjxbf1sk91o3frpihdnx97lk	.eJxVjMsOwiAQRf-FtSEgr8Gl-34DgRmQqoGktCvjv2uTLnR7zzn3xULc1hq2kZcwE7swYKffLUV85LYDusd26xx7W5c58V3hBx186pSf18P9O6hx1G8dCTHD2WnwBGiUtVIXcNIqkaIXYMCbgroko7KUznkqxRcQKiMZb4G9P-B8N60:1qL6py:brpW4OV6UAcPQZEP8yUkNh6OjASGAN35BJ4HhKhd418	2023-07-30 18:51:18.354329+00
8id5ivasb4wlbizooxxgulzwwyxsjqz9	.eJxVjMsOwiAQRf-FtSEFBui4dO83NDM8pGogKe3K-O_apAvd3nPOfYmJtrVMW0_LNEdxFlacfjem8Eh1B_FO9dZkaHVdZpa7Ig_a5bXF9Lwc7t9BoV6-9eg8azM41hFDymgSKWth5Iw6WoUQMg8AYNF4z6g1oFKWnHODCaBIvD_Myja9:1qQQzg:umlzvhfwZlpYo9rd9eNexUcs5XiT5nSCxubhRj8VWfk	2023-08-14 11:23:20.970463+00
9p685v6xlt28zh6u8cv15mhkf1ut1o6h	.eJxVjMsOwiAQRf-FtSEgr8Gl-34DgRmQqoGktCvjv2uTLnR7zzn3xULc1hq2kZcwE7swYKffLUV85LYDusd26xx7W5c58V3hBx186pSf18P9O6hx1G8dCTHD2WnwBGiUtVIXcNIqkaIXYMCbgroko7KUznkqxRcQKiMZb4G9P-B8N60:1qLLxF:EPOrMYv4vGYXFb8g_pGyyNPCNanOfDNWAFED8wGW1ZU	2023-07-31 10:59:49.999222+00
yt69xjoqy0soysfq868gm107lfz1orxj	.eJxVjEEOwiAQRe_C2pCSgTLj0r1nIANMpWpoUtpV491tky50-997f1OB16WEtckcxqyuCtTld4ucXlIPkJ9cH5NOU13mMepD0Sdt-j5led9O9--gcCt73TFG7wwh54TYiwWKXXIeh0RGGAiEyJOLZkABx_1O2KFNAM4CWvX5AtsIN0U:1qMwGy:BKJCyFiSrp9cQd0AyC-GgSpP4gXe6kydCLlOM_wE0mU	2023-08-04 19:58:44.49448+00
qhnu97v3kw66t778j136hnmjct051g8a	.eJxVjDsOwjAQBe_iGln4s7ZDSZ8zWLveDQ6gRIqTCnF3iJQC2jcz76UybmvNW5Mlj6wuKqjT70ZYHjLtgO843WZd5mldRtK7og_adD-zPK-H-3dQsdVvTcUOziYoljwnCzB0wRsPJp1dRxjRhEhAHYJAEu8NOxIjyfrIjguo9wfQSzd5:1qTQ6d:ARtYo1vBD-1q5XaUq9LKTU-B_0-51bzPkVV7-cdBlhw	2023-08-22 17:02:51.806092+00
n8dtnh57rbqzo8xpb9uyhuufmf80qf93	.eJxVjDsOwjAQBe_iGln4s7ZDSZ8zWLveDQ6gRIqTCnF3iJQC2jcz76UybmvNW5Mlj6wuKqjT70ZYHjLtgO843WZd5mldRtK7og_adD-zPK-H-3dQsdVvTcUOziYoljwnCzB0wRsPJp1dRxjRhEhAHYJAEu8NOxIjyfrIjguo9wfQSzd5:1qMyfg:DyuHlIGA0OcockbcVuD8ICOhbGsg5HHJ2MXSvvgoRVE	2023-08-04 22:32:24.323146+00
d1lxueq2j5t48i787nlxpcawccvgrdwn	.eJxVjDsOwjAQBe_iGln4s7ZDSZ8zWLveDQ6gRIqTCnF3iJQC2jcz76UybmvNW5Mlj6wuKqjT70ZYHjLtgO843WZd5mldRtK7og_adD-zPK-H-3dQsdVvTcUOziYoljwnCzB0wRsPJp1dRxjRhEhAHYJAEu8NOxIjyfrIjguo9wfQSzd5:1qTQKY:PE9hrWvOzk4ID7ywnPrPzlzyYAGLXzC1irZsXx7K6UQ	2023-08-22 17:17:14.229802+00
k7s9fm8oiagoz4q0gkmqqueyfjgdkkbx	.eJxVjDsOwjAQBe_iGln4s7ZDSZ8zWLveDQ6gRIqTCnF3iJQC2jcz76UybmvNW5Mlj6wuKqjT70ZYHjLtgO843WZd5mldRtK7og_adD-zPK-H-3dQsdVvTcUOziYoljwnCzB0wRsPJp1dRxjRhEhAHYJAEu8NOxIjyfrIjguo9wfQSzd5:1qNxb1:kh71DDy-I7bd0RjoHBp8eTMYLmzwnz1q4wjUKi99cx4	2023-08-07 15:35:39.616739+00
azakinljbykklh17w01wqzt1iqqzmunl	.eJxVjMsOwiAQRf-FtSEgr8Gl-34DgRmQqoGktCvjv2uTLnR7zzn3xULc1hq2kZcwE7swYKffLUV85LYDusd26xx7W5c58V3hBx186pSf18P9O6hx1G8dCTHD2WnwBGiUtVIXcNIqkaIXYMCbgroko7KUznkqxRcQKiMZb4G9P-B8N60:1qOIh8:5q6MFw-ajFZ3VACVSasJj6u-SgUhHsTlq1vtIGkE5UA	2023-08-08 14:07:22.839031+00
\.


--
-- Data for Name: main_brand; Type: TABLE DATA; Schema: public; Owner: myprojectuser
--

COPY public.main_brand (id, name) FROM stdin;
\.


--
-- Data for Name: main_category; Type: TABLE DATA; Schema: public; Owner: myprojectuser
--

COPY public.main_category (id, title, code, image) FROM stdin;
1	cat	ct	/static/images/mark.jpg
2	Roulement	rlmnt	/static/images/mark.jpg
3	Courroie	cr	/static/images/mark.jpg
4	Arret d huile	arr	/static/images/mark.jpg
5	Huile	hl	/static/images/mark.jpg
6	Refregirant	rfrg	https://res.cloudinary.com/yurey/image/upload/v1686508973/Capture_One_26454_CUT_assemblies_cr6nh6.png
7	Filters	ftr	/static/images/mark.jpg
8	CROISILLON	crois	/static/images/mark.jpg
9	POMPE EAU	pr	/static/images/mark.jpg
10	POMPE GASOIL	pg	/static/images/mark.jpg
11	Triagle suspenssion	trin	https://res.cloudinary.com/yurey/image/upload/v1690023443/170_lcu9sl.jpg
12	BUTTE	BT	/static/images/mark.jpg
13	PIPE EAU	PP	/static/images/mark.jpg
14	POMPE ASSIETE	PP	/static/images/mark.jpg
\.


--
-- Data for Name: main_client; Type: TABLE DATA; Schema: public; Owner: myprojectuser
--

COPY public.main_client (id, name, city, address, phone, user_id) FROM stdin;
2	NOUR PA 	AIT MELOL	ROUTE PRINCIPAL BIOUGRA	0528244070	\N
3	TEST	AIT MELLOUL	TEST ADDRESS	06666666666	\N
4	hannous boulhya	ouarzazate	med v	0660616263	\N
5	GRANADA 	MEKNES	BD MED V	0661213264	\N
6	Granada	Meknes	Bd med 5	0661213264	\N
7	Said	Meknes	Bd med v	0661213264	\N
8	Said	Meknes	Bd med v	0661155097	\N
9	Said 	Meknes	1040 agdal	0661902472	\N
10	test	ait melloul	route principal	0628599249	\N
\.


--
-- Data for Name: main_coupon; Type: TABLE DATA; Schema: public; Owner: myprojectuser
--

COPY public.main_coupon (id, code, amount) FROM stdin;
\.


--
-- Data for Name: main_mark; Type: TABLE DATA; Schema: public; Owner: myprojectuser
--

COPY public.main_mark (id, name, image) FROM stdin;
3	BESEKA	https://res.cloudinary.com/yurey/image/upload/v1683936992/download_p8xdoe.jpg
4	BRAXIS	https://res.cloudinary.com/yurey/image/upload/v1683967860/R_5d4974c36babd_Brakis_lrnvnt.jpg
2	BENDIX	https://res.cloudinary.com/yurey/image/upload/v1683918770/Bendix_small_curve_logo_bdjrpg.svg
1	FARE	https://res.cloudinary.com/yurey/image/upload/v1683888867/autoparts/fare-logo_i7jxcc.jpg
5	AUTRE	/static/images/mark.jpg
6	ETS	https://res.cloudinary.com/yurey/image/upload/v1684520613/logo_mr3ug9.png
9	SNR	https://res.cloudinary.com/yurey/image/upload/v1684743704/download_bpdjjx.png
10	gates	https://res.cloudinary.com/yurey/image/upload/v1684791279/download_u7dwmy.jpg
11	JENP	https://res.cloudinary.com/yurey/image/upload/v1685319033/download_dygt40.jpg
12	SAHARA OIL	https://res.cloudinary.com/yurey/image/upload/v1686228151/saharaoil_vd0car.jpg
13	SMF FILTERS	https://res.cloudinary.com/yurey/image/upload/v1686668250/smf-tanitim-filmi-moment2_hz8ubm.jpg
14	RUBENA	https://res.cloudinary.com/yurey/image/upload/v1688826432/images_i6zu8v.jpg
16	GDDB (Pompe Eau/Gas)	/static/images/mark.jpg
17	MRS/Q@J/VCIXI	https://res.cloudinary.com/yurey/image/upload/v1689283486/MRS_drdusu.jpg
15	MRS (Croisillon)	https://res.cloudinary.com/yurey/image/upload/v1689719303/IMG-20221012-WA0006_bnhaew.jpg
18	TIBAO	https://res.cloudinary.com/yurey/image/upload/v1690579046/oZz6Yq6M_400x400_yzk4wr.jpg
\.


--
-- Data for Name: main_model; Type: TABLE DATA; Schema: public; Owner: myprojectuser
--

COPY public.main_model (id, name) FROM stdin;
\.


--
-- Data for Name: main_order; Type: TABLE DATA; Schema: public; Owner: myprojectuser
--

COPY public.main_order (id, date, code, salseman, modpymnt, modlvrsn, total, totalremise, isdelivered, ispaied, clientname, clientphone, clientaddress, client_id) FROM stdin;
8	2023-05-25 18:41:27.845567+00	6d675d48-79ff-479e-a3af-894919498077	abdelwahed	effet	baha	5207.20	0.00	t	t	\N	\N	\N	2
10	2023-06-10 18:55:39.660949+00	8a4ed9b9-32fb-49a3-8e3a-40cfd11a6ff9	bouabid	cheque	SDTM	4135.00	4135.00	f	f	\N	\N	\N	4
11	2023-06-11 22:57:46.903214+00	ba06bcb1-71ca-4d25-852a-dcd60ebec8b9	said	cheque	SDTM	2558.91	0.00	f	f	\N	\N	\N	5
12	2023-06-11 23:00:35.22781+00	0f6745a0-58a3-4cb8-a4b7-fe1f54c4f1b2	said	cheque	SDTM	2473.48	0.00	f	f	\N	\N	\N	6
13	2023-06-15 16:56:40.931612+00	2a58cd24-7cc8-4248-bc55-4073bd5c63a3	said	cheque	SDTM	955.80	0.00	t	f	\N	\N	\N	7
14	2023-07-25 17:01:51.091707+00	75f9d56a-f805-447e-9238-9fee34e99353	abdelwahed	effet	BG	2560.25	0.00	t	f	\N	\N	\N	2
15	2023-08-08 17:07:12.998989+00	040c12d1-f6ad-4018-ad24-e61c56cd4b67	abdelwahed	cheque	BG	3000.00	0.00	f	f	\N	\N	\N	10
\.


--
-- Data for Name: main_orderitem; Type: TABLE DATA; Schema: public; Owner: myprojectuser
--

COPY public.main_orderitem (id, ref, name, qty, order_id, date, product_id) FROM stdin;
15	fa2499	support mot ford focus-1138568	1	8	2023-05-25 18:41:27.848268+00	423
16	fa9899	thermostat transit std	1	8	2023-05-25 18:41:27.854317+00	576
17	fa4146	sup stb av ext doblo 46777764= b6036	4	8	2023-05-25 18:41:27.857033+00	609
18	fa0996a	bielette ar audi a3 golf5 caddy passat nm-1k0505465c	2	8	2023-05-25 18:41:27.859967+00	617
19	fa0862	bielette b/s golf -191411315	2	8	2023-05-25 18:41:27.862193+00	618
20	fatb230	bouchon vase eau golf2 jetta2 polo passat	1	8	2023-05-25 18:41:27.864464+00	622
21	fa10295	radiateur huile audi/seat/vw/golf4 1.9tdi	1	8	2023-05-25 18:41:27.866619+00	647
22	fatr570	triangle direction  caddy3 golf6	1	8	2023-05-25 18:41:27.876817+00	686
23	fa4343	kit silentbloc berl c5 p605 partner 575129	1	8	2023-05-25 18:41:27.879867+00	753
24	fa3059	pipe eau citroen pgt jumper-024542	1	8	2023-05-25 18:41:27.883396+00	755
25	fa1164	silent b/s p405 p305-509434 -pcs	2	8	2023-05-25 18:41:27.887358+00	779
26	fa4058	silentbloc citron c2-352398	2	8	2023-05-25 18:41:27.889965+00	787
27	fa4005	sup mot tepee p508 c5 gh-180674	1	8	2023-05-25 18:41:27.892281+00	803
28	fa5283	support arr jumper 180695	1	8	2023-05-25 18:41:27.894506+00	810
29	fatr406	triangle droite p205.p309.turbo .essence	1	8	2023-05-25 18:41:27.896791+00	836
30	bac340ny18	butee d'embrayage renault clio iv dacia lodgy	4	8	2023-05-25 18:41:27.899109+00	1536
31	bac34004	butee d'embrayage peugeot p205-c15	1	8	2023-05-25 18:41:27.901302+00	1532
32	xgb41930	roulement av renault dokker lodgy 12+ meg2 1.9dci (abs)	2	8	2023-05-25 18:41:27.903234+00	1775
33	xgb40246s07p	roulement av peugeot p807 - c8	2	8	2023-05-25 18:41:27.905276+00	1761
34	xgb41793r01	roulement av renault megane iv 2015+ lodgy dokker	2	8	2023-05-25 18:41:27.907546+00	1773
35	tgb12095s44	moyeu ar renault clio iii- kangoo- megane- express	1	8	2023-05-25 18:41:27.909575+00	1745
39	b2513	sup mot ar bipper-nemo-fiorino -linea -200 mm -	20	10	2023-06-10 18:55:39.665195+00	112
40	b2514	sup mot ar bipper-nemo-fiorino - linea	2	10	2023-06-10 18:55:39.674539+00	113
41	b2515	sup mot ar fiorino- citroen-bipper - nemo- 180mm- 51805434	2	10	2023-06-10 18:55:39.677595+00	114
42	b2516	sup mot ar gr punto - fiorino -linea- 200 mm - 51855676	1	10	2023-06-10 18:55:39.680557+00	115
43	b6110	sup mot dr fiat grande punto1.3 - 557004353	3	10	2023-06-10 18:55:39.683516+00	122
44	10r32007c	kit de roulement ar renault trafic 2.5 d (89-01) - mer classe c- ss	1	11	2023-06-11 22:57:46.906829+00	1506
45	ab12076	roulement ar peugeot j5- c25 -ir8488	1	11	2023-06-11 22:57:46.912095+00	1520
46	ga35900	tendeur peugeot p206- p307 1.4 hdi -c3	1	11	2023-06-11 22:57:46.914413+00	1595
47	ah85.110.10	ah 85x110x10	1	11	2023-06-11 22:57:46.916882+00	2933
48	ah/55.76.10	a.h 55x76x10 roue ar - ford tranzit	1	11	2023-06-11 22:57:46.91914+00	2934
49	b2513	sup mot ar bipper-nemo-fiorino -linea -200 mm -	1	11	2023-06-11 22:57:46.921262+00	112
50	10w40-5l	SAHARA OIL	10	11	2023-06-11 22:57:46.923495+00	2960
51	10r32007c	kit de roulement ar renault trafic 2.5 d (89-01) - mer classe c- ss	1	12	2023-06-11 23:00:35.230853+00	1506
52	ab12458s06	roulement boite de vitesse  r9-r11	5	12	2023-06-11 23:00:35.235483+00	1521
53	10w40-5l	SAHARA OIL	5	12	2023-06-11 23:00:35.238415+00	2960
54	5015	c/dist vw 108d x 19 golf 1.0 ess	2	12	2023-06-11 23:00:35.241013+00	1798
55	10r32007c	kit de roulement ar renault trafic 2.5 d (89-01) - mer classe c- ss	1	13	2023-06-15 16:56:40.935034+00	1506
56	ab12458s06	roulement boite de vitesse  r9-r11	1	13	2023-06-15 16:56:40.941305+00	1521
57	ab12831	roulement boite de vitesse  r9-r11	2	13	2023-06-15 16:56:40.94396+00	1522
58	ab41376s03	roulement boite de vitesse  renault	2	13	2023-06-15 16:56:40.946686+00	1523
59	ab41376ys04	roulement boite de vitesse  kangoo dci megane	2	13	2023-06-15 16:56:40.948975+00	1524
60	31325045	refrigerant volvo c30 c70 s60 v80 s80-2007-2017	1	14	2023-07-25 17:01:51.096729+00	3018
61	fa5278	sup amort bipper nemo fiat av d 1807gp	2	14	2023-07-25 17:01:51.10467+00	602
62	fa5279	sup amort bipper nemo fiat av g 1807gp	2	14	2023-07-25 17:01:51.107808+00	603
63	fa0996a	bielette ar audi a3 golf5 caddy passat nm-1k0505465c	2	14	2023-07-25 17:01:51.111217+00	617
64	r15859	kit de roulement ar fiat grand punto- punto evo	1	14	2023-07-25 17:01:51.114298+00	1725
65	r155120	kit de roulement av renault trafic iii opel vivaro +14	1	14	2023-07-25 17:01:51.1176+00	1720
66	23.2113308907	triangle merc 211 g/d 2002-2009	2	15	2023-08-08 17:07:13.003458+00	4442
67	23.2513300807	triangle sup mer ml 164-2005-2015 d/g	1	15	2023-08-08 17:07:13.008411+00	4443
68	23.2203308447	triangle merc type220 d/g	3	15	2023-08-08 17:07:13.011524+00	4444
\.


--
-- Data for Name: main_pairingcode; Type: TABLE DATA; Schema: public; Owner: myprojectuser
--

COPY public.main_pairingcode (id, code, amount) FROM stdin;
\.


--
-- Data for Name: main_produit; Type: TABLE DATA; Schema: public; Owner: myprojectuser
--

COPY public.main_produit (id, name, price, stock, ref, image, min, isoffer, offre, category_id, mark_id, checkprice) FROM stdin;
2933	ah 85x110x10	29	t	ah85.110.10	/static/images/ah85.110.10.jpg		f		4	11	\N
2934	a.h 55x76x10 roue ar - ford tranzit	20	t	ah/55.76.10	/static/images/AH/55.76.10.jpg		f		4	11	\N
2935	ah 17x27x7 ford transit assiste gonfleur	16	t	ah/17.27.7	/static/images/AH/17.27.7.jpg		f		4	11	\N
2936	ah 79.38x 95.25x11- ford transit mot ar	28	t	ah/79.38x95.2	/static/images/AH/79.38X95.2.jpg		f		4	11	\N
2937	a. h 79.36x95.23x11 = 10096 mot ar ford transit nm	28	t	ah/79.36x95.2	/static/images/AH/79.36X95.2.jpg		f		4	11	\N
2938	a.h_ ford f206 m/r k300	28	t	ah6311422	/static/images/AH6311422.jpg		f		4	11	\N
8	extincteur 2kg	162	t	ch2kg	/static/images/ens/ch2kg.jpg		f		1	5	\N
9	extincteur 4kg	250	t	ch4kg	/static/images/ens/ch4kg.jpg		f		1	5	\N
10	fusible std 40a	0.28	t	f40a	/static/images/vis/f40a.jpg	100.0	f		1	5	\N
11	bouchon d'huile ford1.8-71740676/1131866	23.5	t	fa11609	/static/images/fa11609.jpg		f		1	1	\N
12	fusible std 16a	0.28	t	f16a	/static/images/vis/f16a.jpg	100.0	f		1	5	\N
13	fusible elec 25 mm	0.31	t	z25	/static/images/vis/z25.jpg	100.0	f		1	5	\N
14	fusible elec 20 mm	0.35	t	z20	/static/images/vis/z20.jpg	100.0	f		1	5	\N
15	fisible elec 10 mm	0.31	t	z10	/static/images/vis/z10.jpg	100.0	f		1	5	\N
16	fusible 25	0.28	t	f25a	/static/images/vis/f25a.jpg	100.0	f		1	5	\N
17	extincteur 6kg	350	t	ch6kg	/static/images/ens/ch6kg.jpg		f		1	5	\N
18	extincteur 1kg	32.5	t	ch1kg	/static/images/ens/ch1kg.jpg		f		1	5	\N
19	extincteur 9kg	562	t	ch9kg	/static/images/ens/ch9kg.jpg		f		1	5	\N
20	fusible elec 30 mm	0.35	t	z30	/static/images/vis/z30.jpg		f		1	5	\N
21	fusible elec 35 mm	0.35	t	z35	/static/images/vis/z35.jpg		f		1	5	\N
22	relais 12 v  5 fiche  27 x 6 a 11	5	t	sa1710	/static/images/vis/sa1710.jpg		f		1	5	\N
23	relais 12 v 4 fiche  jaguar - dh22-14b192-aa	5	t	sa1759	/static/images/vis/sa1759.jpg		f		1	5	\N
24	relais 12 v 4 fiche 20 amb  fiat	5	t	sa1708	/static/images/vis/sa1708.jpg		f		1	5	\N
25	relais 12 v 4 fiche 30 amb fiat	5	t	sa1707	/static/images/vis/sa1707.jpg		f		1	5	\N
26	relais gm 4 fiche oem 13266316	5	t	sa1761	/static/images/vis/sa1761.jpg		f		1	5	\N
60	fusible std 8a	0.28	t	f8a	/static/images/vis/f8a.jpg	100.0	f		1	5	\N
37	filtre a air  p207 p308 - 1444xg	35	t	sf2130	/static/images/fltrair/sf2130.jpg		f		1	13	\N
38	filtre a air accent ii 06-2811325500=smt3012	51	t	sf8003	/static/images/fltrair/sf8003.jpg		f		1	13	\N
39	filtre a air accent iii 06 - 281131g000	36	t	sf2066	/static/images/fltrair/sf2066.jpg		f		1	13	\N
40	filtre a air dokker 12 -lodgy	39	t	sf2115	/static/images/fltrair/sf2115.jpg		f		1	13	\N
41	filtre a air duster ii 10 logan	38	t	sf2008	/static/images/fltrair/sf2008.jpg		f		1	13	\N
42	filtre a air fiat doblo puntoo	29	t	sf2072	/static/images/fltrair/sf2072.jpg		f		1	13	\N
43	filtre a air fiesta 02 -	39	t	sf2020	/static/images/fltrair/sf2020.jpg		f		1	13	\N
35	filtre daf xf cf nm - 2277129	524.52	t	bg1501	/static/images/fltrair/bg1501.jpg		f		1	13	\N
61	flecteur transmission ford transit 2.4d	209.16	t	fa4192	/static/images/fa4192.jpg		f		1	1	\N
62	kit pidal embryage ford transit -6186200	32.41	t	fa0874	/static/images/fa0874.jpg		f		1	1	\N
63	necessaire dembrayage forde mondieo- 6706221	39.5	t	fa2190	/static/images/fa2190.jpg		f		1	1	\N
65	circlips  100mm-int	6.87	t	ci100mm	/static/images/crclp/ci100mm.jpg	50.0	f		1	5	\N
73	cric hydraulique st	141.75	t	2ton	/static/images/crc/2ton.jpg		f		1	5	\N
74	cric hydraulique st	166.95	t	5ton	/static/images/crc/5ton.jpg		f		1	5	\N
75	cric hydraulique st	233.11	t	10ton	/static/images/crc/10ton.jpg		f		1	5	\N
76	cric hydraulique st	352.81	t	20ton	/static/images/crc/20ton.jpg		f		1	5	\N
77	cric hydraulique st	422.11	t	30ton	/static/images/crc/30ton.jpg		f		1	5	\N
78	cric hydraulique st	705.11	t	50ton	/static/images/crc/50ton.jpg		f		1	5	\N
79	nfloor jack 2 ton	352.81	t	floor2ton	/static/images/crc/floor2ton.jpg		f		1	5	\N
82	circlip 100 mm ext	9.47	t	ce100mm	/static/images/crclp/ce100mm.jpg	50.0	f		1	5	\N
83	circlips  105mm -ext	11.31	t	ce105mm	/static/images/crclp/ce105mm.jpg	50.0	f		1	5	\N
84	circlips  105mm -int	9.47	t	ci105mm	/static/images/crclp/ci105mm.jpg	50.0	f		1	5	\N
85	circlips  110mm-int	9.47	t	ci110mm	/static/images/crclp/ci110mm.jpg	50.0	f		1	5	\N
86	circlips  115mm-int	10.97	t	ci115mm	/static/images/crclp/ci115mm.jpg	50.0	f		1	5	\N
87	circlips  120mm-int	10.97	t	ci120mm	/static/images/crclp/ci120mm.jpg	50.0	f		1	5	\N
88	circlips  125mm-int	12.33	t	ci125mm	/static/images/crclp/ci125mm.jpg	50.0	f		1	5	\N
89	circlips  130mm-int	13.11	t	ci130mm	/static/images/crclp/ci130mm.jpg	50.0	f		1	5	\N
90	circlips  135mm-int	14.48	t	ci135mm	/static/images/crclp/ci135mm.jpg	50.0	f		1	5	\N
91	circlips 8mm-ext	0.2	t	ce8mm	/static/images/crclp/ce8mm.jpg	50.0	f		1	5	\N
92	circlips  12mm-ext	0.33	t	ce12mm	/static/images/crclp/ce12mm.jpg	50.0	f		1	5	\N
93	circlips  14mm-ext	0.33	t	ce14mm	/static/images/crclp/ce14mm.jpg	50.0	f		1	5	\N
94	circlips  16mm-ext	0.46	t	ce16mm	/static/images/crclp/ce16mm.jpg	50.0	f		1	5	\N
95	circlips  17mm-ext	0.46	t	ce17mm	/static/images/crclp/ce17mm.jpg	50.0	f		1	5	\N
96	circlips  22mm-ext	0.58	t	ce22mm	/static/images/crclp/ce22mm.jpg	50.0	f		1	5	\N
97	circlips  25mm-ext	0.72	t	ce25mm	/static/images/crclp/ce25mm.jpg	50.0	f		1	5	\N
98	circlips  26mm-int	0.85	t	ci26mm	/static/images/crclp/ci26mm.jpg	50.0	f		1	5	\N
99	circlips  28mm-int	0.92	t	ci28mm	/static/images/crclp/ci28mm.jpg	50.0	f		1	5	\N
100	circlips  30mm-ext	1	t	ce30mm	/static/images/crclp/ce30mm.jpg	50.0	f		1	5	\N
101	circlips  32mm-int	1.1	t	ci32mm	/static/images/crclp/ci32mm.jpg	50.0	f		1	5	\N
102	circlips  35mm-ext	1.56	t	ce35mm	/static/images/crclp/ce35mm.jpg	50.0	f		1	5	\N
103	circlips  37mm-int	1.62	t	ci37mm	/static/images/crclp/ci37mm.jpg	50.0	f		1	5	\N
104	circlips  40mm-ext	1.82	t	ce40mm	/static/images/crclp/ce40mm.jpg	50.0	f		1	5	\N
105	circlips  41mm-int	2.54	t	ci41mm	/static/images/crclp/ci41mm.jpg	50.0	f		1	5	\N
106	circlips  45mm-ext	2.15	t	ce45mm	/static/images/crclp/ce45mm.jpg	50.0	f		1	5	\N
107	circlips  52mm-int	2.21	t	ci52mm	/static/images/crclp/ci52mm.jpg	50.0	f		1	5	\N
108	circlips  55mm-ext	3.96	t	ce55mm	/static/images/crclp/ce55mm.jpg	50.0	f		1	5	\N
109	circlips  60mm-ext	4.22	t	ce60mm	/static/images/crclp/ce60mm.jpg	50.0	f		1	5	\N
110	circlips  62mm-int	2.98	t	ci62mm	/static/images/crclp/ci62mm.jpg	50.0	f		1	5	\N
111	cric hydraulique st	204.75	t	8ton	/static/images/crc/8ton.jpg		f		1	5	\N
112	sup mot ar bipper-nemo-fiorino -linea -200 mm -	145	t	b2513	/static/images/sup/b2513.jpg		f		1	3	\N
113	sup mot ar bipper-nemo-fiorino - linea	145	t	b2514	/static/images/sup/b2514.jpg		f		1	3	\N
114	sup mot ar fiorino- citroen-bipper - nemo- 180mm- 51805434	130	t	b2515	/static/images/sup/b2515.jpg		f		1	3	\N
115	sup mot ar gr punto - fiorino -linea- 200 mm - 51855676	130	t	b2516	/static/images/sup/b2516.jpg		f		1	3	\N
116	sup mot ar gr punto- fiorino-linea- 180 mm - 51805433	130	t	b2518	/static/images/sup/b2518.jpg		f		1	3	\N
117	sup mot ar palio siena albea-51731216	188	t	11.sp.fi6011	/static/images/sup/11.sp.fi6011.jpg		f		1	3	\N
118	sup mot av dr fiat tempra tipo 1.4-1.6  -7610541	99	t	11.sp.fi6710	/static/images/sup/11.sp.fi6710.jpg		f		1	3	\N
119	sup mot dacia 112539045r	148	t	b8347	/static/images/sup/b8347.jpg		f		1	3	\N
120	sup mot dacia logan-60015492023	450	t	b8711	/static/images/sup/b8711.jpg		f		1	3	\N
121	sup mot dacia logan 05 sandero-113753301r	450	t	b8718	/static/images/sup/b8718.jpg		f		1	3	\N
122	sup mot dr fiat grande punto1.3 - 557004353	185	t	b6110	/static/images/sup/b6110.jpg		f		1	3	\N
123	sup mot dr grand punto romeo 55700431-51838808	178	t	b7113	/static/images/sup/b7113.jpg		f		1	3	\N
124	sup mot ducato boxer jumper 2002 av - 1335124080	316	t	11.sp.fi23151	/static/images/sup/11.sp.fi23151.jpg		f		1	3	\N
125	sup mot fiat doblo -gr punto-linea -fiorino1.3 mjt-	300	t	b25104	/static/images/sup/b25104.jpg		f		1	3	\N
126	sup mot fiat doblo 1.3 mjt - 51799110	450	t	11.sp.6514	/static/images/sup/11.sp.6514.jpg		f		1	3	\N
127	sup mot fiat linea 1.4-peugeot 1.4 - fiorino-51813605	155	t	b25111	/static/images/sup/b25111.jpg		f		1	3	\N
128	sup mot fiat new doblo -51849522-51813605	225	t	11.sp.fi6515	/static/images/sup/11.sp.fi6515.jpg		f		1	3	\N
129	sup mot fiat palio-siena-albea- 1.2-1.6 - 46348629	98	t	b6312	/static/images/sup/b6312.jpg		f		1	3	\N
130	sup mot fiat punto 50508653	330	t	b6118	/static/images/sup/b6118.jpg		f		1	3	\N
131	sup mot fiat punto 55700442	66	t	b61192	/static/images/sup/b61192.jpg		f		1	3	\N
132	sup mot fiat tipo 519838800e	200	t	b6811	/static/images/sup/b6811.jpg		f		1	3	\N
133	sup mot fiat tipo2 519838660e	188	t	b6813	/static/images/sup/b6813.jpg		f		1	3	\N
134	sup mot gh fiat alfa romeo-grande punto- 55700434	185	t	b6112	/static/images/sup/b6112.jpg		f		1	3	\N
135	sup mot gh fiat alfa romeo-grande punto- 55702833	185	t	b6111	/static/images/sup/b6111.jpg		f		1	3	\N
136	sup mot megane3 scenic3 fluence112100020r	360	t	b8611	/static/images/sup/b8611.jpg		f		1	3	\N
137	sup mot opel corsa diesel 55702833	182	t	b7111	/static/images/sup/b7111.jpg		f		1	3	\N
138	sup mot opel corsa3 55700434	182	t	b7112	/static/images/sup/b7112.jpg		f		1	3	\N
139	cyl roue  c1 toyota aygo lpr4772 barxis	116	t	aj2111	/static/images/cyl/aj2111.jpg		f		1	4	\N
140	cyl roue alfa romeo 145-146 lpr4477 barxis	65	t	aj2029	/static/images/cyl/aj2029.jpg		f		1	4	\N
141	cyl roue cit jumper ducato boxer lpr4485 barxis	89	t	aj2034	/static/images/cyl/aj2034.jpg		f		1	4	\N
142	cyl roue citroen xsara lpr4875 barxis	89	t	aj2079	/static/images/cyl/aj2079.jpg		f		1	4	\N
143	cyl roue escort v focus lpr4258 barxis	44	t	aj2018	/static/images/cyl/aj2018.jpg		f		1	4	\N
144	cyl roue fiat tempra tipo lpr4467 barxis	42	t	aj2024	/static/images/cyl/aj2024.jpg		f		1	4	\N
145	cyl roue ford escort v focus lpr4259 barxis	54	t	aj2019	/static/images/cyl/aj2019.jpg		f		1	4	\N
146	cyl roue guauche l200 triton lpr5246 barxis	182	t	aj2131	/static/images/cyl/aj2131.jpg		f		1	4	\N
147	cyl roue isuzu d max2-lpr5166 barxis	195	t	aj2141	/static/images/cyl/aj2141.jpg		f		1	4	\N
148	cyl roue opel ascona astra lpr4245 barxis	44	t	aj2014	/static/images/cyl/aj2014.jpg		f		1	4	\N
149	cyl roue p206 saxo lpr4690 barxis	152	t	aj2110	/static/images/cyl/aj2110.jpg		f		1	4	\N
150	cyl roue pgt expert citroen lpr4891 barxis	88	t	aj2081	/static/images/cyl/aj2081.jpg		f		1	4	\N
151	cyl roue rnt megane i -lpr4063 barxis	63	t	aj2010	/static/images/cyl/aj2010.jpg		f		1	4	\N
152	cyl roue saxo lpr46773 barxis	85	t	aj2107	/static/images/cyl/aj2107.jpg		f		1	4	\N
153	cyl roue xsara3 barxis	62	t	aj2170	/static/images/cyl/aj2170.jpg		f		1	4	\N
154	maitre cyl clio symbol express lpr1228	190	t	aj0021	/static/images/mcyl/aj0021.jpg		f		1	4	\N
155	circlips  72mm-int	4	t	ci72mm	/static/images/crclp/ci72mm.jpg	50.0	f		1	5	\N
156	circlips  75mm-ext	6.88	t	ce75mm	/static/images/crclp/ce75mm.jpg	50.0	f		1	5	\N
157	circlips  80mm-ext	7.41	t	ce80mm	/static/images/crclp/ce80mm.jpg	50.0	f		1	5	\N
158	circlips  80mm-int	5.26	t	ci80mm	/static/images/crclp/ci80mm.jpg	50.0	f		1	5	\N
159	circlips  90mm-ext	8.03	t	ce90mm	/static/images/crclp/ce90mm.jpg	50.0	f		1	5	\N
160	circlips  95mm-ext	8.89	t	ce95mm	/static/images/crclp/ce95mm.jpg	50.0	f		1	5	\N
161	circlips  12mm-ext-std mag	0.3	t	cir12mm	/static/images/crclp/cir12mm.jpg	50.0	f		1	5	\N
162	maitre cyl kangoo lpr99433	488	t	aj4008	/static/images/mcyl/aj4008.jpg		f		1	4	\N
163	maitre cyl megane lpr1299	431	t	aj0132	/static/images/mcyl/aj0132.jpg		f		1	4	\N
164	maitre cyl r12	145	t	aj0199	/static/images/mcyl/aj0199.jpg		f		1	4	\N
165	maitre cyl ranault laguna i - lpr1987	385	t	aj0109	/static/images/mcyl/aj0109.jpg		f		1	4	\N
166	maitre cyl renault laguna i - lpr1943	480	t	aj0100	/static/images/mcyl/aj0100.jpg		f		1	4	\N
167	maitre cyl renault laguna i - lpr1970	456	t	aj0108	/static/images/mcyl/aj0108.jpg		f		1	4	\N
168	maitre cyl rnt clio grandtour/clio	543	t	aj0062	/static/images/mcyl/aj0062.jpg		f		1	4	\N
169	maitre cyl rnt clio i- ii symbol i+abs - lpr1290	520	t	aj0035	/static/images/mcyl/aj0035.jpg		f		1	4	\N
170	maitre cyl rnt trafc opel vivaro -lpr1471	589	t	aj0049	/static/images/mcyl/aj0049.jpg		f		1	4	\N
171	3maitre cyl rnttrafic / twing i- lpr12363	268	t	aj0024	/static/images/mcyl/aj0024.jpg		f		1	4	\N
172	maitre cyli renault laguna	250	t	aj0023	/static/images/mcyl/aj0023.jpg		f		1	4	\N
173	maitre cyl  ducato lpr6232	912	t	aj0145	/static/images/mcyl/aj0145.jpg		f		1	4	\N
174	maitre cyl  fiat doblo lpr9979	728	t	aj4010	/static/images/mcyl/aj4010.jpg		f		1	4	\N
175	maitre cyl doblo	700	t	aj0196	/static/images/mcyl/aj0196.jpg		f		1	4	\N
176	maitre cyl doblo lpr6053	708	t	aj0136	/static/images/mcyl/aj0136.jpg		f		1	4	\N
177	maitre cyl doblo lpr6054	739	t	aj0137	/static/images/mcyl/aj0137.jpg		f		1	4	\N
178	maitre cyl fiat bravo ii / doblo lancia - lpr1716	739	t	aj0068	/static/images/mcyl/aj0068.jpg		f		1	4	\N
179	maitre cyl fiat doblo doblo cargo - lpr1714	698	t	aj0066	/static/images/mcyl/aj0066.jpg		f		1	4	\N
180	maitre cyl fiat grande punto/linea/punto evo-	617	t	aj0059	/static/images/mcyl/aj0059.jpg		f		1	4	\N
181	maitre cyl fiat grn punto/linea/punto evo opel	665	t	aj0060	/static/images/mcyl/aj0060.jpg		f		1	4	\N
182	maitre cyl jumper ducato boxer - lpr6783	366	t	aj0127	/static/images/mcyl/aj0127.jpg		f		1	4	\N
183	maitre cyl uno lpr9909	95	t	aj4002	/static/images/mcyl/aj4002.jpg		f		1	4	\N
184	matre cyl daily lpr6788	581	t	aj0185	/static/images/mcyl/aj0185.jpg		f		1	4	\N
185	maitre cyl astra f classic lpr1058	463	t	aj0200	/static/images/mcyl/aj0200.jpg		f		1	4	\N
186	maitre cyl audi a4 a6 passat - lpr1055	492	t	aj0005	/static/images/mcyl/aj0005.jpg		f		1	4	\N
187	maitre cyl audi a4/a6 seat passat - lpr1329	529	t	aj0042	/static/images/mcyl/aj0042.jpg		f		1	4	\N
188	maitre cyl ford escort5-vii lpr1894	408	t	aj0087	/static/images/mcyl/aj0087.jpg		f		1	4	\N
189	maitre cyl ford fiesta v/fusion mazda - lpr1598	754	t	aj0064	/static/images/mcyl/aj0064.jpg		f		1	4	\N
190	maitre cyl ford transit - lpr1545	345	t	aj0056	/static/images/mcyl/aj0056.jpg		f		1	4	\N
191	maitre cyl ford transit/transit tourneo -	403	t	aj0107	/static/images/mcyl/aj0107.jpg		f		1	4	\N
192	maitre cyl opel astra g-h - lpr6007	658	t	aj0112	/static/images/mcyl/aj0112.jpg		f		1	4	\N
193	maitre cyl merc sprinter toyota avensis- lpr1495	695	t	aj0053	/static/images/mcyl/aj0053.jpg		f		1	4	\N
194	maitre cyl mercedes sprinter - lpr1952	519	t	aj0104	/static/images/mcyl/aj0104.jpg		f		1	4	\N
195	maitre cyl sprinter lpr1748	889	t	aj0159	/static/images/mcyl/aj0159.jpg		f		1	4	\N
196	pompe emb m131 1.6 lpr9911	84	t	aj4003	/static/images/mcyl/aj4003.jpg		f		1	4	\N
197	maitre cyl  c4 lpr6236	604	t	aj0169	/static/images/mcyl/aj0169.jpg		f		1	4	\N
198	maitre cyl  peugeot 308 lpr6270	660	t	aj0174	/static/images/mcyl/aj0174.jpg		f		1	4	\N
199	maitre cyl berlingo	620	t	aj0190	/static/images/mcyl/aj0190.jpg		f		1	4	\N
200	maitre cyl berlingo	420	t	aj4014	/static/images/mcyl/aj4014.jpg		f		1	4	\N
201	maitre cyl c max	550	t	aj0206	/static/images/mcyl/aj0206.jpg		f		1	4	\N
202	maitre cyl c2 c3 trafic opel lpr1317	325	t	aj0038	/static/images/mcyl/aj0038.jpg		f		1	4	\N
203	maitre cyl c3 lpr6170	680	t	aj0167	/static/images/mcyl/aj0167.jpg		f		1	4	\N
204	maitre cyl c3 p2008 p208 p301 lpr6168	645	t	aj0168	/static/images/mcyl/aj0168.jpg		f		1	4	\N
205	maitre cyl c4 lpr1699	536	t	aj0197	/static/images/mcyl/aj0197.jpg		f		1	4	\N
206	maitre cyl citroen jumper ducato boxer - lpr1756	883	t	aj0073	/static/images/mcyl/aj0073.jpg		f		1	4	\N
207	maitre cyl citroen jumper ducato boxer - lpr6784	510	t	aj0128	/static/images/mcyl/aj0128.jpg		f		1	4	\N
208	maitre cyl citroen jumper ducato boxer - lpr6785	537	t	aj0129	/static/images/mcyl/aj0129.jpg		f		1	4	\N
209	maitre cyl citroen jumpy pgt expert - lpr1720	672	t	aj0070	/static/images/mcyl/aj0070.jpg		f		1	4	\N
210	maitre cyl jumper boxer ducato - lpr1368	470	t	aj0044	/static/images/mcyl/aj0044.jpg		f		1	4	\N
211	necessaire pedal ford escort	30.96	t	fa2819	/static/images/fa2819.jpg		f		1	1	\N
212	mayau arr golf 2	100.54	t	fa6072	/static/images/fa6072.jpg		f		1	1	\N
213	matre cyl partner berlingo lpr1762	467	t	aj0134	/static/images/mcyl/aj0134.jpg		f		1	4	\N
214	fusible elec 15 mm	0.31	t	z15	/static/images/vis/z15.jpg	100.0	f		1	5	\N
215	j c daih charade  76.5 mm -ep1.4 mm -l 165 mm/ 380 mm 87105	115.7	t	jcd1069	/static/images/jc/jcd1069.jpg		f		1	5	\N
216	j c honda f20a - dia 84	307.2	t	12251pt0014	/static/images/jc/12251pt0014.jpg		f		1	5	\N
217	j c honda ek - dia 76	101.2	t	12251689010	/static/images/jc/12251689010.jpg		f		1	5	\N
218	j c daih s60 ab 20 dia 70-v57-1111587703	57	t	jcd1071	/static/images/jc/jcd1071.jpg		f		1	5	\N
219	j c honda integra prelude 1800-1          pr4004	250	t	jch1146	/static/images/jc/jch1146.jpg		f		1	5	\N
220	j c hyundai elantra g15b-2231121100	110	t	jch1074	/static/images/jc/jch1074.jpg		f		1	5	\N
221	j c isu 6bg1 dia 105 - eg838	230	t	jci1126	/static/images/jc/jci1126.jpg		f		1	5	\N
222	j c hyundai g4cs - dia 85	123.08	t	2231132600	/static/images/jc/2231132600.jpg		f		1	5	\N
223	j c isu 6bg1 dia 105 -5111411960	225	t	jci1134	/static/images/jc/jci1134.jpg		f		1	5	\N
224	j c isu da220 eg 840 4cyl 10470	90	t	jci1137	/static/images/jc/jci1137.jpg		f		1	5	\N
225	j c kia trade t35000-ok42110271	85	t	jck1153	/static/images/jc/jck1153.jpg		f		1	5	\N
226	j c isu ford tracteur 1720- 3ab1 isuzi   -  89      eg825	100	t	jci1141	/static/images/jc/jci1141.jpg		f		1	5	\N
227	j c maz e2500-eg323	69	t	jcm1159	/static/images/jc/jcm1159.jpg		f		1	5	\N
228	j c maz r2 r2200 dia 86-r20210271	130	t	jcm1157	/static/images/jc/jcm1157.jpg		f		1	5	\N
229	j c mits 4m41t eg 2302-me204037	250	t	jcm1094	/static/images/jc/jcm1094.jpg		f		1	5	\N
230	j c mits 4d95  eg556	150	t	jcm1090	/static/images/jc/jcm1090.jpg		f		1	5	\N
231	j c mits 6d14/ eg 252  -me031489	250	t	jcm1119	/static/images/jc/jcm1119.jpg		f		1	5	\N
232	j c mits 6d15 dia 113  -859	400	t	jcm1113	/static/images/jc/jcm1113.jpg		f		1	5	\N
233	j c mits 6g72  99239	190	t	jcm1097	/static/images/jc/jcm1097.jpg		f		1	5	\N
234	j c mits 6d22 eg 262   51088	180	t	jcm1096	/static/images/jc/jcm1096.jpg		f		1	5	\N
235	j c mits 6g72 eg 2007  45826	170	t	jcm1087	/static/images/jc/jcm1087.jpg		f		1	5	\N
236	j c mits 6g74 md342390	150	t	jcm1086	/static/images/jc/jcm1086.jpg		f		1	5	\N
237	j c mits galant g64bk dia 86.50- md346925	120	t	jcm1102	/static/images/jc/jcm1102.jpg		f		1	5	\N
238	j c mits elva s4e2/ 4cyls eg 284 13201	120	t	jcm1088	/static/images/jc/jcm1088.jpg		f		1	5	\N
239	j c mits eleva 6dr5 6cyls/ eg245    146	250	t	jcm1111	/static/images/jc/jcm1111.jpg		f		1	5	\N
240	j c mits s6s eg299  - 100	300	t	jcm1120	/static/images/jc/jcm1120.jpg		f		1	5	\N
241	j c nis fd6-er  z5505 - 108mm	320	t	jcn1060	/static/images/jc/jcn1060.jpg		f		1	5	\N
242	j c nis maxima 6cyls separe-u05	190	t	jcn1038	/static/images/jc/jcn1038.jpg		f		1	5	\N
243	j c nis maxima 6cyls separe 31u00	190	t	jcn1042	/static/images/jc/jcn1042.jpg		f		1	5	\N
244	j c nis sd33t dia 78.5  -701	300	t	jcn1040	/static/images/jc/jcn1040.jpg		f		1	5	\N
245	j c nis sunny n10 eg904-1104431m00	85	t	jcn1043	/static/images/jc/jcn1043.jpg		f		1	5	\N
246	j c nis td42t turbo 4200/eg 9054 - d00	300	t	jcn1031	/static/images/jc/jcn1031.jpg		f		1	5	\N
247	j c nis td  06j00	300	t	jcn1059	/static/images/jc/jcn1059.jpg		f		1	5	\N
248	j c toy 14b /eg077 58070	286.5	t	jct1023	/static/images/jc/jct1023.jpg		f		1	5	\N
249	j c toy 1c dia 83   64010	139.8	t	jct1027	/static/images/jc/jct1027.jpg		f		1	5	\N
250	j c toy 2h dia 91   - 68010	185	t	jct1001	/static/images/jc/jct1001.jpg		f		1	5	\N
251	j c toy 1c dia 83 eg086	199.05	t	jct1020	/static/images/jc/jct1020.jpg		f		1	5	\N
252	j c toy 3s carina rg034 - 74030	159.3	t	jct1019	/static/images/jc/jct1019.jpg		f		1	5	\N
253	j c toy 5k-1c-er 13040	125.5	t	jct1025	/static/images/jc/jct1025.jpg		f		1	5	\N
254	j c toy prado 1kz dia 94  eg068	230	t	jct1024	/static/images/jc/jct1024.jpg		f		1	5	\N
255	j c toy l-cr b/ eg076  - 56080	215.76	t	jct1010	/static/images/jc/jct1010.jpg		f		1	5	\N
256	j c toyota  ec 100 dia97/ eg402 01390	130	t	jch1076	/static/images/jc/jch1076.jpg		f		1	5	\N
257	joint c nis sd 33t  eg966 - 78.5 mm	320	t	jcn1044	/static/images/jc/jcn1044.jpg		f		1	5	\N
258	pochet jt mits lancer 4d64  65 80 60 eri         97169	523.3	t	fp1310	/static/images/jc/fp1310.jpg		f		1	5	\N
259	 bmw 330i, 330d, 325i , 325d, 323i, 320i, 320	600	t	dx.562749bc	/static/images/dsc/dx.562749bc.jpg		f		1	2	\N
260	 bmw 518  e28 4/81-9/8    df1564	320	t	dx.561161b	/static/images/dsc/dx.561161b.jpg		f		1	2	\N
261	 bmw e36 1 e46    df1538	280	t	dx.561551b	/static/images/dsc/dx.561551b.jpg		f		1	2	\N
262	 bmw serie 5    df2553	320	t	dx.561264b	/static/images/dsc/dx.561264b.jpg		f		1	2	\N
263	 bmw serie 5 e34    df2556	680	t	dx.561478b	/static/images/dsc/dx.561478b.jpg		f		1	2	\N
264	 bmw x3 10/03> av    df4392s	400	t	dx.562350bc	/static/images/dsc/dx.562350bc.jpg		f		1	2	\N
265	 bmw x5    df4187s	400	t	dx.562134b	/static/images/dsc/dx.562134b.jpg		f		1	2	\N
266	 fiat palio sienna    df4037	280	t	dx.562056bc	/static/images/dsc/dx.562056bc.jpg		f		1	2	\N
267	 ford galaxy s-max tt s60 s80 v60 v70 xc70 tt df6185s	320	t	dx.562643bc	/static/images/dsc/dx.562643bc.jpg		f		1	2	\N
268	 ford scorpion   6/88-94  df1648	240	t	dx.561357b	/static/images/dsc/dx.561357b.jpg		f		1	2	\N
269	 hon civic 1.3 8/79-8    df1973	240	t	dx.561144b	/static/images/dsc/dx.561144b.jpg		f		1	2	\N
270	disque de frein honda  jazz    df4152	240	t	dx.562142bc	/static/images/dsc/dx.562142bc.jpg		f		1	2	\N
271	 kia rio, solaris, accent df7928	240	t	dx.562764bc	/static/images/dsc/dx.562764bc.jpg		f		1	2	\N
272	 kia sorento    df6191s	520	t	dx.562773bc	/static/images/dsc/dx.562773bc.jpg		f		1	2	\N
273	disque de frein mazda  6 2.3  06/02- df4442	200	t	dx.562416b	/static/images/dsc/dx.562416b.jpg		f		1	2	\N
274	disque de frein mercedes  c203  e210 clk c208    df2812	440	t	dx.562034bc	/static/images/dsc/dx.562034bc.jpg		f		1	2	\N
275	disque de frein mercedes  clk500 08/02> av    df4725	520	t	dx.562358b	/static/images/dsc/dx.562358b.jpg		f		1	2	\N
276	disque de frein mercedes  type w114 w115 w116 w123 w126 df1574	280	t	dx.561344bc	/static/images/dsc/dx.561344bc.jpg		f		1	2	\N
277	disque de frein mercedes  w140 06/93- 10/98    df2595s	360	t	dx.561573b	/static/images/dsc/dx.561573b.jpg		f		1	2	\N
278	disque de frein mitsubishi  canter truck, canter fe85    df6307s	360	t	dx.562774bc	/static/images/dsc/dx.562774bc.jpg		f		1	2	\N
279	disque de frein mitsubishi  shogun, pajero, montero    df7061s	320	t	dx.562777bc	/static/images/dsc/dx.562777bc.jpg		f		1	2	\N
280	disque de frein nissan  pathfinder df6289	400	t	dx.562782bc	/static/images/dsc/dx.562782bc.jpg		f		1	2	\N
281	 opel signum 2.2vectra c gts 3.2 v6    df4265s	360	t	dx.562385b	/static/images/dsc/dx.562385b.jpg		f		1	2	\N
282	 opel zafira    df4050	160	t	dx.562071b	/static/images/dsc/dx.562071b.jpg		f		1	2	\N
283	disque de frein peugeot  406 406 sw 11/95-05/04    df2782	280	t	dx.562027bc	/static/images/dsc/dx.562027bc.jpg		f		1	2	\N
284	 audi 80 91-96    df2601	320	t	dx.561689b	/static/images/dsc/dx.561689b.jpg		f		1	2	\N
285	 audi q5 tt s4 quattro s5 tt    df4806s	400	t	dx.562645bc	/static/images/dsc/dx.562645bc.jpg		f		1	2	\N
286	 bmw 518  e28  4/81-9/84 df1565	320	t	dx.561186b	/static/images/dsc/dx.561186b.jpg		f		1	2	\N
287	 bmw e30  serie 3   --6/94 df2550	240	t	dx.561324bc	/static/images/dsc/dx.561324bc.jpg		f		1	2	\N
288	 bmw e39 serie 5    df2783	360	t	dx.562036b	/static/images/dsc/dx.562036b.jpg		f		1	2	\N
289	 bmw serie 5  e60 e61 520d 523i 525d 06/04>    df4359	560	t	dx.562320bc	/static/images/dsc/dx.562320bc.jpg		f		1	2	\N
290	 bmw serie 5 serie    df2558	600	t	dx.561479b	/static/images/dsc/dx.561479b.jpg		f		1	2	\N
291	 bmw x3 10/03> av    df4392s	400	t	dx.562350bc	/static/images/dsc/dx.562350bc.jpg		f		1	2	\N
292	mpy ducato 807 expert 07/02         df4257	440	t	dx.562224b	/static/images/dsc/dx.562224b.jpg		f		1	2	\N
293	 ford focus estate/wagon, focus, c-max    df6138	440	t	dx.562752bc	/static/images/dsc/dx.562752bc.jpg		f		1	2	\N
294	 ford probe    df2704	240	t	dx.561716b	/static/images/dsc/dx.561716b.jpg		f		1	2	\N
295	disque de frein honda  accord 2.0 ex 9/89 12/9    df2024	240	t	dx.561671bc	/static/images/dsc/dx.561671bc.jpg		f		1	2	\N
296	disque de frein honda  shuttle legend    df4005	240	t	dx.561813b	/static/images/dsc/dx.561813b.jpg		f		1	2	\N
297	 jeep cherokee 21 td 2.4 td wrangler    df2624	680	t	dx.561537b	/static/images/dsc/dx.561537b.jpg		f		1	2	\N
298	 kia sorento    df4395s	240	t	dx.562772bc	/static/images/dsc/dx.562772bc.jpg		f		1	2	\N
299	disque de frein mercedes  240 d  w123 df4437	360	t	dx.562102b	/static/images/dsc/dx.562102b.jpg		f		1	2	\N
300	disque de frein mercedes  320  w124 df4513	440	t	dx.562037b	/static/images/dsc/dx.562037b.jpg		f		1	2	\N
301	disque de frein mercedes  s350 02/03- 08/05 av	280	t	dx.562333b	/static/images/dsc/dx.562333b.jpg		f		1	2	\N
302	disque de frein mercedes  w126 df1586	360	t	dx.561453b	/static/images/dsc/dx.561453b.jpg		f		1	2	\N
303	disque de frein mercedes  w14006/93- 10/98    df2594	360	t	dx.561572b	/static/images/dsc/dx.561572b.jpg		f		1	2	\N
304	 mini cooper  roadster, mini one, mini coupe, min df6422	520	t	dx.562745bc	/static/images/dsc/dx.562745bc.jpg		f		1	2	\N
305	refrigerant huile jaguar mondeo3 transit	275.87	t	fa14242	/static/images/fa14242.jpg		f		1	1	\N
306	plaquette de frein citroen  av  visa   trw  gdb276 	60	t	dx.571263b	/static/images/plq/dx.571263b.jpg		f		1	2	\N
307	plaquette de frein citroen  av  xantia trw  gdb1301 	96	t	dx.571903b	/static/images/plq/dx.571903b.jpg		f		1	2	\N
308	disque de frein mitsubishi  canter truck, canter fe85    df6640s	360	t	dx.562763bc	/static/images/dsc/dx.562763bc.jpg		f		1	2	\N
309	disque de frein mitsubishi  space runner, outlander, lancer estate/w    df484	320	t	dx.562781bc	/static/images/dsc/dx.562781bc.jpg		f		1	2	\N
310	disque de frein nissan  patrol    df1967	360	t	dx.561450b	/static/images/dsc/dx.561450b.jpg		f		1	2	\N
311	disque de frein nissan  sunny    df2576	240	t	dx.561486b	/static/images/dsc/dx.561486b.jpg		f		1	2	\N
312	disque de frein peugeot  207 1,6hdi df2059bs	440	t	dx.562374b	/static/images/dsc/dx.562374b.jpg		f		1	2	\N
313	disque de frein peugeot  407    df4362	320	t	dx.562266bc	/static/images/dsc/dx.562266bc.jpg		f		1	2	\N
314	disque de frein peugeot  boxer, relay, jumper    df4752	400	t	dx.562753bc	/static/images/dsc/dx.562753bc.jpg		f		1	2	\N
315	disque de frein renault  master 2.1d 2.4d 2.5    df1012	440	t	dx.561254bc	/static/images/dsc/dx.561254bc.jpg		f		1	2	\N
316	disque de frein renault  velsatis 2.016v td 3.0 dci6v 3.5dci 24v    df4231s	200	t	dx.562187b	/static/images/dsc/dx.562187b.jpg		f		1	2	\N
317	disque de frein ssangyong  rexton ii, rexton, kyron, actyon sports,    df7960	400	t	dx.562775bc	/static/images/dsc/dx.562775bc.jpg		f		1	2	\N
318	disque de frein suzuki  grand vitara i 04.98-08.05/grand vitara    df4156	360	t	dx.562445b	/static/images/dsc/dx.562445b.jpg		f		1	2	\N
319	disque de frein suzuki  swift 1.3i gti gxi 86-2/8    df2741	280	t	dx.561426b	/static/images/dsc/dx.561426b.jpg		f		1	2	\N
320	disque de frein toyota  camry, es 300 df4500	280	t	dx.562770bc	/static/images/dsc/dx.562770bc.jpg		f		1	2	\N
321	disque de frein toyota  verso-s, ractis, prius, ct 200h    df6145	240	t	dx.562751bc	/static/images/dsc/dx.562751bc.jpg		f		1	2	\N
322	disque de frein volvo  740 2 ogl 84 - 8 df1683s	440	t	dx.561305b	/static/images/dsc/dx.561305b.jpg		f		1	2	\N
323	 vw audi a4 quattro, a4 df6189s	320	t	dx.562750bc	/static/images/dsc/dx.562750bc.jpg		f		1	2	\N
324	 vw audi a6 a8 100 03/94- 09/02    df4125s	360	t	dx.562002b	/static/images/dsc/dx.562002b.jpg		f		1	2	\N
325	 vw golf v passat    df4350s	315	t	dx.562239b	/static/images/dsc/dx.562239b.jpg		f		1	2	\N
326	 vw passat    df4026	160	t	dx.562005bc	/static/images/dsc/dx.562005bc.jpg		f		1	2	\N
327	kit machoire de frein     peugeot    p306	520	t	dx.381157b	/static/images/dsc/dx.381157b.jpg		f		1	2	\N
328	kit machoire de frein     peugeot    p405	520	t	dx.381353b	/static/images/dsc/dx.381353b.jpg		f		1	2	\N
329	kit machoire de frein     renault express- espace 2	520	t	dx.381242b	/static/images/dsc/dx.381242b.jpg		f		1	2	\N
330	kit machoire de frein     renault super 5- clio 1	520	t	dx.381135b	/static/images/dsc/dx.381135b.jpg		f		1	2	\N
331	disque de frein porshe  cayenne 08/02> av left    df4764s	520	t	dx.562360b	/static/images/dsc/dx.562360b.jpg		f		1	2	\N
332	disque de frein renault  laguna iii 07>    df6184	440	t	dx.562595bc	/static/images/dsc/dx.562595bc.jpg		f		1	2	\N
333	disque de frein renault  r25  espace i 1 i    df1020	440	t	dx.561510b	/static/images/dsc/dx.561510b.jpg		f		1	2	\N
334	disque de frein ssangyong  rexton ii, rexton, kyron, actyon sports,    df6205	640	t	dx.562785bc	/static/images/dsc/dx.562785bc.jpg		f		1	2	\N
335	disque de frein suzuki  alto tt nis pixo tt    df6227	280	t	dx.562674bc	/static/images/dsc/dx.562674bc.jpg		f		1	2	\N
336	disque de frein toyota  avensis avensis estate wagon tt celica t    df4100	320	t	dx.562683bc	/static/images/dsc/dx.562683bc.jpg		f		1	2	\N
337	disque de frein toyota  corolla, auris df4810	360	t	dx.562736bc	/static/images/dsc/dx.562736bc.jpg		f		1	2	\N
338	disque de frein toyota  land cruiser v8, land cruiser 200, lx 57 df7830	520	t	dx.562761bc	/static/images/dsc/dx.562761bc.jpg		f		1	2	\N
339	disque de frein volvo  xc70 , v70 , v60, s80, s60    df6113s	320	t	dx.562741bc	/static/images/dsc/dx.562741bc.jpg		f		1	2	\N
340	 vw audi a6 08-11    df4695	280	t	dx.562506bc	/static/images/dsc/dx.562506bc.jpg		f		1	2	\N
341	 vw audi s7 sportback quattro, s6 quattro, a7 spo    df6216	400	t	dx.562771bc	/static/images/dsc/dx.562771bc.jpg		f		1	2	\N
342	 vw golf iii passat vent df1529	200	t	dx.561460b	/static/images/dsc/dx.561460b.jpg		f		1	2	\N
343	 vw golfiii passat iii/iv df2619	360	t	dx.561619bc	/static/images/dsc/dx.561619bc.jpg		f		1	2	\N
344	 vw transporter iii 05/79> df1524s	160	t	dx.561252bc	/static/images/dsc/dx.561252bc.jpg		f		1	2	\N
345	kit machoire de frein     peugeot    p309	520	t	dx.381047b	/static/images/dsc/dx.381047b.jpg		f		1	2	\N
346	kit machoire de frein     renault    r21	520	t	dx.381151b	/static/images/dsc/dx.381151b.jpg		f		1	2	\N
347	kit machoire de frein     renault safrane	520	t	dx.381245b	/static/images/dsc/dx.381245b.jpg		f		1	2	\N
348	extincteur 500g	17	t	ch500g	/static/images/ens/ch500g.jpg		f		1	5	\N
349	plaquette de frein bmw  av  525 tds e39 trw  gdb1264 	120	t	dx.571880b	/static/images/plq/dx.571880b.jpg		f		1	2	\N
350	plaquette de frein citroen  av  zx  03/91- 10/97   trw  gdb114 	96	t	dx.571405x	/static/images/plq/dx.571405x.jpg		f		1	2	\N
351	plaquette de frein fiat  av  uno - ragata trw  gdb297 	64	t	dx.571464b	/static/images/plq/dx.571464b.jpg		f		1	2	\N
352	plaquette de frein ford  av  transit am trw  gdb341 	80	t	dx.571250x	/static/images/plq/dx.571250x.jpg		f		1	2	\N
353	plaquette de frein mercedes  ar  classe m  2/98--   trw  gdb1456 	140	t	dx.573148b	/static/images/plq/dx.573148b.jpg		f		1	2	\N
354	plaquette de frein mercedes  av  200 280 300  w123  a trois volume 79-85   trw	72	t	dx.571278b	/static/images/plq/dx.571278b.jpg		f		1	2	\N
355	plaquette de frein nissan  av  almera 200sx  9/95-->7/0   trw  gdb3180 	80	t	dx.572396b	/static/images/plq/dx.572396b.jpg		f		1	2	\N
356	plaquette de frein nissan  av  x-trail trw  gdb3291 	140	t	dx.572466b	/static/images/plq/dx.572466b.jpg		f		1	2	\N
357	plaquette de frein peugeot  av  106   trw  gdb1031 	68.54	t	dx.571473x	/static/images/plq/dx.571473x.jpg		f		1	2	\N
358	plaquette de frein peugeot  av  406 coupe   trw  gdb1359 	140	t	dx.571999b	/static/images/plq/dx.571999b.jpg		f		1	2	\N
359	plaquette de frein peugeot  av  boxer citroen jumper nm trw  gdb1450 	104	t	dx.573028b	/static/images/plq/dx.573028b.jpg		f		1	2	\N
360	plaquette de frein renault  av  espace iii  10/96-   trw  gdb1270 	104	t	dx.571922b	/static/images/plq/dx.571922b.jpg		f		1	2	\N
361	plaquette de frein renault  av  laguna 03/01        trw  gdb1540 	140	t	dx.573016b	/static/images/plq/dx.573016b.jpg		f		1	2	\N
362	plaquette de frein ssangyong  ar  musso korando   trw  gdb3135 	72	t	dx.572417b	/static/images/plq/dx.572417b.jpg		f		1	2	\N
363	plaquette de frein toyota  av  avensis verso 2.0/2.0d 05/01-07/05   trw  gdb331	104	t	dx.572546b	/static/images/plq/dx.572546b.jpg		f		1	2	\N
364	plaquette de frein toyota  av  corolla verso   trw  gdb3317 	104	t	dx.572405b	/static/images/plq/dx.572405b.jpg		f		1	2	\N
365	plaquette de frein volvo  av  440 460  91- 94   trw  gdb812 	72	t	dx.571414b	/static/images/plq/dx.571414b.jpg		f		1	2	\N
366	plaquette de frein volvo  av  740 760 940 960   trw  gdb482 	80	t	dx.571404x	/static/images/plq/dx.571404x.jpg		f		1	2	\N
367	plaquette de frein vw  av  polo 9   trw  gdb1219 	68.54	t	dx.571848x	/static/images/plq/dx.571848x.jpg		f		1	2	\N
368	plaquette de frein alfa romeo  av  164 2.0 twin spark 7/87   trw  gdb1054 	96	t	dx.571364b	/static/images/plq/dx.571364b.jpg		f		1	2	\N
369	plaquette de frein bmw  ar  113  e87  - e90 - 01/05--   trw  gdb1626 	104	t	dx.573139b	/static/images/plq/dx.573139b.jpg		f		1	2	\N
370	plaquette de frein bmw  ar  e65 730/735 740i 730d   trw  gdb1499 	120	t	dx.573228b	/static/images/plq/dx.573228b.jpg		f		1	2	\N
371	plaquette de frein bmw  av  serie  3  e21 trw  gdb654 	60	t	dx.571271x	/static/images/plq/dx.571271x.jpg		f		1	2	\N
372	plaquette de frein citroen  av  xantia trw  gdb1101 	72	t	dx.571757b	/static/images/plq/dx.571757b.jpg		f		1	2	\N
373	plaquette de frein citroen  av  xm   trw  gdb1301 	96	t	dx.571369b	/static/images/plq/dx.571369b.jpg		f		1	2	\N
374	plaquette de frein fiat  av  127 1050 panorama 01/86->12/8 trw  gdb359 	60	t	dx.571305b	/static/images/plq/dx.571305b.jpg		f		1	2	\N
375	plaquette de frein fiat  av  uno nm tipo tempra d   trw  gdb458 	80	t	dx.571309b	/static/images/plq/dx.571309b.jpg		f		1	2	\N
376	plaquette de frein ford  av  focus   trw  gdb1583 	148	t	dx.573209b	/static/images/plq/dx.573209b.jpg		f		1	2	\N
377	plaquette de frein mercedes  av  classe g  w463  07/11- t1 t1/tn t2/ln1   trw	112	t	dx.571272b	/static/images/plq/dx.571272b.jpg		f		1	2	\N
378	plaquette de frein nissan  av  atleon 3.0d 04/01-10/02 / cabstar e trw  gdb33	140	t	dx.572564b	/static/images/plq/dx.572564b.jpg		f		1	2	\N
379	plaquette de frein opel  av  omega- senator   trw  gdb957 	120	t	dx.571493b	/static/images/plq/dx.571493b.jpg		f		1	2	\N
380	plaquette de frein peugeot  av  206 206+ 1.1 1.4 i hdi 01/09>   trw  gdb1500 	106.62	t	dx.573051b	/static/images/plq/dx.573051b.jpg		f		1	2	\N
381	plaquette de frein peugeot  av  307 03/02--   trw  gdb1464 	114.24	t	dx.573031b	/static/images/plq/dx.573031b.jpg		f		1	2	\N
382	plaquette de frein porshe  av  911 944 968 928 ferrari   trw  gdb379 	120	t	dx.571348b	/static/images/plq/dx.571348b.jpg		f		1	2	\N
383	plaquette de frein renault  av  kangoo  03/98 -    trw  gdb1321 	83.77	t	dx.571931b	/static/images/plq/dx.571931b.jpg		f		1	2	\N
384	plaquette de frein ssangyong  av korando musso 10/95        trw  gdb3134 	104	t	dx.572416b	/static/images/plq/dx.572416b.jpg		f		1	2	\N
385	plaquette de frein suzuki  av  baleno 96- trw  gdb3091 	72	t	dx.572399b	/static/images/plq/dx.572399b.jpg		f		1	2	\N
386	plaquette de frein volvo  av  240  260   trw  gdb1065 	60	t	dx.571235b	/static/images/plq/dx.571235b.jpg		f		1	2	\N
387	plaquette de frein volvo  av  440 460 480  94-   trw  gdb1246 	72	t	dx.571853b	/static/images/plq/dx.571853b.jpg		f		1	2	\N
388	plaquette de frein vw  av  fura ibiza  i malaga marbella ronda   trw  gdb422 	64	t	dx.571318b	/static/images/plq/dx.571318b.jpg		f		1	2	\N
389	plaquette de frein vw  av  golf vi  bora beetle gdb1357 21974/19.7   trw  gdb1	114.24	t	dx.571985b	/static/images/plq/dx.571985b.jpg		f		1	2	\N
390	plaquette de frein vw  av  polo classic trw  gdb1437	104	t	dx.571969b	/static/images/plq/dx.571969b.jpg		f		1	2	\N
391	soufflet cote boite ford focus	36	t	fa4497	/static/images/fa4497.jpg		f		1	1	\N
392	sup fiat new doblo kit av-51886185	169.24	t	11.sp.fi6530t	/static/images/sup/11.sp.fi6530t.jpg		f		1	3	\N
393	relais gm 4 fiche oem 13422668 multi usage	5	t	sa1717	/static/images/vis/sa1717.jpg		f		1	5	\N
394	sup mot ar  gr punto -fiorino-linea- 200 mm - 51813029	130	t	b2517	/static/images/sup/b2517.jpg		f		1	3	\N
395	plaquette de frein mercedes  ar  classe m  ml 430 2/98--   trw  gdb1457 	140	t	dx.573147b	/static/images/plq/dx.573147b.jpg		f		1	2	\N
396	plaquette de frein renault  av  laguna 03/01      breck 1 scenic 06/00-   trw  	133.28	t	dx.573017b	/static/images/plq/dx.573017b.jpg		f		1	2	\N
397	 alfa romeo  145 155 03/95> multipla coupe punto    df1757	320	t	dx.561508bc	/static/images/dsc/dx.561508bc.jpg		f		1	2	\N
398	 audi s8 quattro, a8 quattro, a8, a7 sportback    df6343s	600	t	dx.562767bc	/static/images/dsc/dx.562767bc.jpg		f		1	2	\N
399	disque de frein chevrolet  nubira, lacetti    df7381	280	t	dx.562740bc	/static/images/dsc/dx.562740bc.jpg		f		1	2	\N
400	disque de frein hyundai  maxivan, h200, h150 truck, h150, h100 tr    df3119	280	t	dx.562747bc	/static/images/dsc/dx.562747bc.jpg		f		1	2	\N
401	disque de frein mercedes  classe c w203 02-    df7304	480	t	dx.562354bc	/static/images/dsc/dx.562354bc.jpg		f		1	2	\N
402	disque de frein mitsubishi  outlander van, outlander, asx van, asx, df6326	320	t	dx.562756bc	/static/images/dsc/dx.562756bc.jpg		f		1	2	\N
403	 bmw x5    df4189	400	t	dx.562135bc	/static/images/dsc/dx.562135bc.jpg		f		1	2	\N
404	 ford transit d 9    df1623	360	t	dx.561625bc	/static/images/dsc/dx.561625bc.jpg		f		1	2	\N
405	 land rover  freelander df6129	440	t	dx.562765bc	/static/images/dsc/dx.562765bc.jpg		f		1	2	\N
406	 opel signum vectra 05/03> df4282	520	t	dx.562220b	/static/images/dsc/dx.562220b.jpg		f		1	2	\N
407	disque de frein renault  laguna safran    df1030	280	t	dx.561595bc	/static/images/dsc/dx.561595bc.jpg		f		1	2	\N
408	disque de frein toyota  land cruiser amazon, land cruiser 500, l    df4483	520	t	dx.562744bc	/static/images/dsc/dx.562744bc.jpg		f		1	2	\N
409	 vw golfiii passat iii/iv df1540	160	t	dx.561620b	/static/images/dsc/dx.561620b.jpg		f		1	2	\N
410	disque de frein renault  scenic grand scenic ii 06/03-    df4371	440	t	dx.562410bc	/static/images/dsc/dx.562410bc.jpg		f		1	2	\N
411	disque de frein volvo  740  760  780  940 960    df1688	320	t	dx.561470b	/static/images/dsc/dx.561470b.jpg		f		1	2	\N
412	kit machoire de frein     peugeot    p205 1.7 d	520	t	dx.381048b	/static/images/dsc/dx.381048b.jpg		f		1	2	\N
413	sup mot ar grande punto - punto - 55702836	110	t	b6116	/static/images/sup/b6116.jpg		f		1	3	\N
414	sup mot clio iii megane ii scenic ii	90	t	11.sp.rn83199	/static/images/sup/11.sp.rn83199.jpg		f		1	3	\N
415	sup mot doblo 1.4 1.6-46830162	46	t	b60192	/static/images/sup/b60192.jpg		f		1	3	\N
416	sup mot ducato boxer jumper 2.3  - 2.8 - 2.2- 1335123080	316	t	11.sp.fi23151	/static/images/sup/11.sp.fi23151.jpg		f		1	3	\N
417	sup mot fiat doblo multijet 520268390e	136	t	b68191	/static/images/sup/b68191.jpg		f		1	3	\N
418	sup mot fiat new doblo ar g1.3 jtd-51869647	225	t	11.sp.fi6511	/static/images/sup/11.sp.fi6511.jpg		f		1	3	\N
419	sup mot fiat punto alfa romeo-55700655	312	t	b6170	/static/images/sup/b6170.jpg		f		1	3	\N
420	sup mot fiorino - linea - 51782560	185	t	b2512	/static/images/sup/b2512.jpg		f		1	3	\N
421	sup mot megane2 scenic3 fluenec-113560009r	145	t	b8610	/static/images/sup/b8610.jpg		f		1	3	\N
422	support moteur ford escort 95-1040404	185	t	fa2284	/static/images/sup/fa2284.jpg		f		1	1	\N
423	support mot ford focus-1138568	180	t	fa2499	/static/images/sup/fa2499.jpg		f		1	1	\N
424	support moteur f mondeo ii	410	t	fa4156	/static/images/sup/fa4156.jpg		f		1	1	\N
425	sup mot ar inf  ford fiesta	177.79	t	fa4812	/static/images/sup/fa4812.jpg		f		1	1	\N
426	sup mot ford transit	385	t	fa15422	/static/images/sup/fa15422.jpg		f		1	1	\N
431	kit daf 25975/35595	545.58	t	kit25975-3559	/static/images/fltrair/kit25975-3559.jpg		f		1	5	\N
438	plaquette de frein chrysler  av  voyager ii 01/95-03/01   trw  gdb1244 	80	t	dx.573072b	/static/images/plq/dx.573072b.jpg		f		1	2	\N
439	cyl roue alfa romeo 145-146 lpr4479 barxis	65	t	aj2030	/static/images/cyl/aj2030.jpg		f		1	4	\N
445	fusible std 10a	0.28	t	f10a	/static/images/vis/f10a.jpg	100.0	f		1	5	\N
446	fusible 40	0.35	t	z40	/static/images/vis/z40.jpg	100.0	f		1	5	\N
451	cric hydraulique st	148.05	t	3ton	/static/images/crc/3ton.jpg		f		1	5	\N
452	cric hydraulique st	311.85	t	15ton	/static/images/crc/15ton.jpg		f		1	5	\N
453	cric hydraulique st	453.61	t	32ton	/static/images/crc/32ton.jpg		f		1	5	\N
454	nfloor jack 3 ton	1250.11	t	floor3ton	/static/images/crc/floor3ton.jpg		f		1	5	\N
456	circlips  140mm-int	14.87	t	ci140mm	/static/images/crclp/ci140mm.jpg	50.0	f		1	5	\N
457	circlips  10mm-ext	0.26	t	ce10mm	/static/images/crclp/ce10mm.jpg	50.0	f		1	5	\N
458	circlips  15mm-ext	0.39	t	ce15mm	/static/images/crclp/ce15mm.jpg	50.0	f		1	5	\N
459	circlips  20mm-ext	0.52	t	ce20mm	/static/images/crclp/ce20mm.jpg	50.0	f		1	5	\N
460	circlips  22mm-int	0.52	t	ci22mm	/static/images/crclp/ci22mm.jpg	50.0	f		1	5	\N
461	circlips  28mm-ext	0.98	t	ce28mm	/static/images/crclp/ce28mm.jpg	50.0	f		1	5	\N
462	circlips  30mm-int	1	t	ci30mm	/static/images/crclp/ci30mm.jpg	50.0	f		1	5	\N
463	circlips  35mm-int	1.3	t	ci35mm	/static/images/crclp/ci35mm.jpg	50.0	f		1	5	\N
464	circlips  40mm-int	1.76	t	ci40mm	/static/images/crclp/ci40mm.jpg	50.0	f		1	5	\N
465	circlips  45mm-int	2	t	ci45mm	/static/images/crclp/ci45mm.jpg	50.0	f		1	5	\N
466	circlips  50mm-ext	3.05	t	ce50mm	/static/images/crclp/ce50mm.jpg	50.0	f		1	5	\N
467	circlips  55mm-int	2.66	t	ci55mm	/static/images/crclp/ci55mm.jpg	50.0	f		1	5	\N
468	circlips  65mm-ext	5.2	t	ce65mm	/static/images/crclp/ce65mm.jpg	50.0	f		1	5	\N
469	cyl roue fiat doblo lpr4055 barxis	53	t	aj2009	/static/images/cyl/aj2009.jpg		f		1	4	\N
470	circlips  70mm-ext	6.63	t	ce70mm	/static/images/crclp/ce70mm.jpg	50.0	f		1	5	\N
471	circlips  75mm-int	4.55	t	ci75mm	/static/images/crclp/ci75mm.jpg	50.0	f		1	5	\N
472	circlips  90mm-int	5.71	t	ci90mm	/static/images/crclp/ci90mm.jpg	50.0	f		1	5	\N
473	circlips  95mm-int	6.63	t	ci95mm	/static/images/crclp/ci95mm.jpg	50.0	f		1	5	\N
474	circlips  14mm-ext-std mag	0.3	t	cir14mm	/static/images/crclp/cir14mm.jpg	50.0	f		1	5	\N
475	cyl roue ford escort v vi lpr4257 barxis	56	t	aj2017	/static/images/cyl/aj2017.jpg		f		1	4	\N
476	cyl roue jumper ducato boxer lpr4486 barxis	67	t	aj2035	/static/images/cyl/aj2035.jpg		f		1	4	\N
477	cyl roue point lpr4698 barxis	82	t	aj2167	/static/images/cyl/aj2167.jpg		f		1	4	\N
478	cyl roue saxo p106 lpr46763 barxis	91	t	aj2106	/static/images/cyl/aj2106.jpg		f		1	4	\N
479	sup mot ford focus2-3 transit ford kuga	177.37	t	fa10206	/static/images/sup/fa10206.jpg		f		1	1	\N
480	maitre cyl clio1 symbol1 lpr1271	327	t	aj0032	/static/images/mcyl/aj0032.jpg		f		1	4	\N
432	filtre a air  p301 -13>> - 9674725580	35	t	sf2132	/static/images/fltrair/sf2132.jpg		f		1	13	\N
433	filtre a air astra 09- 835056	66	t	sf2043	/static/images/fltrair/sf2043.jpg		f		1	13	\N
428	filtre daf - 2164462	510.89	t	bg1502	/static/images/fltrair/bg1502.jpg		f		1	13	\N
481	maitre cyl clio5 lpr	530	t	aj0189	/static/images/mcyl/aj0189.jpg		f		1	4	\N
482	maitre cyl laguna lpr60643	630	t	aj0138	/static/images/mcyl/aj0138.jpg		f		1	4	\N
483	maitre cyl r21 ate espace - lpr1105	481	t	aj0011	/static/images/mcyl/aj0011.jpg		f		1	4	\N
484	maitre cyl renault 12 - lpr1108	136	t	aj0012	/static/images/mcyl/aj0012.jpg		f		1	4	\N
485	maitre cyl rnt  megane i / scenic i - lpr1907	448	t	aj0093	/static/images/mcyl/aj0093.jpg		f		1	4	\N
486	maitre cyl rnt megane i - scenic i - lpr1266	392	t	aj0027	/static/images/mcyl/aj0027.jpg		f		1	4	\N
487	maitre cylrnt clio ii  kangoo - lpr1267	385	t	aj0028	/static/images/mcyl/aj0028.jpg		f		1	4	\N
488	maitre cyl daily lpr6038	1085	t	aj0191	/static/images/mcyl/aj0191.jpg		f		1	4	\N
489	maitre cyl doblo lpr6051	747	t	aj0135	/static/images/mcyl/aj0135.jpg		f		1	4	\N
490	support moteur ford mondeioe inf- 1024959	210	t	fa4159	/static/images/fa4159.jpg		f		1	1	\N
491	maitre cyl fiat doblo>10tt lancia bravo ii- lpr1715	631	t	aj0067	/static/images/mcyl/aj0067.jpg		f		1	4	\N
492	maitre cyl jumper boxer ducato - lpr1368	470	t	aj0044	/static/images/mcyl/aj0044.jpg		f		1	4	\N
493	maitre cyl  ford focus - lpr1280	708	t	aj0033	/static/images/mcyl/aj0033.jpg		f		1	4	\N
494	maitre cyl astra j insignia lpr1776	656	t	aj0194	/static/images/mcyl/aj0194.jpg		f		1	4	\N
495	maitre cyl ford transit lpr1755	616	t	aj0133	/static/images/mcyl/aj0133.jpg		f		1	4	\N
496	maitre cyl bmw lpr1726	838	t	aj0158	/static/images/mcyl/aj0158.jpg		f		1	4	\N
497	maitre cyl mercedes classe g/ sprinter - lpr1494	698	t	aj0052	/static/images/mcyl/aj0052.jpg		f		1	4	\N
498	maitre cyl  c2 - c3 - p1007	375	t	aj0184	/static/images/mcyl/aj0184.jpg		f		1	4	\N
499	maitre cyl 307 - c4 lpr1080	616	t	aj0170	/static/images/mcyl/aj0170.jpg		f		1	4	\N
500	maitre cyl berlingo/xsara fiesta -lpr1035	633	t	aj0004	/static/images/mcyl/aj0004.jpg		f		1	4	\N
501	maitre cyl c2/ c3 i- p1007 abs- lpr1293	452	t	aj0036	/static/images/mcyl/aj0036.jpg		f		1	4	\N
502	maitre cyl c4 i-ii p307 p308 c4 coupe - lpr1698	515	t	aj0065	/static/images/mcyl/aj0065.jpg		f		1	4	\N
503	maitre cyl citroen c1 p107 toyota aygo - lpr1751	722	t	aj0072	/static/images/mcyl/aj0072.jpg		f		1	4	\N
504	maitre cyl citroen jumpy pgt expert - lpr1719	676	t	aj0069	/static/images/mcyl/aj0069.jpg		f		1	4	\N
505	matre cyl  pgt - p208-301- ctr c3ii- c-elesee lpr6167	711	t	aj0139	/static/images/mcyl/aj0139.jpg		f		1	4	\N
506	j c daewoo nubira leganza 2l-92062605-x225e	100	t	jcd1081	/static/images/jc/jcd1081.jpg		f		1	5	\N
507	j c daih dg delta 2530cc dv26-svl 18,26 1973-76  87304	64	t	jcd1073	/static/images/jc/jcd1073.jpg		f		1	5	\N
508	j c honda f20a-f22a /eg609-12251pt0004	210	t	jch1143	/static/images/jc/jch1143.jpg		f		1	5	\N
509	j c isu 4ec1/eg 818          501940	160	t	jci1140	/static/images/jc/jci1140.jpg		f		1	5	\N
510	j c isu 6rb1 eg 845           41420	190	t	jci1142	/static/images/jc/jci1142.jpg		f		1	5	\N
511	j c kia 2400 ceres -eg322	69	t	jck1149	/static/images/jc/jck1149.jpg		f		1	5	\N
512	j c maz r2 r2200 dia 86-r20110271	130	t	jcm1156	/static/images/jc/jcm1156.jpg		f		1	5	\N
513	j c mits 4d95             1810	150	t	jcm1089	/static/images/jc/jcm1089.jpg		f		1	5	\N
514	j c mits 6d16 dia 118 -me071923	250	t	jcm1112	/static/images/jc/jcm1112.jpg		f		1	5	\N
515	j c mits 6d22 dia 130/eg 262 61574	250	t	jcm1095	/static/images/jc/jcm1095.jpg		f		1	5	\N
516	j c mits canter 4d31 dia 100-291	120	t	jcm1114	/static/images/jc/jcm1114.jpg		f		1	5	\N
517	j c mits s4s eg 289 -02201 clark	190	t	jcm1098	/static/images/jc/jcm1098.jpg		f		1	5	\N
518	j c nis rd28 dia 85/eg954-1104422j10	140	t	jcn1056	/static/images/jc/jcn1056.jpg		f		1	5	\N
519	j c nis rd28t dia 85-eg0956	350	t	jcn1045	/static/images/jc/jcn1045.jpg		f		1	5	\N
520	j c nis vanette 2200 ld 20/eg 951  -11044w1700	90	t	jcn1034	/static/images/jc/jcn1034.jpg		f		1	5	\N
521	j c toy 14b-l-cr dia 102 58090	286.9	t	jct1017	/static/images/jc/jct1017.jpg		f		1	5	\N
522	j c toy 1hd ft eg 0052  17030	210	t	jct1004	/static/images/jc/jct1004.jpg		f		1	5	\N
523	j c toy elevat 11z 6 cyl/eg097 - 78330	250	t	jct1012	/static/images/jc/jct1012.jpg		f		1	5	\N
524	j c toy l-cr runner 1hz dia 94-1111517010	390	t	jct1002	/static/images/jc/jct1002.jpg		f		1	5	\N
525	pochet jt daih s84 dia 76 - 87727	298.1	t	fp1305	/static/images/jc/fp1305.jpg		f		1	5	\N
526	 audi a3 06- q3 11- alhambra leon toledo ii    df7957	320	t	dx.562258bc	/static/images/dsc/dx.562258bc.jpg		f		1	2	\N
527	 bmw s 5 e60 05++ s6 e63 e64 04++ s7 e65 e66    df4349s	360	t	dx.562401b	/static/images/dsc/dx.562401b.jpg		f		1	2	\N
528	disque de frein citroen  c8 jumpy ducato 807 expert 07/02         df4257	440	t	dx.562224bc	/static/images/dsc/dx.562224bc.jpg		f		1	2	\N
529	disque de frein hyundai  santa fe df6690	440	t	dx.562779bc	/static/images/dsc/dx.562779bc.jpg		f		1	2	\N
530	disque de frein mercedes  240 w123 w114 w115    df1573	280	t	dx.561102bc	/static/images/dsc/dx.561102bc.jpg		f		1	2	\N
531	disque de frein mercedes  w211 df4261	400	t	dx.562212bc	/static/images/dsc/dx.562212bc.jpg		f		1	2	\N
532	disque de frein nissan  qx, maxima qx, cefiro    df7028	320	t	dx.562758bc	/static/images/dsc/dx.562758bc.jpg		f		1	2	\N
533	disque de frein peugeot  508 sw, 508, 407 sw, 407, xm    df6121	320	t	dx.562733bc	/static/images/dsc/dx.562733bc.jpg		f		1	2	\N
534	 bmw serie 1  e81/e87  05- s3  e90  05- x1    df4460s	320	t	dx.562395b	/static/images/dsc/dx.562395b.jpg		f		1	2	\N
535	disque de frein citroen  c4 11/04> p207 07> 307    df4452bs	440	t	dx.562373b	/static/images/dsc/dx.562373b.jpg		f		1	2	\N
536	disque de frein hyundai  santa fe df6222	360	t	dx.562778bc	/static/images/dsc/dx.562778bc.jpg		f		1	2	\N
539	pochet jt hyundai h250 -d4af 41b01	663.8	t	fp1306	/static/images/jc/fp1306.jpg		f		1	5	\N
540	plaquette de frein chrysler  av  grand voyager 2.4/3.3/2.5d 04/01>   trw  gdb41	96	t	dx.573238b	/static/images/plq/dx.573238b.jpg		f		1	2	\N
543	disque de frein mercedes  classe a w168 160 170 190 260/5t df4223	240	t	dx.562149bc	/static/images/dsc/dx.562149bc.jpg		f		1	2	\N
544	plaquette de frein bmw  ar  518-524-d-525- 730-740 e34   trw  gdb917 	72	t	dx.571387b	/static/images/plq/dx.571387b.jpg		f		1	2	\N
545	plaquette de frein citroen  av  c 5  tt trw  gdb1448 	166.6	t	dx.573027b	/static/images/plq/dx.573027b.jpg		f		1	2	\N
546	disque de frein mitsubishi  outlander, asx van, asx    df4932	320	t	dx.562769bc	/static/images/dsc/dx.562769bc.jpg		f		1	2	\N
547	disque de frein peugeot  607    df6121	320	t	dx.562126bc	/static/images/dsc/dx.562126bc.jpg		f		1	2	\N
548	disque de frein renault  r25 2.0 gts gtx tx espac    df1017	200	t	dx.561334bc	/static/images/dsc/dx.561334bc.jpg		f		1	2	\N
549	disque de frein toyota  prius, ct 200h df4877	360	t	dx.562766bc	/static/images/dsc/dx.562766bc.jpg		f		1	2	\N
550	 vw golf iii passat iv df2758	400	t	dx.561856b	/static/images/dsc/dx.561856b.jpg		f		1	2	\N
551	 vw transporter, multivan, caravelle, califo    df6499s	400	t	dx.562739bc	/static/images/dsc/dx.562739bc.jpg		f		1	2	\N
552	disque de frein peugeot  boxer, relay 1800, relay, jumper 35, jum    df4245	400	t	dx.562757bc	/static/images/dsc/dx.562757bc.jpg		f		1	2	\N
553	disque de frein suzuki  jimny    df7839	320	t	dx.562780bc	/static/images/dsc/dx.562780bc.jpg		f		1	2	\N
554	disque de frein toyota  verso tt df6319	360	t	dx.562684bc	/static/images/dsc/dx.562684bc.jpg		f		1	2	\N
555	 vw golf vii a3  8v1  12- passat 08-13 oct df6133s	360	t	dx.562663bc	/static/images/dsc/dx.562663bc.jpg		f		1	2	\N
556	kit machoire de frein     peugeot partner	520	t	dx.381170b	/static/images/dsc/dx.381170b.jpg		f		1	2	\N
557	plaquette de frein audi  av  a4 a6 21624/20 a/t   trw  gdb1049 	140.39	t	dx.571982b	/static/images/plq/dx.571982b.jpg		f		1	2	\N
558	plaquette de frein ford  av  escort fiesta  orion 13e 18d 8/88-12/90   trw  gdb	80	t	dx.571291x	/static/images/plq/dx.571291x.jpg		f		1	2	\N
559	plaquette de frein peugeot  av  306 2.0i 6/93-  405   trw  gdb1039 	96	t	dx.571510b	/static/images/plq/dx.571510b.jpg		f		1	2	\N
560	plaquette de frein subaru  ar  impreza i  gd/gg    trw  gdb3395 	96	t	dx.572529b	/static/images/plq/dx.572529b.jpg		f		1	2	\N
561	plaquette de frein vw  av  golf iii  vento gti 16v 3/92   trw  gdb1057 	120	t	dx.571856x	/static/images/plq/dx.571856x.jpg		f		1	2	\N
562	plaquette de frein citroen  av  c3 1.4 1.6 02/02         trw  gdb1496 	114.24	t	dx.573084b	/static/images/plq/dx.573084b.jpg		f		1	2	\N
563	plaquette de frein hyundai  av  santa fe 02/01--   trw  gdb3297 	140	t	dx.572453b	/static/images/plq/dx.572453b.jpg		f		1	2	\N
564	plaquette de frein peugeot  av  607 v6 24v 03/04>/807 3.0 v6 06/02> trw  gdb1	140	t	dx.573001b	/static/images/plq/dx.573001b.jpg		f		1	2	\N
565	plaquette de frein toyota  av  carina mr2  03/94-05/00   trw  gdb1145 	104	t	dx.572357b	/static/images/plq/dx.572357b.jpg		f		1	2	\N
566	 bmw 125i coupe, 125i cabrio, 120i coupe, 120    df6313	480	t	dx.562786bc	/static/images/dsc/dx.562786bc.jpg		f		1	2	\N
567	disque de frein mercedes  classe m ml230  ml270 cd df4148s	280	t	dx.562101b	/static/images/dsc/dx.562101b.jpg		f		1	2	\N
568	kit machoire de frein     renault    r25	520	t	dx.381017b	/static/images/dsc/dx.381017b.jpg		f		1	2	\N
569	sup mot ar fiat doblo1.3- pgt bipper-nemo-linea 2007-5183603	180	t	b2510	/static/images/sup/b2510.jpg		f		1	3	\N
570	maitre cyl dacia logan lpr99803	590	t	aj4011	/static/images/mcyl/aj4011.jpg		f		1	4	\N
571	maitre cyl doblo lpr9978	728	t	aj4009	/static/images/mcyl/aj4009.jpg		f		1	4	\N
572	maitre cyl caddy ii golf ii-iii-iv jetta ii-pass lpr1834	294	t	aj0079	/static/images/mcyl/aj0079.jpg		f		1	4	\N
573	vase eau ford3 focus3	168	t	fa15160	/static/images/fa15160.jpg		f		1	1	\N
574	vase eau ford transit	400	t	fa15163	/static/images/fa15163.jpg		f		1	1	\N
575	vase eau fiorino2-nemo	148.5	t	fa9961	/static/images/fa9961.jpg		f		1	1	\N
576	thermostat transit std	195.35	t	fa9899	/static/images/fa9899.jpg		f		1	1	\N
577	support moteur transit -	93.71	t	fa2182	/static/images/fa2182.jpg		f		1	1	\N
578	sup cardan ford transit d 30mm-4060617	146	t	fa2185	/static/images/fa2185.jpg		f		1	1	\N
579	soufflet cote roue ford fiesta focus ft	35	t	fa2069	/static/images/fa2069.jpg		f		1	1	\N
580	silentblock triangle ford mondieo	32	t	fa1075	/static/images/fa1075.jpg		f		1	1	\N
581	mayau av golf 4	145	t	fa6071	/static/images/fa6071.jpg		f		1	1	\N
582	silent traingle p/m ford fiesta/escort-1000445	28.86	t	fa0924	/static/images/fa0924.jpg		f		1	1	\N
583	bouchoin d'huile ford transit 2,5	92	t	fatb309	/static/images/fatb309.jpg		f		1	1	\N
584	bouchon huile opel ford -1304530-8435329515171	21.5	t	fa2347	/static/images/fa2347.jpg		f		1	1	\N
585	necessaire pedal d'embrayage ford transite -6183028	38	t	fa0883	/static/images/fa0883.jpg		f		1	1	\N
586	necessaire pidal d'embryage ford escort -6183029	35	t	fa0873	/static/images/fa0873.jpg		f		1	1	\N
587	thermostat fiat doblo opel astra	254.95	t	fa9974	/static/images/fa9974.jpg		f		1	1	\N
588	bague dir uno tipo punto panda7594872	4	t	fa9971	/static/images/fa9971.jpg		f		1	1	\N
589	bielette doblo punto  duster 8200814411	60.28	t	fa12752	/static/images/fa12752.jpg		f		1	1	\N
590	bouchon huile fiat tipo-7589575	12	t	fa2165	/static/images/fa2165.jpg		f		1	1	\N
591	caat barre ducato jumper boxer- 352393	22.16	t	fa1916	/static/images/fa1916.jpg		f		1	1	\N
592	caoutch ech fiat opel rnt cit-7700779356	3.11	t	fa0727	/static/images/fa0727.jpg		f		1	1	\N
593	necessaire bv fiat	37	t	fa4808	/static/images/fa4808.jpg		f		1	1	\N
594	pastille mot fiat uno doblo	6.5	t	fa2789	/static/images/fa2789.jpg		f		1	1	\N
595	pastille mot fiat uno doblo6.50	6.5	t	fa2789	/static/images/fa2789.jpg		f		1	1	\N
596	routle iveco j7 pgt alfa-360825	77	t	fars081	/static/images/fars081.jpg		f		1	1	\N
597	silent bras iveco  daily 93807641	61.25	t	fa2721	/static/images/fa2721.jpg		f		1	1	\N
598	silentbloc fiat doblo 51932035	64	t	fa14017	/static/images/fa14017.jpg		f		1	1	\N
599	silentbloc fiat grand  punto 51811978	57	t	fa13185	/static/images/fa13185.jpg		f		1	1	\N
600	silentbloc fiat uno punto pm 5927292/7673581	17	t	fa0486	/static/images/fa0486.jpg		f		1	1	\N
601	silentbloc traingle uno-7673582	22.16	t	fa0487	/static/images/fa0487.jpg		f		1	1	\N
602	sup amort bipper nemo fiat av d 1807gp	144.5	t	fa5278	/static/images/fa5278.jpg		f		1	1	\N
603	sup amort bipper nemo fiat av g 1807gp	138.67	t	fa5279	/static/images/fa5279.jpg		f		1	1	\N
604	sup amort doblo palio g46760674	198	t	fa2708	/static/images/fa2708.jpg		f		1	1	\N
605	sup mot fiat doblo	307.5	t	fa10397	/static/images/fa10397.jpg		f		1	1	\N
606	sup mot fiat grande punto evo1.3 mjtd	372.5	t	fa5101	/static/images/fa5101.jpg		f		1	1	\N
607	sup mot fiat uno  7937315	62.54	t	fa1133	/static/images/fa1133.jpg		f		1	1	\N
608	sup mot fiat uno  7937315	62.54	t	fa1133	/static/images/fa1133.jpg		f		1	1	\N
609	sup stb av ext doblo 46777764= b6036	27.18	t	fa4146	/static/images/fa4146.jpg		f		1	1	\N
610	support amortisseur doblo gh-503841	153	t	fa2219	/static/images/fa2219.jpg		f		1	1	\N
611	support amortisseur ducato boxer jumper - 503842	135	t	fa2226	/static/images/fa2226.jpg		f		1	1	\N
612	support cardan iveco daily3 1999	415	t	fa13977	/static/images/fa13977.jpg		f		1	1	\N
613	support moteur  ducato jumper-8435329514518	145	t	fa2278	/static/images/fa2278.jpg		f		1	1	\N
614	vase eau alfa romeo	137	t	fa3846	/static/images/fa3846.jpg		f		1	1	\N
615	vase eau fiat doblo	125.08	t	fa3609	/static/images/fa3609.jpg		f		1	1	\N
616	vase eau fiat ducato 94-7745476	150	t	fa3631	/static/images/fa3631.jpg		f		1	1	\N
617	bielette ar audi a3 golf5 caddy passat nm-1k0505465c	72.37	t	fa0996a	/static/images/fa0996a.jpg		f		1	1	\N
618	bielette b/s golf -191411315	39.36	t	fa0862	/static/images/fa0862.jpg		f		1	1	\N
619	bielette sus golf4.a3-1j411316d-4 motion dr	73.5	t	faf0005a	/static/images/faf0005a.jpg		f		1	1	\N
620	bielette suspension a3	77.58	t	faf0994a	/static/images/faf0994a.jpg		f		1	1	\N
621	bouchon vase d'eau golf 3	17.77	t	fatb250	/static/images/fatb250.jpg		f		1	1	\N
622	bouchon vase eau golf2 jetta2 polo passat	18.19	t	fatb230	/static/images/fatb230.jpg		f		1	1	\N
623	caout b/s caddy3 vw	16	t	fa12958	/static/images/fa12958.jpg		f		1	1	\N
624	caout b/s skoda vw-1j0411314p	11.5	t	fa14486	/static/images/fa14486.jpg		f		1	1	\N
625	corp thermostat  eau caddy3 golf5 touran	25.08	t	fa3873	/static/images/fa3873.jpg		f		1	1	\N
626	corp thermostat golf5	21.96	t	fa15090	/static/images/fa15090.jpg		f		1	1	\N
627	embout entre f8q fq9	21.5	t	fa3200	/static/images/fa3200.jpg		f		1	1	\N
628	goujon roue  volkswagen-8d0601139d	14	t	fa2639	/static/images/fa2639.jpg		f		1	1	\N
629	jauge 100- a4 a6 golf1-2-3-053103663	8	t	fa1771	/static/images/fa1771.jpg		f		1	1	\N
630	jauge a4 seat skoda vw passat- 06a103663a	11	t	fa1885	/static/images/fa1885.jpg		f		1	1	\N
631	jauge audi a3 golf4 ibiza toledo-06a103663c	13	t	fa2342	/static/images/fa2342.jpg		f		1	1	\N
632	jauge golf4 golf5 caddy3-030115636a	11	t	fa2754	/static/images/fa2754.jpg		f		1	1	\N
633	jauge huile golf4 sharan passat-a3 a4-	15	t	fa2358	/static/images/fa2358.jpg		f		1	1	\N
634	kit soufflet transmission cote roue audi 80 a4 passat	48	t	fafk1822	/static/images/fafk1822.jpg		f		1	1	\N
635	la jauge golf -03l115611h	46.5	t	fa15784	/static/images/fa15784.jpg		f		1	1	\N
636	mano stop golf seat skoda-191945515a	32.5	t	fa9846	/static/images/fa9846.jpg		f		1	1	\N
637	mayau roue arr golf5 caddy fia32-1t0598611b	305.16	t	fa11403	/static/images/fa11403.jpg		f		1	1	\N
638	moyeau arr golf 4 zebra	257.26	t	fa6060	/static/images/fa6060.jpg		f		1	1	\N
698	bouchon reser mercedes citroen	32	t	fatb409	/static/images/fatb409.jpg		f		1	1	\N
639	necessaire tij vitesse golf 2 - mc02840	65.26	t	fa2840	/static/images/fa2840.jpg		f		1	1	\N
640	pipe d'eau audi a3	31	t	fa3598	/static/images/fa3598.jpg		f		1	1	\N
641	pipe thermostat audi golf2 passat	28.44	t	fa3527	/static/images/fa3527.jpg		f		1	1	\N
642	pipe thermostat audi80	12.5	t	fa3517	/static/images/fa3517.jpg		f		1	1	\N
643	pipe thermostat golf2 passat ibiza	16	t	fa3528	/static/images/fa3528.jpg		f		1	1	\N
644	poulie alternateur golf 4 bora	256.26	t	fa4333	/static/images/fa4333.jpg		f		1	1	\N
645	poulie dacia rnt audi mits- 7700107249	89.72	t	fa4667	/static/images/fa4667.jpg		f		1	1	\N
646	poulier passat a4 a6	71.95	t	fa4329	/static/images/fa4329.jpg		f		1	1	\N
647	radiateur huile audi/seat/vw/golf4 1.9tdi	291.98	t	fa10295	/static/images/fa10295.jpg		f		1	1	\N
648	refrigeran golf4 caddy audi a3 a4-1002825	204.76	t	fa10294	/static/images/fa10294.jpg		f		1	1	\N
649	refrigerant huile audi  vw golf7 skoda	480	t	fa14216	/static/images/fa14216.jpg		f		1	1	\N
650	refrigerant huile audi/ford/seat/skoda/vw/golf	333	t	fa10296	/static/images/fa10296.jpg		f		1	1	\N
651	routle golf 19mm-357407365a	47.47	t	fars111	/static/images/fars111.jpg		f		1	1	\N
652	routle golf a3 gh-1j0407365a	67.5	t	fars001	/static/images/fars001.jpg		f		1	1	\N
653	silent g caddy3 golf5 jetta3 passat-1k0199231g	123.5	t	fa4081	/static/images/fa4081.jpg		f		1	1	\N
654	silent ar av golf 7m0407181a	35	t	fa2672	/static/images/fa2672.jpg		f		1	1	\N
655	silent bras a1 ibiza	29.5	t	fa12889	/static/images/fa12889.jpg		f		1	1	\N
656	silent train av caddy golf 2 polo 191407181a	22.16	t	fa0543	/static/images/fa0543.jpg		f		1	1	\N
657	silent train golf3 caddy2 jetta2357407182	21.5	t	fa0542	/static/images/fa0542.jpg		f		1	1	\N
658	silent train passat	134.5	t	fa10262	/static/images/fa10262.jpg		f		1	1	\N
659	silentdseat caddy3 golf5	121.5	t	fa4083	/static/images/fa4083.jpg		f		1	1	\N
660	silentbloc ar caddy golf	57.72	t	fa10280	/static/images/fa10280.jpg		f		1	1	\N
661	silentbloc audi set-1k0505553	14.5	t	fa4082	/static/images/fa4082.jpg		f		1	1	\N
662	silentbloc av golf passat-8d0399415e	76.5	t	fa2484	/static/images/fa2484.jpg		f		1	1	\N
663	silentbloc direction golf2	13.39	t	fa1696	/static/images/fa1696.jpg		f		1	1	\N
664	silentbloc golf audi seat-1k0407182	17	t	fa4407	/static/images/fa4407.jpg		f		1	1	\N
665	silentbloc golf4 arr-191407181d	22.14	t	fa1100	/static/images/fa1100.jpg		f		1	1	\N
666	silentbloc golf6 passat polo	64.5	t	fa14364	/static/images/fa14364.jpg		f		1	1	\N
667	silentbloc susp golf5 caddy	28.64	t	fa10279	/static/images/fa10279.jpg		f		1	1	\N
668	sintbloc de palier triangle golf 4 golf 5 polo	40.79	t	fa4995	/static/images/fa4995.jpg		f		1	1	\N
669	soufflet c/b audi skoda vw -443407283a	79	t	fa1283	/static/images/fa1283.jpg		f		1	1	\N
670	soufflet cote roue opel-374050	19.5	t	fa0522	/static/images/fa0522.jpg		f		1	1	\N
671	sup echa audi golf4-8a0253144g	14.83	t	fa1353	/static/images/fa1353.jpg		f		1	1	\N
672	sup echappement golf 823253147	3.5	t	fa0238	/static/images/fa0238.jpg		f		1	1	\N
673	sup mot ar dr golf2 -191199262a	115	t	fa0901	/static/images/fa0901.jpg		f		1	1	\N
674	sup mot ar golf2 jetta2 passat191199402a	80	t	fa1052	/static/images/fa1052.jpg		f		1	1	\N
675	support boite a vitesse audi 80-811399151a	49.5	t	fa1166	/static/images/fa1166.jpg		f		1	1	\N
676	support mot golf6 passat touran= sa1400	63	t	fa4405	/static/images/fa4405.jpg		f		1	1	\N
677	support moteur gm golf am-171199214f	52	t	fa1057	/static/images/fa1057.jpg		f		1	1	\N
678	support moteur p.mgolf a.m - 171199214	58.34	t	fa1054	/static/images/fa1054.jpg		f		1	1	\N
679	support moteur passat a.m-823199381b	58	t	fa0772	/static/images/fa0772.jpg		f		1	1	\N
680	thermostat audi -80-100 golf2	22	t	fa3535	/static/images/fa3535.jpg		f		1	1	\N
681	thermostat audi skoda seat-038121121d	25	t	fa3597	/static/images/fa3597.jpg		f		1	1	\N
682	thermostat audi skoda seat-03l121131aa	55.64	t	fa13684	/static/images/fa13684.jpg		f		1	1	\N
683	thermostat caddy5 golf5 passat touran	240	t	fa13675	/static/images/fa13675.jpg		f		1	1	\N
684	tige lv golf3-2-6 caddy skoda jetta	12.5	t	fa2016	/static/images/fa2016.jpg		f		1	1	\N
685	toyau de juge golf4 essence - 06a103663b	11.92	t	fa2356	/static/images/fa2356.jpg		f		1	1	\N
686	triangle direction  caddy3 golf6	442.16	t	fatr570	/static/images/fatr570.jpg		f		1	1	\N
687	triangle direction caddy3 golf6 gh	442.16	t	fatr571	/static/images/fatr571.jpg		f		1	1	\N
688	tube d'eau golf4 a3 toledo ii octavia	163.97	t	fa3067	/static/images/fa3067.jpg		f		1	1	\N
689	vase d'eau opel astra	112	t	fa3629	/static/images/fa3629.jpg		f		1	1	\N
690	vase eau  golf6 skoda audi-1j0121403b	80	t	fa2409	/static/images/fa2409.jpg		f		1	1	\N
691	vase eau audi skoda vw seat-1k0121407a	94.32	t	fa3848	/static/images/fa3848.jpg		f		1	1	\N
692	vase eau golf 171121407e	83.24	t	fa3191	/static/images/fa3191.jpg		f		1	1	\N
693	vase eau golf2 -171121407f	80	t	fa3520	/static/images/fa3520.jpg		f		1	1	\N
694	vase eau vw seat skoda 1s0121407e	149	t	fa13669	/static/images/fa13669.jpg		f		1	1	\N
695	bielette suspension m classe w203	70	t	fa0557m	/static/images/fa0557m.jpg		f		1	1	\N
696	biellette suspension m classe w203-2033202889	70.9	t	fa0457m	/static/images/fa0457m.jpg		f		1	1	\N
697	bouchon carter 14x150 long mercedes 1119970330	8.5	t	fa0638	/static/images/fa0638.jpg		f		1	1	\N
699	bras suspension droite calsse 126	230	t	fatr631	/static/images/fatr631.jpg		f		1	1	\N
700	bras suspenssion gauche m.class 126	230	t	fatr630	/static/images/fatr630.jpg		f		1	1	\N
701	flecteur  transmission bmw-26111204294	145	t	fa1487	/static/images/fa1487.jpg		f		1	1	\N
702	poulie mb classe 5pk-6401500460	348.23	t	fa10839	/static/images/fa10839.jpg		f		1	1	\N
703	poulie tendeur mercedes w202 w124 w210	73.62	t	fa13503	/static/images/fa13503.jpg		f		1	1	\N
704	poulier alternateur sprinter classe	255	t	fa4321	/static/images/fa4321.jpg		f		1	1	\N
705	silent av triangle ar - mc04279	24	t	fa2671	/static/images/fa2671.jpg		f		1	1	\N
706	silentbloc barre m207 dia 19-6013210250 = fa0872	14	t	fa10895	/static/images/fa10895.jpg		f		1	1	\N
707	silentbloc suspension av bmw serie 3- 31129059288	32	t	fa2205	/static/images/fa2205.jpg		f		1	1	\N
708	soufflet coute boite sprinter vito-8435329513252	29	t	fa2143	/static/images/fa2143.jpg		f		1	1	\N
709	soufflet de cardon m240-2013500637	21	t	fa1058	/static/images/fa1058.jpg		f		1	1	\N
710	sup echappment m190-2014920116	8	t	fa0756	/static/images/fa0756.jpg		f		1	1	\N
711	support cardan bmw5.24/e36-e46 - mc04251	72	t	fa2641	/static/images/fa2641.jpg		f		1	1	\N
712	support moteur m classe type 204-a2042400217	425	t	fa10826	/static/images/fa10826.jpg		f		1	1	\N
713	support transmission bmw sirie 3- 26121226415	78	t	fa2607	/static/images/fa2607.jpg		f		1	1	\N
714	vase eau mercedes clase e-a2115000049	249.31	t	fa13649	/static/images/fa13649.jpg		f		1	1	\N
715	vase eau nissan qashqai-217114ea0a	160	t	fa16145	/static/images/fa16145.jpg		f		1	1	\N
716	b ouchon vase d'eau partner-84353295150096	20.08	t	fa2339	/static/images/fa2339.jpg		f		1	1	\N
717	bielette emb  citroen  - 96074781	19.87	t	fa2434	/static/images/fa2434.jpg		f		1	1	\N
718	bielette l/v xsara berlingo-2454f5	41	t	fa1741	/static/images/fa1741.jpg		f		1	1	\N
719	bielette pgt citroen -245474	32.3	t	fa1601	/static/images/fa1601.jpg		f		1	1	\N
720	bielette stb berlingo partner p306 xsara 508746	61.07	t	faf0012ci	/static/images/faf0012ci.jpg		f		1	1	\N
721	bielette susp p406-517839	75	t	fa0114p	/static/images/fa0114p.jpg		f		1	1	\N
722	bouchon  psa pgt citroen 1306f3	24.88	t	fa15167	/static/images/fa15167.jpg		f		1	1	\N
723	bouchon vase eau p205 p309 r19 exp-7700805032	15	t	fatb220	/static/images/fatb220.jpg		f		1	1	\N
724	bras sus p205 gh 352051	257.34	t	fatr411	/static/images/fatr411.jpg		f		1	1	\N
725	cache filtre huile partner doblo	29.7	t	fa9924	/static/images/fa9924.jpg		f		1	1	\N
726	caout amortisseur p205.r19/express-7700757324	14.75	t	fa1547	/static/images/fa1547.jpg		f		1	1	\N
727	caout b/s pgt c15 p205 p206 p309 d=22-509437	7	t	fa1078	/static/images/fa1078.jpg		f		1	1	\N
728	caout ech berligo p106 partner 175566	5.17	t	fa1005	/static/images/fa1005.jpg		f		1	1	\N
729	caoutchouc b/s c15 citr av d24-91539592	9.5	t	fa2217	/static/images/fa2217.jpg		f		1	1	\N
730	caoutchouc b/s c2 c3 - 5094a6	24.5	t	fa10625	/static/images/fa10625.jpg		f		1	1	\N
731	caoutchouc b/s c2 c3 - 5094a6	39.44	t	fa10129	/static/images/fa10129.jpg		f		1	1	\N
732	caoutchouc b/s citroen c2 c3 - 509497-5094.a9	22.5	t	fa10128	/static/images/fa10128.jpg		f		1	1	\N
733	caoutchouc barre p406-22mm	30	t	fa2452	/static/images/fa2452.jpg		f		1	1	\N
734	caoutchouc bst p206 d19mm	29.9	t	fa2476	/static/images/fa2476.jpg		f		1	1	\N
735	caoutchouc dechappement c15./p205-1755.40	4.58	t	fa0555	/static/images/fa0555.jpg		f		1	1	\N
736	collorette boiteboxer-jumper-2105.52/210552	65	t	fa10315	/static/images/fa10315.jpg		f		1	1	\N
737	colorette boxer jumper ducato-210542	77	t	fa10292	/static/images/fa10292.jpg		f		1	1	\N
738	dirite p205 p309 c15	25.5	t	fa8006	/static/images/fa8006.jpg		f		1	1	\N
739	durite chauffage partner	252	t	fa8301	/static/images/fa8301.jpg		f		1	1	\N
740	durite p205	35	t	fa8658	/static/images/fa8658.jpg		f		1	1	\N
741	durite p206	85	t	fa8865	/static/images/fa8865.jpg		f		1	1	\N
742	durite pt p205 p309	15.44	t	fa7951	/static/images/fa7951.jpg		f		1	1	\N
743	ecroue de roue boxer jumper-5405.75/1345713080	20	t	fa10367	/static/images/fa10367.jpg		f		1	1	\N
744	filtre gasoilp206-190170/190175/190185	145.15	t	fa10310	/static/images/fa10310.jpg		f		1	1	\N
745	filtre gasoil p307 c4-9467616080	175	t	fa10311	/static/images/fa10311.jpg		f		1	1	\N
746	flecteur direct pgt 158478	21.54	t	fa0374	/static/images/fa0374.jpg		f		1	1	\N
747	fourchette emb c2 c3 c4 hdi	73.82	t	fa4475	/static/images/fa4475.jpg		f		1	1	\N
748	guide emb berling xsara bipper p307	43.5	t	fa4479	/static/images/fa4479.jpg		f		1	1	\N
749	jeu roulement bras arr suspension p205	93.71	t	fa4413	/static/images/fa4413.jpg		f		1	1	\N
750	kit berling xsara p405 partner	78.42	t	fa4768	/static/images/fa4768.jpg		f		1	1	\N
751	kit cable emb berlingo partner	17.56	t	fa9966	/static/images/fa9966.jpg		f		1	1	\N
752	kit essieu p206	58	t	fa4802	/static/images/fa4802.jpg		f		1	1	\N
753	kit silentbloc berl c5 p605 partner 575129	179.66	t	fa4343	/static/images/fa4343.jpg		f		1	1	\N
754	mano stop ar pgt citroen-453465	60	t	fa13744	/static/images/fa13744.jpg		f		1	1	\N
755	pipe eau citroen pgt jumper-024542	22.16	t	fa3059	/static/images/fa3059.jpg		f		1	1	\N
756	pipe thermostat berlingo p205 jumper	34.5	t	fa3503	/static/images/fa3503.jpg		f		1	1	\N
876	sup metalb/s	24	t	fa1033	/static/images/fa1033.jpg		f		1	1	\N
757	polie strille gm p206/partner hdi - 0515v5	420	t	fa2929	/static/images/fa2929.jpg		f		1	1	\N
758	pompe lave glace jumper boxer opel -643474	46.63	t	fa9714	/static/images/fa9714.jpg		f		1	1	\N
759	pompe lave glace psa	59.18	t	fa9721	/static/images/fa9721.jpg		f		1	1	\N
760	poulie alterna citroen peugeot-05429	310.18	t	fa10342	/static/images/fa10342.jpg		f		1	1	\N
761	poulie alterna pgt citroen -966216260	97.61	t	fa4645	/static/images/fa4645.jpg		f		1	1	\N
762	poulie alterna pgt fiat citroen-5705as	278.81	t	fa10836	/static/images/fa10836.jpg		f		1	1	\N
763	poulie alternat  psa citroen fiat 9949627	289.06	t	fa11649	/static/images/fa11649.jpg		f		1	1	\N
764	poulie p406/p806 - 0515j9	411.56	t	fa2976	/static/images/fa2976.jpg		f		1	1	\N
765	poulie pgt fiat citroen saxo2-082990	126.96	t	fa14460	/static/images/fa14460.jpg		f		1	1	\N
766	poulie pgt rnt fiat 083048	120.67	t	fa4657	/static/images/fa4657.jpg		f		1	1	\N
767	poulie psa pgt fiat ford 575155	94	t	fa14845	/static/images/fa14845.jpg		f		1	1	\N
768	poulie tend berl part xsara p306 p206-575146= 575167	53.54	t	fa5176	/static/images/fa5176.jpg		f		1	1	\N
769	poulie tend cour dsit c4 p206 p307	49.5	t	fa4653	/static/images/fa4653.jpg		f		1	1	\N
770	refrigerant huile  berlin -c4 p206-p306-p406	261.46	t	fa10321	/static/images/fa10321.jpg		f		1	1	\N
771	refrigerant huile berl c1 c3 p107 p1007 p207 p307= 1103k2	244.14	t	fa10602	/static/images/fa10602.jpg		f		1	1	\N
772	refrigerant huile berl c2 c3 c4 c5 p208 -1103l1	181.43	t	fa10603	/static/images/fa10603.jpg		f		1	1	\N
773	refrigerant huile berl partner xsara jumper-11	267.3	t	fa10320	/static/images/fa10320.jpg		f		1	1	\N
774	refrigerant huile p307 p308 p407 - 1103n3	253.13	t	fa14223	/static/images/fa14223.jpg		f		1	1	\N
775	refrigerant huile p308 p307	229.24	t	fa15725	/static/images/fa15725.jpg		f		1	1	\N
776	routle citroen p405-364028	42.5	t	fars023	/static/images/fars023.jpg		f		1	1	\N
777	routle jumper 364055	100.5	t	fars015	/static/images/fars015.jpg		f		1	1	\N
778	routle partner berligo 18mm-364051	71.5	t	fars010	/static/images/fars010.jpg		f		1	1	\N
779	silent b/s p405 p305-509434 -pcs	51.66	t	fa1164	/static/images/fa1164.jpg		f		1	1	\N
780	silent bloc arr p307	80	t	fa4373	/static/images/fa4373.jpg		f		1	1	\N
781	silent bras p205 p309 c15 cit- 96096727-352320	16.5	t	fa0750	/static/images/fa0750.jpg		f		1	1	\N
782	silent train c3 p207 p208 p301 cit pgt	41.45	t	fa10267	/static/images/fa10267.jpg		f		1	1	\N
783	silent train c3 p207 p208 p301 cit pgt	36	t	fa10268	/static/images/fa10268.jpg		f		1	1	\N
784	silent train p306 partner xsara352359	36.32	t	fa1065	/static/images/fa1065.jpg		f		1	1	\N
785	silentbloc arriere boxer jumper-50705198	71.32	t	fa10256	/static/images/fa10256.jpg		f		1	1	\N
786	silentbloc bras pgt rnt fiat 50705197	55	t	fa10255	/static/images/fa10255.jpg		f		1	1	\N
787	silentbloc citron c2-352398	26.5	t	fa4058	/static/images/fa4058.jpg		f		1	1	\N
788	silentbloc p405 av -352340	14.41	t	fa1088	/static/images/fa1088.jpg		f		1	1	\N
789	silentbloc susp c2 c3	54.5	t	fa13572	/static/images/fa13572.jpg		f		1	1	\N
790	silentbloc susp.ci.c3 ii	51.66	t	fa13573	/static/images/fa13573.jpg		f		1	1	\N
791	silentbloc suspention citroen c2-3523aa	39	t	fa4059	/static/images/fa4059.jpg		f		1	1	\N
792	silentbloc traingle boxer jumper	38	t	fa1917	/static/images/fa1917.jpg		f		1	1	\N
793	silentbloc triangle	29	t	fa2021	/static/images/fa2021.jpg		f		1	1	\N
794	silentblock de barre j5boxor ducato-35610814339248	13.5	t	fa1180	/static/images/fa1180.jpg		f		1	1	\N
795	silentblock triangle p406 ext37/int14.5/h38mm-352360	27	t	fa1090	/static/images/fa1090.jpg		f		1	1	\N
796	soufflet cote roue citroen visa peugeot-9403293778	19	t	fa0658	/static/images/fa0658.jpg		f		1	1	\N
797	soufflet cremaillere assiste p206 partner-8435329571733	50	t	fa2078	/static/images/fa2078.jpg		f		1	1	\N
798	soufflet plastique citroen peugeot-329396	40	t	fa1208	/static/images/fa1208.jpg		f		1	1	\N
799	suffltte transmission l/r citeroen jumper-9623535380	60	t	fa2127	/static/images/fa2127.jpg		f		1	1	\N
800	sup echappement c1 p107-1755k9	7.5	t	fa10177	/static/images/fa10177.jpg		f		1	1	\N
801	sup mot p307 hdi	337.5	t	fa4745	/static/images/fa4745.jpg		f		1	1	\N
802	sup mot partner p306	84.07	t	fa1041h	/static/images/fa1041h.jpg		f		1	1	\N
803	sup mot tepee p508 c5 gh-180674	149.86	t	fa4005	/static/images/fa4005.jpg		f		1	1	\N
804	sup triangle partner -352389	35.33	t	fa1087	/static/images/fa1087.jpg		f		1	1	\N
805	support mot pgt citroen p307 hdi-180935	51.24	t	fa4769	/static/images/fa4769.jpg		f		1	1	\N
806	support amort p307 c4 tepee	56.5	t	fa4043	/static/images/fa4043.jpg		f		1	1	\N
807	support amortisseur av gauche partner - 503822	115	t	fa2231	/static/images/fa2231.jpg		f		1	1	\N
808	support amortisseur ducato boxer jumper - 503842	135	t	fa2226	/static/images/fa2226.jpg		f		1	1	\N
809	support ar train  av c15 bx - 95632592	155	t	fa2056	/static/images/fa2056.jpg		f		1	1	\N
810	support arr jumper 180695	241	t	fa5283	/static/images/fa5283.jpg		f		1	1	\N
811	support mot av gh p205 p309-184382	35	t	fa0531	/static/images/fa0531.jpg		f		1	1	\N
812	support mot citroen pgt-180944	80.94	t	fa10536	/static/images/fa10536.jpg		f		1	1	\N
813	support moteur  ducato jumper-8435329514518	145	t	fa2278	/static/images/fa2278.jpg		f		1	1	\N
814	support moteur ducato jumper boxer-8435329514525	119	t	fa2279	/static/images/fa2279.jpg		f		1	1	\N
815	support moteur gauche p306/partner - 513169	119	t	fa2271	/static/images/fa2271.jpg		f		1	1	\N
816	support moteur inf jumpey evasion	117	t	fa4733	/static/images/fa4733.jpg		f		1	1	\N
817	support moteur inf p806/jumpy -180930	82	t	fa2261	/static/images/fa2261.jpg		f		1	1	\N
818	support moteur p205 p206 65mm - 184454	42.88	t	fa2460	/static/images/fa2460.jpg		f		1	1	\N
819	support train arr  c15 bx 95632593	155	t	fa2055	/static/images/fa2055.jpg		f		1	1	\N
820	supportd'essieu arr c15/p306 - 96061864	43	t	fa1907	/static/images/fa1907.jpg		f		1	1	\N
821	tend pouile berl c5 p605	101	t	fa4340	/static/images/fa4340.jpg		f		1	1	\N
822	tendeur de chaine boxer jumper ducato	179.66	t	fa4643	/static/images/fa4643.jpg		f		1	1	\N
823	thermostat berlingo c3	250	t	fa14605	/static/images/fa14605.jpg		f		1	1	\N
824	thermostat berlingo c3 c4 ford	245.75	t	fa9870	/static/images/fa9870.jpg		f		1	1	\N
825	thermostat c2 c3 p306 p1007	83.5	t	fa3549	/static/images/fa3549.jpg		f		1	1	\N
826	thermostat eau berlingoo focus p206 p307	224	t	fa3833	/static/images/fa3833.jpg		f		1	1	\N
827	thermostat nemo xsara p1007 c1 c2	201.22	t	fa3832	/static/images/fa3832.jpg		f		1	1	\N
828	thermostat p207 citroen	165.23	t	fa3851	/static/images/fa3851.jpg		f		1	1	\N
829	tige b/v xsara berl partn p306 p205-245262	57	t	fa2866	/static/images/fa2866.jpg		f		1	1	\N
830	tige l/vitess berlingo xsara partner p206-245281	43	t	fa1642	/static/images/fa1642.jpg		f		1	1	\N
831	tige lv berl c2 c3 c4 p207 p307-tepee	36.17	t	fa4687	/static/images/fa4687.jpg		f		1	1	\N
832	tige vitesse p206 partner diametre 250mm-	49.98	t	fa10399	/static/images/fa10399.jpg		f		1	1	\N
833	tirant chassie p406 ref f0014p-508748	70.5	t	faf0114p	/static/images/faf0114p.jpg		f		1	1	\N
834	tirant partner  tepee p307 c4 p3008-508750	69.5	t	faf0656p	/static/images/faf0656p.jpg		f		1	1	\N
835	triangle droite c8 p806 jumpey evasion  scoda	377	t	fatr589	/static/images/fatr589.jpg		f		1	1	\N
836	triangle droite p205.p309.turbo .essence	355	t	fatr406	/static/images/fatr406.jpg		f		1	1	\N
837	triangle gauche p806.jumpey.evasion .scoda	397.4	t	fatr109	/static/images/fatr109.jpg		f		1	1	\N
838	triangle partner g	315	t	fatr407	/static/images/fatr407.jpg		f		1	1	\N
839	tube d'eau p206	331.51	t	fa9815	/static/images/fa9815.jpg		f		1	1	\N
840	tube eau berl p406 p306 p405 jumper	109	t	fa3057	/static/images/fa3057.jpg		f		1	1	\N
841	vase d'eau partner	135	t	fa3600	/static/images/fa3600.jpg		f		1	1	\N
842	vase eau c4 p307 pgt citroen 1323ez	130	t	fa3853	/static/images/fa3853.jpg		f		1	1	\N
843	vase eau p207/c2/c3	125	t	fa3850	/static/images/fa3850.jpg		f		1	1	\N
844	vase eau partner am-8435329515065	100.5	t	fa2336	/static/images/fa2336.jpg		f		1	1	\N
845	anneux ecapp std pm-175538	2.27	t	fa0366	/static/images/fa0366.jpg		f		1	1	\N
846	barre stabilisatrice -	29.9	t	fa2475	/static/images/fa2475.jpg		f		1	1	\N
847	bouchon carter huile 14x150- 0311.29	9	t	fa10530	/static/images/fa10530.jpg		f		1	1	\N
848	bouchon radiateur std	20.06	t	fa2391	/static/images/fa2391.jpg		f		1	1	\N
849	bouchon radiateur std 130685	19	t	fatb150	/static/images/fatb150.jpg		f		1	1	\N
850	bouchon vase d'eau std	15	t	fatb210	/static/images/fatb210.jpg		f		1	1	\N
851	bouchon vidange carter 14x125-31118	6.5	t	fa1536	/static/images/fa1536.jpg		f		1	1	\N
852	brda refrigerante  8mm-527014	12.5	t	fa1518	/static/images/fa1518.jpg		f		1	1	\N
853	caout b/s pgt c15 p205 p206 p309 d=22-509437	31.5	t	fa4821	/static/images/fa4821.jpg		f		1	1	\N
854	comutateur de feu ar	46	t	fa13743	/static/images/fa13743.jpg		f		1	1	\N
855	ecrou roue psa	14.5	t	fa10363	/static/images/fa10363.jpg		f		1	1	\N
856	ecrou roue psa	20	t	fa10365	/static/images/fa10365.jpg		f		1	1	\N
857	guide emb psa	62.33	t	fa4478	/static/images/fa4478.jpg		f		1	1	\N
858	jauge a vag	23.5	t	fa12749	/static/images/fa12749.jpg		f		1	1	\N
859	kit bielette cable emb	14.5	t	fa1617	/static/images/fa1617.jpg		f		1	1	\N
860	pastille d=20mm	6.9	t	fatp-200	/static/images/fatp-200.jpg		f		1	1	\N
861	pastille d=22mm	7.1	t	fatp-220	/static/images/fatp-220.jpg		f		1	1	\N
862	pastille d=24mm	7.73	t	fatp-240	/static/images/fatp-240.jpg		f		1	1	\N
863	pastille d=25mm	8.36	t	fatp-250	/static/images/fatp-250.jpg		f		1	1	\N
864	pastille d=27mm	8.36	t	fatp-270	/static/images/fatp-270.jpg		f		1	1	\N
865	pastille d=28mm	8.57	t	fatp-280	/static/images/fatp-280.jpg		f		1	1	\N
866	pastille d=30mm	10.04	t	fatp-300	/static/images/fatp-300.jpg		f		1	1	\N
867	pastille d=32mm	9.83	t	fatp-320	/static/images/fatp-320.jpg		f		1	1	\N
868	pastille d=34mm	10.66	t	fatp-340	/static/images/fatp-340.jpg		f		1	1	\N
869	pastille d=35mm	10.46	t	fatp-350	/static/images/fatp-350.jpg		f		1	1	\N
870	pastille d=36mm	10.87	t	fatp-360	/static/images/fatp-360.jpg		f		1	1	\N
871	pastille d=36mm	10.87	t	fatp-360	/static/images/fatp-360.jpg		f		1	1	\N
872	pompe lave glace psa	59.18	t	fa9721	/static/images/fa9721.jpg		f		1	1	\N
873	poulie tend volvo	54	t	fa5002	/static/images/fa5002.jpg		f		1	1	\N
874	prefiltre essence std	8	t	fa11470	/static/images/fa11470.jpg		f		1	1	\N
875	soufflet cremailleur std	36	t	fa2092	/static/images/fa2092.jpg		f		1	1	\N
877	vase expansion	209	t	fa13124	/static/images/fa13124.jpg		f		1	1	\N
878	anneux ecapp std pm-175538	2.27	t	fa0366	/static/images/fa0366.jpg		f		1	1	\N
879	barre stabilisatrice -	29.9	t	fa2475	/static/images/fa2475.jpg		f		1	1	\N
880	bouchon carter huile 14x150- 0311.29	9	t	fa10530	/static/images/fa10530.jpg		f		1	1	\N
881	bouchon radiateur std	20.06	t	fa2391	/static/images/fa2391.jpg		f		1	1	\N
882	bouchon radiateur std 130685	19	t	fatb150	/static/images/fatb150.jpg		f		1	1	\N
883	bouchon vase d'eau std	15	t	fatb210	/static/images/fatb210.jpg		f		1	1	\N
884	bouchon vidange carter 14x125-31118	6.5	t	fa1536	/static/images/fa1536.jpg		f		1	1	\N
885	brda refrigerante  8mm-527014	12.5	t	fa1518	/static/images/fa1518.jpg		f		1	1	\N
886	caout b/s pgt c15 p205 p206 p309 d=22-509437	31.5	t	fa4821	/static/images/fa4821.jpg		f		1	1	\N
887	comutateur de feu ar	46	t	fa13743	/static/images/fa13743.jpg		f		1	1	\N
888	ecrou roue psa	14.5	t	fa10363	/static/images/fa10363.jpg		f		1	1	\N
889	ecrou roue psa	20	t	fa10365	/static/images/fa10365.jpg		f		1	1	\N
890	guide emb psa	62.33	t	fa4478	/static/images/fa4478.jpg		f		1	1	\N
891	jauge a vag	23.5	t	fa12749	/static/images/fa12749.jpg		f		1	1	\N
892	kit bielette cable emb	14.5	t	fa1617	/static/images/fa1617.jpg		f		1	1	\N
893	pastille d=20mm	6.9	t	fatp-200	/static/images/pastill.jpg		f		1	1	\N
894	pastille d=22mm	7.1	t	fatp-220	/static/images/pastill.jpg		f		1	1	\N
895	pastille d=24mm	7.73	t	fatp-240	/static/images/pastill.jpg		f		1	1	\N
896	pastille d=25mm	8.36	t	fatp-250	/static/images/pastill.jpg		f		1	1	\N
897	pastille d=27mm	8.36	t	fatp-270	/static/images/pastill.jpg		f		1	1	\N
898	pastille d=28mm	8.57	t	fatp-280	/static/images/pastill.jpg		f		1	1	\N
899	pastille d=30mm	10.04	t	fatp-300	/static/images/pastill.jpg		f		1	1	\N
900	pastille d=32mm	9.83	t	fatp-320	/static/images/pastill.jpg		f		1	1	\N
901	pastille d=34mm	10.66	t	fatp-340	/static/images/pastill.jpg		f		1	1	\N
902	pastille d=35mm	10.46	t	fatp-350	/static/images/pastill.jpg		f		1	1	\N
903	pastille d=36mm	10.87	t	fatp-360	/static/images/pastill.jpg		f		1	1	\N
904	pompe lave glace psa	59.18	t	fa9721	/static/images/fa9721.jpg		f		1	1	\N
905	poulie tend volvo	54	t	fa5002	/static/images/fa5002.jpg		f		1	1	\N
906	prefiltre essence std	8	t	fa11470	/static/images/fa11470.jpg		f		1	1	\N
907	soufflet cremailleur std	36	t	fa2092	/static/images/fa2092.jpg		f		1	1	\N
908	sup metalb/s	24	t	fa1033	/static/images/fa1033.jpg		f		1	1	\N
909	vase expansion	209	t	fa13124	/static/images/fa13124.jpg		f		1	1	\N
910	bielette stb  bmw s5 e39 - 33551124375 - 100mm	66	t	e03.lb.216	/static/images/e03.lb.216.jpg		f		1	6	\N
911	bielitte stb av  bmw 5-1995-2004 gh-31351091855-	75	t	e03.lb.182	/static/images/e03.lb.182.jpg		f		1	6	\N
912	bielitte stb av  bmw/5 1995-2004 dr- 31351091856-	75	t	e03.lb.183	/static/images/e03.lb.183.jpg		f		1	6	\N
913	bras merc class- w126 gh-1263300607	232	t	e15.tc.272	/static/images/e15.tc.272.jpg		f		1	6	\N
914	silentbloc bmw 3 series- 90-05-33321092248 -	64.5	t	e03.sb.582	/static/images/e03.sb.582.jpg		f		1	6	\N
915	triangle bmw s3 e46 gh - 31126751317	550.2	t	e03.tc.601	/static/images/e03.tc.601.jpg		f		1	6	\N
916	bielitte stb iveco dayli ii 99-06-dr- 500383975	84	t	e05.lb.116	/static/images/e05.lb.116.jpg		f		1	6	\N
917	biellette axial fiat bravo ii-9949217	69	t	e05.re.582	/static/images/e05.re.582.jpg		f		1	6	\N
918	chappe  bravo ii 9949218	72	t	e05.tr.311	/static/images/e05.tr.311.jpg		f		1	6	\N
919	chappe fiat palio gh-98845032	153	t	e05.tr.399	/static/images/e05.tr.399.jpg		f		1	6	\N
920	rotule fiat bravo ii stilo inf 04-07 - 90x75x85	64	t	e05.bj.632	/static/images/e05.bj.632.jpg		f		1	6	\N
921	routle  sup fiat 132 argenta-4104961	63	t	e05.bj.603	/static/images/e05.bj.603.jpg		f		1	6	\N
922	s/b susp fiat tipo  dr-alfa romeo-fiat brava -155-167-	42.5	t	e05.sb.705	/static/images/e05.sb.705.jpg		f		1	6	\N
923	s/b susp fiat tipo gh- alfa romeo 145-167- 7601065	42.5	t	e05.sb.706	/static/images/e05.sb.706.jpg		f		1	6	\N
924	sup fiat  tipo -tempra  1995 - 7610157	107	t	e05.tm.179	/static/images/e05.tm.179.jpg		f		1	6	\N
925	sup fiat tempra - tipo - 7610541 1995	116.5	t	e05.st.177	/static/images/e05.st.177.jpg		f		1	6	\N
926	bielitte stb ar  pm ford coguar-mondeoii-j9102.5mm-10	60	t	e06.vr.395	/static/images/e06.vr.395.jpg		f		1	6	\N
927	bielitte stb ar pm ford mondeo i-jaguar	60	t	e06.vr.398	/static/images/e06.vr.395.jpg		f		1	6	\N
928	caoutchant b/s f/transit - 6521811 - 18x39x38.5x33.5	9	t	e06.st.136	/static/images/e06.st.136.jpg		f		1	6	\N
929	caoutchouc  ford fiesta iv 1995  2002- 96fb3k155ag	110	t	e06.st.072	/static/images/e06.st.072.jpg		f		1	6	\N
930	caoutchouc  ford focus i - 1998  2004 - 1073217	54.6	t	e06.st.092	/static/images/e06.st.092.jpg		f		1	6	\N
931	chappe ford orion i - ii - iii - dr - 7243564	58	t	e06.tr.266	/static/images/e06.tr.266.jpg		f		1	6	\N
932	chappe ford orion i - ii - iii - gauche	58	t	e06.tr.267	/static/images/e06.tr.267.jpg		f		1	6	\N
933	silentbloc ford focus i 04 arµ 1064128	34	t	e06.sb.615	/static/images/e06.sb.615.jpg		f		1	6	\N
934	silentbloc ford mondeo iii 2000  2007 - 1404977	39	t	e06.sb.527	/static/images/e06.sb.527.jpg		f		1	6	\N
935	silentbloc ford mondeo iii 2000  2007 -1404976	60	t	e06.sb.526	/static/images/e06.sb.526.jpg		f		1	6	\N
936	silentbloc ford transit iv 1991  2000 - 7328510	38	t	e06.sb.553	/static/images/e06.sb.553.jpg		f		1	6	\N
937	sup ford focus i  1998-2004 - 1142702	294	t	e06.st.115	/static/images/e06.st.115.jpg		f		1	6	\N
938	sup ford focus i transit connect 2002-+ 1087177	129.5	t	e06.st.113	/static/images/e06.st.113.jpg		f		1	6	\N
939	sup ford mondeo iii  2000-2007 - 157w3k155ag	122.5	t	e06.st.085	/static/images/e06.st.085.jpg		f		1	6	\N
940	sup ford mondeo iii  2000-2007 -15715484ad	32	t	e06.st.086	/static/images/e06.st.086.jpg		f		1	6	\N
941	sup ford mondeo iii - 1327578	214	t	e06.st.196	/static/images/e06.st.196.jpg		f		1	6	\N
942	sup ford transit iv - 92vb3k155 ad	69	t	e06.st.123	/static/images/e06.st.123.jpg		f		1	6	\N
943	sup mot focus i ess  - 1061107	198	t	e06.st.096	/static/images/e06.st.096.jpg		f		1	6	\N
944	sup mt ford escort v-vi-vii - 86ab6038d- 1999	210.5	t	e06.st.059	/static/images/e06.st.059.jpg		f		1	6	\N
945	bielitte  stb  audi a6  ar - 8e0505465 d	55.86	t	e02.lb.634	/static/images/e02.lb.634.jpg		f		1	6	\N
946	bielitte stb av dr vw transporer iv-1990  2003 -	81.2	t	e31.lb.500	/static/images/e06.vr.395.jpg		f		1	6	\N
947	biellette vw golf3 comp-seat arosa-1h0422803a	134.4	t	e31.aj.984	/static/images/e31.aj.984.jpg		f		1	6	\N
948	caouatchouc audi 80 - 893399151a- 1972  1986	111	t	e02.st.312	/static/images/e02.st.312.jpg		f		1	6	\N
949	chappe  bravo ii 9949218	72	t	e05.tr.311	/static/images/e05.tr.311.jpg		f		1	6	\N
950	chappe  golf charan dr- 95vw3280bb	80	t	e31.tr.292	/static/images/e31.tr.292.jpg		f		1	6	\N
951	rotule golf ii axe 17-volkswagen polo	68.6	t	e31.bj.592	/static/images/e31.bj.592.jpg		f		1	6	\N
952	soufflet  avec bride metallique golf i - polo	38	t	e31.sk.226	/static/images/e31.sk.226.jpg		f		1	6	\N
953	sup amort golf ii -191512335	17	t	e31.st.852	/static/images/e31.st.852.jpg		f		1	6	\N
954	triangle vw golf iii 1991-1997 dr- 1h407152a	324.5	t	e31.tc.640	/static/images/e31.tc.640.jpg		f		1	6	\N
955	triangle vw golf iii 1991-1997 gh- 1h0407151a	324.5	t	e31.tc.639	/static/images/e31.tc.639.jpg		f		1	6	\N
956	bielette  stb hyundai santafe 2001 gh 5553026600-118mm	65	t	e08.lb.118	/static/images/e08.lb.118.jpg		f		1	6	\N
957	bielette axial chevrolet opta 2005 ++286mm	78.5	t	e11.re.416	/static/images/e06.vr.395.jpg		f		1	6	\N
958	bielette axial kia 2500-pregio f/ transit-275mm- 0k72a32270	72	t	e09.re.102	/static/images/e09.re.102.jpg		f		1	6	\N
959	bielette stb honda  accord 8 dr 80 mm- 51320seae01	60	t	e07.lb.195	/static/images/e07.lb.195.jpg		f		1	6	\N
960	bielette stb honda accord 8 gh 115 mm- 52325584a01	60	t	e07.lb.189	/static/images/e07.lb.189.jpg		f		1	6	\N
961	bielitte  axial honda hr-v gh 310.5mm- 53010s2hj02	65	t	e07.re.056	/static/images/e07.re.056.jpg		f		1	6	\N
962	bielitte axial  hyundai accent era 5mc° 2005++195mm-577241e0	68	t	e08.re.907	/static/images/e08.re.907.jpg		f		1	6	\N
963	bielitte axial  hyundai i20 2008++223mm-577041j000	58.5	t	e08.re.920	/static/images/e08.re.920.jpg		f		1	6	\N
964	bielitte axial  hyundai i30-kia 218.5mm-56540a6000	84	t	e08.re.924	/static/images/e08.re.924.jpg		f		1	6	\N
965	bielitte axial honda accord viii 123mm- 53010sdaa01	64.5	t	e07.re.062	/static/images/e07.re.062.jpg		f		1	6	\N
966	bielitte axial hyundai  i30 2007++ 162.5mm-565402h000	78.5	t	e09.re.125	/static/images/e09.re.125.jpg		f		1	6	\N
967	bielitte axial hyundai starex (h1	75	t	e08.re.918	/static/images/e08.re.918.jpg		f		1	6	\N
968	bielitte stb  ar dr hyundai starex(h1)1997++555304a001-11	67	t	e08.lb.111	/static/images/e08.lb.111.jpg		f		1	6	\N
969	bielitte stb ar hyundai/i 40(vf) 2012++95mm-555303z000	96	t	e08.lb.164	/static/images/e08.lb.164.jpg		f		1	6	\N
970	bielitte stb honda  accord 8 gh 80 mm- 51321seae01	60	t	e07.lb.194	/static/images/e07.lb.194.jpg		f		1	6	\N
971	biellite stb honda accord 8 dr 115 mm-52320s84a01	60	t	e07.lb.188	/static/images/e07.lb.188.jpg		f		1	6	\N
972	chappe honda accord 8 dr- 53540sda a01	90	t	e07.tr.756	/static/images/e07.tr.756.jpg		f		1	6	\N
973	chappe honda accord 8 gh - 53560 sda a01	90	t	e07.tr.755	/static/images/e07.tr.755.jpg		f		1	6	\N
974	chappe hy accent blue 2012++ gh - 56820 0h500	112	t	e08.tr.336	/static/images/e08.tr.336.jpg		f		1	6	\N
975	chappe hy accent era (mc)2005++ dr-56820-1e900	90	t	e08.tr.312	/static/images/e08.tr.312.jpg		f		1	6	\N
976	chappe hy i10  2007++ dr - 56821 b4000	69	t	e08.tr.355	/static/images/e08.tr.355.jpg		f		1	6	\N
977	chappe hy i10 2007++ gh - 56820b4000	69	t	e08.tr.354	/static/images/e08.tr.354.jpg		f		1	6	\N
978	chappe hy i10 dr 2007++ 568200x900	91.5	t	e08.tr.328	/static/images/e08.tr.328.jpg		f		1	6	\N
979	chappe hy i30 2011++ dr - 56820 a6000 = 08.tr.339	90	t	e08.tr.342	/static/images/e08.tr.342.jpg		f		1	6	\N
980	chappe hy i30 2011++ gh - 56820 3x000 = 08.tr.338	90	t	e08.tr.343	/static/images/e08.tr.343.jpg		f		1	6	\N
981	chappe hy i40  2012++ gh - 56820 3v100	110	t	e08.tr.341	/static/images/e08.tr.341.jpg		f		1	6	\N
982	chappe hy i40 2012++ dr- 56820 3v190	110	t	e08.tr.340	/static/images/e08.tr.340.jpg		f		1	6	\N
983	chappe santa fe ix55 kia sorinto dr 568202b900	95	t	e08.tr.321	/static/images/e08.tr.321.jpg		f		1	6	\N
984	rotule  honda / city-jazz hrv 2003+512205aa013	62	t	e07.bj.161	/static/images/e07.bj.161.jpg		f		1	6	\N
985	s/b susp  hyundai h1 - 545014h000	65	t	e08.sb.434	/static/images/e08.sb.434.jpg		f		1	6	\N
986	triangle hy accent era (mc)inf 2005++ dr- 545011e100	299	t	e08.tc.634	/static/images/e08.tc.634.jpg		f		1	6	\N
987	triangle hy accent era (mc)inf 2005++ gh- 545001e100	299	t	e08.tc.632	/static/images/e08.tc.632.jpg		f		1	6	\N
988	triangle hy accent era inf -kia rio ii 2005++dr-545011e000	213	t	e08.tc.606	/static/images/e08.tc.606.jpg		f		1	6	\N
989	triangle hy accent inf kia rio ii 2005++gh-545001e000	212	t	e08.tc.604	/static/images/e08.tc.604.jpg		f		1	6	\N
990	triangle hy h100 box/ bus sup- 1993++ dr-5443043005	242	t	e08.tc.626	/static/images/e08.tc.626.jpg		f		1	6	\N
991	triangle hy h100 box/ h1 bus inf- 1993++gh-545004a000	300	t	e08.tc.612	/static/images/e08.tc.612.jpg		f		1	6	\N
992	triangle hy h100 box/ h1 bus inf1993++dr-545014a000	300	t	e08.tc.614	/static/images/e08.tc.614.jpg		f		1	6	\N
993	triangle hy i20 -ix20 inf 2008++dr-545011j500	300	t	e08.tc.670	/static/images/e08.tc.670.jpg		f		1	6	\N
994	triangle hy i20 -ix20 inf 2008++gh-545001j500	300	t	e08.tc.668	/static/images/e08.tc.668.jpg		f		1	6	\N
995	triangle hy santafe ii kia sorento -+dr 545012b000	389.5	t	e08.tc.688	/static/images/e08.tc.688.jpg		f		1	6	\N
996	triangle hy santafe ii kia sorento -+gh 545002b000	389.5	t	e08.tc.687	/static/images/e08.tc.687.jpg		f		1	6	\N
997	chappe  isuzu pic/up - d.max b 98-99 gd -900907= 39.tr.088	50	t	e19.tr.540	/static/images/E19.TR.540.jpg		f		1	6	\N
998	chappe  mits canter gh - mw033301	82	t	e16.tr.753	/static/images/e06.vr.395.jpg		f		1	6	\N
999	chappe  mits l200 4µ4 g/d pajero=mb241206-776-766	80	t	e16.tr.770	/static/images/E16.TR.770.jpg		f		1	6	\N
1000	chappe mazda/b-serie5un° b2200-b2600- uh7132280	55	t	jcdm7132280	/static/images/JCDM7132280.jpg		f		1	6	\N
1001	chappe mazda/b-serie5un° b2200-b2600- uh7432250	65	t	jcdm7432250	/static/images/JCDM7432250.jpg		f		1	6	\N
1002	chappe mits canter dr - mw-033300	82	t	e16.tr.754	/static/images/E16.TR.754.jpg		f		1	6	\N
1003	chappe mits l200 2x4 g/d=mr241031	82.5	t	e16.tr.773	/static/images/E16.TR.773.jpg		f		1	6	\N
1004	chappe ranger mazda g/d1999>b2200-b2600-uh7132280	57	t	e14.tr.776	/static/images/E14.TR.776.jpg		f		1	6	\N
1005	chappe ranger mazda gd b2200-b2600-1999-uh7432250	72	t	e14.tr.778	/static/images/E14.TR.778.jpg		f		1	6	\N
1006	echap isu tfr - g / 8-94459-481-0	60	t	jcdi944594810	/static/images/JCDI944594810.jpg		f		1	6	\N
1007	levier direction toyota hilux ii-4549039445	538.3	t	e29.ia.305	/static/images/E29.IA.305.jpg		f		1	6	\N
1008	rotule  l200 pajero 4x4-l300 hyu calloper-mb176308	107.5	t	e16.bj.183	/static/images/E16.BJ.183.jpg		f		1	6	\N
1009	biellitte stb  avant dr citroen xantia 93-2003-96145457	72	t	e04.lb.300	/static/images/E04.LB.300.jpg		f		1	6	\N
1010	biellitte stb ar dr p605 -p607 -1989  1999-517818	69	t	e20.lb.522	/static/images/e06.vr.395.jpg		f		1	6	\N
1011	biellitte stb av dr citroen ax 5za-° 86-1998-508733	80	t	e04.lb.303	/static/images/E04.LB.303.jpg		f		1	6	\N
1013	chappe  citroen c6 p407 gh-381758	75	t	e20.tr.537	/static/images/E20.TR.537.jpg		f		1	6	\N
1014	chappe boxer 3 dr-381770	91.5	t	e20.tr.546	/static/images/E20.TR.546.jpg		f		1	6	\N
1015	chappe citroen jumpy-1306003080	60	t	e20.tr.540	/static/images/E20.TR.540.jpg		f		1	6	\N
1016	chappe peugeot j7 dr - 1968-1980-387431	61.5	t	e20.tr.532	/static/images/E20.TR.532.jpg		f		1	6	\N
1017	chappe peugeot j7 gh 1968-1980-387430	61.5	t	e20.tr.533	/static/images/E20.TR.533.jpg		f		1	6	\N
1018	silentbloc citroen xantia 1993-2003 - 96083570	27.5	t	e04.sb.371	/static/images/E04.SB.371.jpg		f		1	6	\N
1019	sup citroen xantia  dr - 352382	90	t	e04.st.756	/static/images/E04.ST.756.jpg		f		1	6	\N
1020	sup citroen xantia  gh- 352381	90	t	e04.st.757	/static/images/E04.ST.757.jpg		f		1	6	\N
1021	sup mot  cit  c8 p406 p806 p 605 gh - 9618184180	274	t	e05.st.252	/static/images/E05.ST.252.jpg		f		1	6	\N
1022	triangle citroen - peugeot-partner -dr 3521f3	280	t	e04.tc.169	/static/images/E04.TC.169.jpg		f		1	6	\N
1023	triangle citroen - peugeot-partner -gh 3520j3	280	t	e04.tc.168	/static/images/E04.TC.168.jpg		f		1	6	\N
1012	biellitte stb av dr p605 jampy citroen xm 94-2000-5087.	75	t	e04.lb.210	/static/images/E04.LB.303.jpg	\N	f	\N	1	6	\N
1024	biellitte ar dacia duster g/d 2010++ 8200839119	294	t	e22.dl.934	/static/images/E22.DL.934.jpg		f		1	6	\N
1025	chappe  scenic safrane i ii dr-6000022715	89	t	e22.tr.735	/static/images/e06.vr.395.jpg		f		1	6	\N
1026	chappe clio i gh-7701467273	63	t	e22.tr.704	/static/images/E22.TR.704.jpg		f		1	6	\N
1027	chappe clio ii megane ii scenic gh-7701471145	75	t	e22.tr.729	/static/images/E22.TR.729.jpg		f		1	6	\N
1028	chappe clio ii megane ii scenic gh-7701471145	55	t	e22.tr.729wnz	/static/images/E22.TR.729WNZ.jpg		f		1	6	\N
1029	chappe laguna gh-6000022737	90	t	e22.tr.708	/static/images/E22.TR.708.jpg		f		1	6	\N
1030	chappe rnt twingo 1993-> dr 6000022731	84	t	e22.tr.711	/static/images/E22.TR.711.jpg		f		1	6	\N
1031	chappe scenic safrane i ii gh-6000022714	89	t	e22.tr.734	/static/images/E22.TR.734.jpg		f		1	6	\N
1032	s/b renault espace iv lagouna- 8200125534	51	t	e22.tm.087	/static/images/E22.TM.087.jpg		f		1	6	\N
1033	s/b rnt super5 r21-7704000681/b µ 32x12x53	21	t	e22.sb.063	/static/images/E22.SB.063.jpg		f		1	6	\N
1034	sup mot megane ii laguna ii - 8200358147= b83199	108	t	e22.st.656	/static/images/E22.ST.656.jpg		f		1	6	\N
1035	support  amort dacia logan- sandero - duster- 8200275528	50	t	e22.st.723	/static/images/E22.ST.723.jpg		f		1	6	\N
1036	support  dacia logan sandero rnt meganeii - 8200500928	150	t	e22.st.669	/static/images/E22.ST.669.jpg		f		1	6	\N
1037	support  mt renault  kangoo -8200423501	150	t	e22.st.692	/static/images/E22.ST.692.jpg		f		1	6	\N
1038	support renault megane iii -113560010r	175	t	e22.st.732	/static/images/E22.ST.732.jpg		f		1	6	\N
3185	volvo fh 12	389.85	t	qr27834	/static/images/QR27834.jpg		f		7	13	\N
1039	triangle  megane ii-scenic ii captur dr-8200298455	226	t	e22.tc.285	/static/images/E22.TC.285.jpg		f		1	6	\N
1040	triangle laguna ii gh - 820026654	258	t	e22.tc.288	/static/images/E22.TC.288.jpg		f		1	6	\N
1041	triangle laguna ii gh - 820026655	258	t	e22.tc.289	/static/images/E22.TC.289.jpg		f		1	6	\N
2939	a.h 18x35x10/15-a.h ford transit gonfleur double	13	t	ah/18.35.10/1	/static/images/AH/18.35.10/1.jpg		f		4	11	\N
2940	a.h 38x52x7	13	t	ah/38.52.7t	/static/images/AH/38.52.7T.jpg		f		4	11	\N
2941	a.h 38x52x8 bed ford 10353	13	t	ah/38.52.8	/static/images/AH/38.52.8.jpg		f		4	11	\N
2942	a.h 45x64x12 - roue av m 250 - 190 - ford escort- metal mot av	17	t	ah/45.64.12	/static/images/AH/45.64.12.jpg		f		4	11	\N
2943	a.h 46x66.8x11 ford transit	14	t	ah/46.66.8.11	/static/images/AH/46.66.8.11.jpg		f		4	11	\N
2944	a.h 46x66x11 - ford transit mot av	16	t	ah/46.66.11	/static/images/AH/46.66.11.jpg		f		4	11	\N
2945	a.h 52x76x9/15=52.17x26.27x12.7	18	t	ah/52.76.9/15	/static/images/AH/52.76.9/15.jpg		f		4	11	\N
2946	a.h 63.8x89.25x10 - ford k300 - mot av	19	t	ah/63.8.89.25	/static/images/AH/63.8.89.25.jpg		f		4	11	\N
2947	ah 130x146x14 mits fighter - f615 roue ar nm	53	t	ah/130.146.1n	/static/images/aH/130.146.1N.jpg		f		4	11	\N
2948	a.h alternateur mits fk415-	11	t	ah/15.30.7	/static/images/AH/15.30.7.jpg		f		4	11	\N
2949	a.h alternateur fk isuzu fsr	10.5	t	ah/15.30.4.5	/static/images/AH/15.30.4.5.jpg		f		4	11	\N
2950	a.h mits canter ar 70.112.10/18	35	t	ah/70.112.10	/static/images/AH/70.112.10.jpg		f		4	11	\N
2951	a.h mot av mits l200 pajero -110 - picanto bv av	16	t	ah/30.45.6	/static/images/AH/30.45.6.jpg		f		4	11	\N
2952	a.h_ viton mits fk415-6d14-2a mt ar	200	t	ah/108.180.18	/static/images/AH/108.180.18.jpg		f		4	11	\N
2953	a.h 25.36.7 moteur av l200	11	t	ah/25.36.7	/static/images/AH/25.36.7.jpg		f		4	11	\N
2954	a.h 25x35x7 - moteur av mits l200	13	t	ah/25.35.7t	/static/images/AH/25.35.7T.jpg		f		4	11	\N
2955	a.h 25x37x7 mot av l200	11	t	ah/25.37.7	/static/images/AH/25.37.7.jpg		f		4	11	\N
2956	a.h 37x62x14/10 mits l200 roue ar int	26	t	ah/37.62.14/1	/static/images/AH/37.62.14/1.jpg		f		4	11	\N
2957	a.h 42x55x9 - pont av l200 pajero	17.7	t	ah/42.55.9	/static/images/AH/42.55.9.jpg		f		4	11	\N
2958	a.h 45x53x6.5/8 mits fk415 roue ext ar	16.5	t	ah/45.53.6.5/	/static/images/AH/45.53.6.5/.jpg		f		4	11	\N
2959	a.h 52x85x13 roue av canter	25	t	ah/52.85.13	/static/images/AH/52.85.13.jpg		f		4	11	\N
44	filtre a air ford transit 12	64.5	t	sf2124	/static/images/fltrair/sf2124.jpg		f		1	13	\N
45	filtre a air hilux 05-15-ford	73	t	sf1023	/static/images/fltrair/sf1023.jpg		f		1	13	\N
46	filtre a air opel daewoo	66	t	sf2074	/static/images/fltrair/sf2074.jpg		f		1	13	\N
47	filtre a air p2008 p 301 p208 -	29	t	sf2154	/static/images/fltrair/sf2154.jpg		f		1	13	\N
48	filtre a air p307 c4 1.6 2.0	38.5	t	sf2035	/static/images/fltrair/sf2035.jpg		f		1	13	\N
49	filtre a air panda ii punto iii -	39	t	sf2073	/static/images/fltrair/sf2073.jpg		f		1	13	\N
50	filtre a air r19-r21 lagouna -	56	t	sf1055	/static/images/fltrair/sf1055.jpg		f		1	13	\N
51	filtre a air rnt clio ii kangoo	25	t	sf20021	/static/images/fltrair/sf20021.jpg		f		1	13	\N
52	filtre a air sprinter 901 vito	56	t	sf2112	/static/images/fltrair/sf2112.jpg		f		1	13	\N
53	filtre a air sprinter 902-vito	56	t	sf21121	/static/images/fltrair/sf21121.jpg		f		1	13	\N
54	filtre a air transit 95-00 -	49	t	sf2106	/static/images/fltrair/sf2106.jpg		f		1	13	\N
55	filtre a air uno tipo tempra -	27.5	t	sf2138	/static/images/fltrair/sf2138.jpg		f		1	13	\N
56	filtre a air vito viano ii 639 03	49	t	sf2050	/static/images/fltrair/sf2050.jpg		f		1	13	\N
57	filtre air cit c3 bipper p206	30	t	sf2100	/static/images/fltrair/sf2100.jpg		f		1	13	\N
58	filtre clima  accent getz -	46	t	sf40712	/static/images/fltrair/sf40712.jpg		f		1	13	\N
59	filtre clima  i20 -09 -	45	t	sf4049	/static/images/fltrair/sf4049.jpg		f		1	13	\N
64	filtre clima  rnt kango ii 1.5	45	t	sf40572	/static/images/fltrair/sf40572.jpg		f		1	13	\N
66	filtre clima punto iii fiorino -	39	t	sf4042	/static/images/fltrair/sf4042.jpg		f		1	13	\N
67	filtre climat caddy iii golf v -	46	t	sf4095	/static/images/fltrair/sf4095.jpg		f		1	13	\N
68	filtre climat i20 -10 -	45	t	sf4156	/static/images/fltrair/sf4156.jpg		f		1	13	\N
69	filtre climat p1007 p 307 p308 p408 - 6447kk	45	t	sf4142	/static/images/fltrair/sf4142.jpg		f		1	13	\N
70	filtre climat p206 - 6447 az	45	t	sf4105	/static/images/fltrair/sf4105.jpg		f		1	13	\N
71	filtre climat p3008 - p5008 - 6447xf	45	t	sf40942	/static/images/fltrair/sf40942.jpg		f		1	13	\N
72	filtreclimat sprinter ii 906 - cuk3569	54	t	sf4112k	/static/images/fltrair/sf4112k.jpg		f		1	13	\N
80	filtre air dacia dokker 2012/2015 d1 / 272 dacia duster 2013/2015 d2 / dacia lodgy 2012/2015 dacia logan 2012/2013 d3 / 123.5 dacia sandero 2013 d4 / renault captur 2013/2016 h / 63 renault clio iv 2012/2016 renault megane iv	26	t	kmlx3542_2	/static/images/fltrair/kmlx3542_2.jpg		f		1	13	\N
81	filtre air oem/165467674r / d1 / 272 dacia dokker 2012/2015 d2 / dacia duster 2013/2015 d3 / 123.5 dacia lodgy 2012/2015 dacia logan 2012/2013 dacia sandero 2013 d4 / renault captur 2013/2016 h / 63 renault clio iv 2012/2016 renault megane iv	29.48	t	smf3542_2	/static/images/fltrair/smf3542_2.jpg		f		1	13	\N
434	filtre a air f-klasse ws210 -	49	t	sf2149	/static/images/fltrair/sf2149.jpg		f		1	13	\N
3186	irterieur volvo\nfh 12	240.32	t	qr94956	/static/images/QR94956.jpg		f		7	13	\N
3187	kit volvo fh 12	605.01	t	kit27834/94956	/static/images/KIT25313.969.jpg		f		7	13	\N
2963	SAHARA OIL	225	t	5w40-5l	/static/images/5w40-5l.jpg	\N	f	\N	5	12	240
2962	SAHARA OIL	225	t	5w30-5l	/static/images/5w30-5l.jpg	\N	f	\N	5	12	240
2961	SAHARA OIL	145	t	15w40-5l	/static/images/15w40-5l.jpg	\N	f	\N	5	12	152
3188	volvo f10 f12 am	311.41	t	qr4641m	/static/images/QR4641M.jpg		f		7	13	\N
2960	SAHARA OIL	150	t	10w40-5l	/static/images/10w40-5l.jpg	\N	f	\N	5	12	159
2964	Sahara oil	550	t	hy68-25l	/static/images/hy68-25l.jpg	\N	f	\N	5	12	590
435	filtre a air ford focus c	36	t	sf2061	/static/images/fltrair/sf2061.jpg		f		1	13	\N
436	filtre a air logan 04 sandero	39	t	sf1013	/static/images/fltrair/sf1013.jpg		f		1	13	\N
437	filtre a air p307 1.6 16 v -	38.5	t	sf2036	/static/images/fltrair/sf2036.jpg		f		1	13	\N
440	filtre a air rnt master ducato	40	t	sf2088	/static/images/fltrair/sf2088.jpg		f		1	13	\N
441	filtre a air sprinter ii 906-06	49	t	sf2052	/static/images/fltrair/sf2052.jpg		f		1	13	\N
442	filtre a air v.w golf iv- bora -	41	t	sf2003	/static/images/fltrair/sf2003.jpg		f		1	13	\N
443	filtre clima  accent elantra	45	t	sf4048	/static/images/fltrair/sf4048.jpg		f		1	13	\N
1506	kit de roulement ar renault trafic 2.5 d (89-01) - mer classe c- ss	114.1	t	10r32007c	/static/images/10R32007C.jpg		f		2	9	\N
444	filtre clima  kuga 08 mondeo	45	t	sf40462	/static/images/fltrair/sf40462.jpg		f		1	13	\N
447	filtre clima megane ii -	45	t	sf4044	/static/images/fltrair/sf4044.jpg		f		1	13	\N
448	filtre climat ducato 07 -	45	t	sf4075	/static/images/fltrair/sf4075.jpg		f		1	13	\N
449	filtre climat p 301 - 9678792080 = ah415-2	45	t	sf41442	/static/images/fltrair/sf41442.jpg		f		1	13	\N
450	filtre climat sprinter ii 906-9068300318	53	t	sf4112	/static/images/fltrair/sf4112.jpg		f		1	13	\N
455	filtre air d1 / 272 dacia dokker 2012/2015 dacia duster 2013/2015 d2 / dacia lodgy 2012/2015 d3 / 123.5 dacia logan 2012/2013 dacia sandero 2013 d4 / renault captur 2013/2016 h / 63 renault clio iv 2012/2016 renault megane iv	29.48	t	smf3542	/static/images/fltrair/smf3542.jpg		f		1	13	\N
537	filtre a air  focus ford transit connect 98ax9601aa	32	t	sf2055	/static/images/fltrair/sf2055.jpg		f		1	13	\N
538	filtre air dacia dokker 2012/2015 d1 / 272 dacia duster 2013/2015 d2 / dacia lodgy 2012/2015 d3 / 123.5 dacia logan 2012/2013 d4 / dacia sandero 2013 h / 63 renault captur 2013/2016 renault clio iv 2012/2016 renaultmegane iv	23.86	t	kmlx3542	/static/images/fltrair/kmlx3542.jpg		f		1	13	\N
541	filtre a air pgt  partner ii	32	t	sf2014	/static/images/fltrair/sf2014.jpg		f		1	13	\N
542	filtre air dacia logan dci d1 / 376 dacia sandero d2 / renault kangoo dci 01/02 d3 / 84 renault clio ii dci 01/04 d4 / nissan kubistar 03/06 h / 57 nissan almera 1.5 2003	22.46	t	kmlx1258	/static/images/fltrair/kmlx1258.jpg		f		1	13	\N
3189	volvo f10 f12 nm	437.23	t	qr4942	/static/images/KIT26242.59847.jpg		f		7	13	\N
3190	volvo n10 b10	316.72	t	qr4720	/static/images/QR4720.jpg		f		7	13	\N
3191	volvo nl10 b12	393.54	t	qr4560	/static/images/QR4560.jpg		f		7	13	\N
1520	roulement ar peugeot j5- c25 -ir8488	382.71	t	ab12076	/static/images/rlmsnr2.jpg		f		2	9	\N
1521	roulement boite de vitesse  r9-r11	285.98	t	ab12458s06	/static/images/rlmsnr2.jpg		f		2	9	\N
1522	roulement boite de vitesse  r9-r11	115.48	t	ab12831	/static/images/rlmsnr2.jpg		f		2	9	\N
1523	roulement boite de vitesse  renault	74.03	t	ab41376s03	/static/images/rlmsnr2.jpg		f		2	9	\N
1524	roulement boite de vitesse  kangoo dci megane	88.35	t	ab41376ys04	/static/images/rlmsnr2.jpg		f		2	9	\N
1525	roulement compresseur  acb30x52x22	156.54	t	acb30x52x22	/static/images/rlmsnr2.jpg		f		2	9	\N
1526	roulement compresseur  acb30x55x23	166.29	t	acb30x55x23	/static/images/rlmsnr2.jpg		f		1	9	\N
1527	roulement compresseur  acb35x50x20	141.24	t	acb35x50x20	/static/images/rlmsnr2.jpg		f		1	9	\N
1528	roulement compresseur  acb35x52x20	77.91	t	acb35x52x20	/static/images/rlmsnr2.jpg		f		1	9	\N
1529	roulement compresseur  acb35x55x20	77.92	t	acb35x55x20	/static/images/rlmsnr2.jpg		f		1	9	\N
1530	roulement compresseur  acb40x62x24	196.21	t	acb40x62x24	/static/images/rlmsnr2.jpg		f		1	9	\N
1531	butee d'embrayage peugeot expert- fiat ulysse	78.72	t	bac34003	/static/images/bt.jpg		f		1	9	\N
1532	butee d'embrayage peugeot p205-c15	86.61	t	bac34004	/static/images/bt.jpg		f		1	9	\N
1533	butee d'embrayage renault r4-r12- r18	68.86	t	bac340ny06b	/static/images/bt.jpg		f		1	9	\N
1534	butee d'embrayage renault r19-express	78.61	t	bac340ny11a	/static/images/bt.jpg		f		2	9	\N
1535	butee d'embrayage fiat	100.3	t	bac340ny14	/static/images/bt.jpg		f		2	9	\N
1536	butee d'embrayage renault clio iv dacia lodgy	83.47	t	bac340ny18	/static/images/bt.jpg		f		2	9	\N
1537	butee d'embrayage fiat alfa-145-146-147	96.04	t	bac39501	/static/images/bt.jpg		f		2	9	\N
1538	poulie vilebrequin bmw 1 (e 87)-  serie 3(e46)- (e90)	973.55	t	dpf35001	/static/images/DPF35001.jpg		f		2	9	\N
3192	volvo fh 12	437.23	t	qr25238	/static/images/QR25238.jpg		f		7	13	\N
1540	graisse 1kg	68.52	t	ep3	/static/images/EP3.jpg		f		2	9	\N
3193	volvo fm	415	t	qr25631	/static/images/QR25631.jpg		f		7	13	\N
3194	interieur volvo\nfm	273.55	t	qr25162	/static/images/QR25162.jpg		f		7	13	\N
2965	refregirant mer 203-sprinter slk-mer204	312	t	2711880401	/static/images/2711880401.jpg		f		6	\N	\N
2966	refregirant mer 204-2007-2008	336	t	o995001100	/static/images/O995001100.jpg		f		6	\N	\N
2967	refregirant mer203-sprinter ty211-210-2000-2006	414	t	611188030	/static/images/611188030.jpg		f		6	\N	\N
27	filtre air daf 1640921 - af25975	339.07	t	qr25975	/static/images/fltrair/qr25975.jpg		f		1	13	\N
3195	kit volvo fm	660.7	t	kit25631/162	/static/images/KIT25631/162.jpg		f		7	13	\N
3196	volvo fh 12 fm\ncom.	437.35	t	qr25632	/static/images/QR25632.jpg		f		7	13	\N
3197	interieur volvo fh\n12 fm	256.36	t	qr25317	/static/images/QR25317.jpg		f		7	13	\N
3198	kit volvo fh 12 fm	665.64	t	kit25632/317	/static/images/KIT25632/317.jpg		f		7	13	\N
3199	volvo fh fm fmx	168.26	t	qr55712	/static/images/QR55712.jpg		f		7	13	\N
3200	volvo jhon deere new holland	423	t	qr25454	/static/images/KIT25333.25634.jpg		f		7	13	\N
3201	inter volvo jhon deere new holland	226.93	t	qr27468	/static/images/QR27468.jpg		f		7	13	\N
3202	kit volvo jhon\ndeere new holland	623.97	t	kit25454/468	/static/images/KIT25454/468.jpg		f		7	13	\N
3209	man tga 400/360	317.54	t	qr25894	/static/images/QR25894.jpg		f		7	13	\N
3210	man tga (inetr)	191.13	t	qr25896	/static/images/QR25896.jpg		f		7	13	\N
3211	kit man tga	488.08	t	kit25894/ 896	/static/images/KIT25313.969.jpg		f		7	13	\N
3212	man solo	230.64	t	qr4060	/static/images/QR4060.jpg		f		7	13	\N
3213	man f2000 (420)	360.72	t	qr25264	/static/images/KIT26242.59847.jpg		f		7	13	\N
3214	interieur man f2000 (420)\nm.	155.95	t	qr25615	/static/images/QR25615.jpg		f		7	13	\N
3215	kit man f2000 (420)	495.66	t	kit25264/ 615	/static/images/KIT25264.615.jpg		f		7	13	\N
3216	man iveco	327.96	t	qr1802	/static/images/QR1802.jpg		f		7	13	\N
1567	poulie tendeur bmw 3 316 i (90-93) /skoda favorit	170.47	t	ga35021	/static/images/GA35021.jpg		f		1	9	\N
1568	poulie tendeur bmw 3 (e46)	179.51	t	ga35050	/static/images/GA35050.jpg		f		1	9	\N
1569	poulie tendeur bmw serie 3.5.7 x5  98->05	267.89	t	ga35051	/static/images/GA35051.jpg		f		1	9	\N
1570	tendeur bmw 330d- 530d- 750d - x5	537.91	t	ga35052	/static/images/GA35052.jpg		f		1	9	\N
1571	tendeur bmw x5 3.0 d (03-06) 3 coupé 335 d	523.98	t	ga35060	/static/images/GA35052.jpg		f		1	9	\N
1572	tendeur bmw 3 320 d (04-11)	609.58	t	ga35065	/static/images/GA35065.jpg		f		1	9	\N
1573	tendeur bmw 3 320 d (04-11)	603.32	t	ga35068	/static/images/GA35068.jpg		f		1	9	\N
1574	tendeur bmw 5 (e60) 520 d (05-08)	521.21	t	ga35081	/static/images/GA35081.jpg		f		1	9	\N
1575	poulie tendeur mercedes classe c (w202) c 200	214.31	t	ga35105	/static/images/GA35105.jpg		f		1	9	\N
1576	poulie tendeur vw audi a4 a6 - passat mercedes e220	116.19	t	ga35109	/static/images/GA35109.jpg		f		1	9	\N
1577	poulie tendeur mercedes classe c (w204) (07-14)	661.09	t	ga35123	/static/images/GA35123.jpg		f		1	9	\N
1578	poulie tendeur mercedes classe m 280 cdi (05-09)	163.5	t	ga35124	/static/images/GA35124.jpg		f		1	9	\N
1579	poulie tendeur jeep compass (mk49) 2.2 crd 10+	131.49	t	ga35160	/static/images/GA35160.jpg		f		1	9	\N
1580	tendeur ford focus ii 1.8 tdci 05--12	792.62	t	ga35264	/static/images/GA35264.jpg		f		1	9	\N
1581	tendeur opel astra j 1.7 cdti 2012 chevro	899.09	t	ga35380	/static/images/GA35380.jpg		f		1	9	\N
1582	poulie tendeur vw corrado 1.2 g60 (88-93 )	242.83	t	ga35406	/static/images/GA35406.jpg		f		1	9	\N
1583	poulie tendeur vw-polo 1.9td audi a4/a6	291.56	t	ga35410	/static/images/GA35410.jpg		f		1	9	\N
1584	poulie tendeur mercedes (w205) 200 blue tec  d 14	368.11	t	ga35530	/static/images/GA35530.jpg		f		1	9	\N
1585	tendeur opel movano 2.3 cdti 10+ renault	492.67	t	ga35531	/static/images/GA35531.jpg		f		1	9	\N
1586	poulie tendeur renault dacia logan 1.4/1.6	309.64	t	ga35584	/static/images/GA35584.jpg		f		1	9	\N
1587	tendeur vw audi a4 - a6 passat 1.9tdi 95+	750.86	t	ga35715	/static/images/GA35715.jpg		f		1	9	\N
1588	tendeur vw skoda fabia ii combi 1.4 tdi (07-10)	590.79	t	ga35720	/static/images/GA35720.jpg		f		1	9	\N
1589	tendeur vw tiguan polo  ibiza 01-07	409.85	t	ga35724	/static/images/GA35724.jpg		f		1	9	\N
1590	tendeur vw touareg  3.0 v6 tdi -porsche	903.96	t	ga35732	/static/images/GA35732.jpg		f		1	9	\N
1591	tendeur fiat doblo 1.6 d multijet 2010+	437.7	t	ga35800	/static/images/GA35800.jpg		f		1	9	\N
1592	tendeur peugeot boxer citroen jumper 2.2 hdi 06	633.95	t	ga35812	/static/images/GA35812.jpg		f		1	9	\N
1593	poulie tendeur fiat brava bravo marea punto jtd  95	207.34	t	ga35889	/static/images/GA35889.jpg		f		1	9	\N
1594	tendeur fiat mito 1.3 multijet 09+ ford	460.66	t	ga35899	/static/images/GA35899.jpg		f		1	9	\N
1595	tendeur peugeot p206- p307 1.4 hdi -c3	368.1	t	ga35900	/static/images/GA35900.jpg		f		1	9	\N
1596	tendeur peugeot p206- p307 2.0- c5 1.8	548.35	t	ga35993	/static/images/GA35993.jpg		f		1	9	\N
1597	poulie tendeur hyundai accent iv 1.6 crdi (10-15)	160.72	t	ga38413	/static/images/GA38413.jpg		f		2	9	\N
1598	poulie tendeur hyundai accent ii 1.5 crdi (02-05)	235.19	t	ga38418	/static/images/GA38418.jpg		f		2	9	\N
1599	poulie alternateur mercedes classe v / vito  96+	472.49	t	ga75101	/static/images/GA75101.jpg		f		2	9	\N
1600	poulie alternateur jeep grand cherokee ii 2.7 crd 4x4	347.22	t	ga75105	/static/images/GA75105.jpg		f		2	9	\N
1438	roulement 607zz	25.15	t	607zz	/static/images/rlmtsnr.jpg		f		2	9	\N
3217	man king long hitachi	307.57	t	qr25876	/static/images/QR25876.jpg		f		7	13	\N
3218	inter man king\nlong hitachi	253.14	t	qr50026	/static/images/QR50026.jpg		f		7	13	\N
1601	poulie alternateur opel astra j 1.3 cdti (12-->)- insig	393.15	t	ga75310	/static/images/GA75310.jpg		f		2	9	\N
1602	poulie alternateur vw audi a4 1.6-1.8-1.9  95->00	333.31	t	ga75403	/static/images/GA75403.jpg		f		2	9	\N
1603	poulie alternateur kia sorento iii 2.0 crdi 10->	416.82	t	ga78405	/static/images/GA75403.jpg		f		2	9	\N
1604	roulement ar fiat uno tt -ir8040	242.83	t	gb10790s05	/static/images/rlmsnr3.jpg		f		2	9	\N
1605	roulement av opel kadette -chevrolet spark 300	186.47	t	gb10884	/static/images/rlmsnr3.jpg		f		2	9	\N
1606	roulement av fiat uno tt- palio - siena	235.74	t	gb12132s02	/static/images/rlmsnr3.jpg		f		2	9	\N
1607	roulement av vw golf ii	217.09	t	gb12136r01	/static/images/rlmsnr3.jpg		f		2	9	\N
1608	roulement av fiat tipo- panda -punto (93-00)	193.43	t	gb12306s02	/static/images/rlmsnr3.jpg		f		2	9	\N
1609	roulement av vw golf iii	196.9	t	gb12320r05	/static/images/rlmsnr3.jpg		f		2	9	\N
1610	roulement av renault r9-r11-express	185.08	t	gb12438s01	/static/images/rlmsnr3.jpg		f		2	9	\N
1611	roulement av renault r19- express nm- kangoo- logan	153.07	t	gb12807s10	/static/images/rlmsnr3.jpg		f		2	9	\N
1612	roulement av fiat bravo- marea -alfa 145-146	366.01	t	gb12955s04	/static/images/rlmsnr3.jpg		f		2	9	\N
1613	roulement ar suzuki swift -opel agila	213.61	t	gb35076	/static/images/rlmsnr3.jpg		f		2	9	\N
1614	roulement ar suzuki alto (02-06) - opel agila/	197.61	t	gb35077	/static/images/rlmsnr3.jpg		f		2	9	\N
1615	roulement ar suzuki wagon (00-03)	190.64	t	gb35098	/static/images/rlmsnr3.jpg		f		2	9	\N
1616	roulement av honda accord vii- civic v-tec 03	425.74	t	gb35181	/static/images/rlmsnr3.jpg		f		2	9	\N
1617	roulement av suzuki swift- alto- carry- opel agila	185.08	t	gb35238	/static/images/rlmsnr3.jpg		f		2	9	\N
1618	roulement av suzuki swift- opel agila	244.92	t	gb35239	/static/images/rlmsnr3.jpg		f		2	9	\N
1619	roulement av porsche carrera - cayman	256.75	t	gb35243	/static/images/rlmsnr3.jpg		f		2	9	\N
1620	roulement av nissan x-trail t30 (01-07) - primera	238.66	t	gb35252	/static/images/rlmsnr3.jpg		f		2	9	\N
1621	roulement ar nissan x-trail t30 (01-07)	224.47	t	gb35253	/static/images/rlmsnr3.jpg		f		2	9	\N
1622	roulement av mazda 323- 626 (97-02)- kia karens	301.79	t	gb35270	/static/images/rlmsnr3.jpg		f		2	9	\N
1623	roulement av honda civic- cr- rover 200  (83-91)	322.87	t	gb35275	/static/images/rlmsnr3.jpg		f		2	9	\N
1624	roulement av daihatsu sirion ii	181.59	t	gb35307	/static/images/rlmsnr3.jpg		f		2	9	\N
1625	roulement av honda civic- cr- hr-v (96-00)	214.31	t	gb35330	/static/images/rlmsnr3.jpg		f		2	9	\N
1626	roulement av ford tourneo connet -opel astra- chevrolet	215	t	gb40037s01	/static/images/rlmsnr3.jpg		f		2	9	\N
1627	roulement av fiat doblo iii ( 263) - opel combo	335.16	t	gb40088s05	/static/images/rlmsnr3.jpg		f		2	9	\N
1628	roulement av peugeot p806- expert- fiat ulysse	356.97	t	gb40246s07	/static/images/rlmsnr3.jpg		f		2	9	\N
1629	roulement av peugeot p206- p306- c2- c3- ds3	190.64	t	gb40547s01	/static/images/rlmsnr3.jpg		f		2	9	\N
1630	roulement av renault trafic i	274.15	t	gb40549r01	/static/images/rlmsnr3.jpg		f		2	9	\N
1631	roulement av peugeot partner- p405- p309- berlingo	219.17	t	gb40574s01	/static/images/rlmsnr3.jpg		f		2	9	\N
1632	roulement av renault trafic ii - opel vivaro	375.75	t	gb40575s02	/static/images/rlmsnr3.jpg		f		2	9	\N
1633	roulement av mercedes m190- vito- classe c	263.71	t	gb40666r02	/static/images/rlmsnr3.jpg		f		1	9	\N
1634	roulement av fiat doblo ii ( 00-03 ) - punto - bravo i- peugeot bipp	151.53	t	gb40706r00	/static/images/rlmsnr3.jpg		f		1	9	\N
1635	roulement av peugeot p205- c15d	190.64	t	gb40714	/static/images/rlmsnr3.jpg		f		1	9	\N
1636	roulement av fiat 500 - doblo iii	207.77	t	gb40721	/static/images/rlmsnr3.jpg		f		1	9	\N
1637	roulement av vw golf iv- bora- audi a3 (av/ar)	347.34	t	gb40997p	/static/images/rlmsnr3.jpg		f		1	9	\N
1638	roulement av vw	379.24	t	gb40997s02	/static/images/rlmsnr3.jpg		f		1	9	\N
1639	roulement av bmw serie-3 chevrolet- daewoo- ford focus	202.47	t	gb41599r02	/static/images/rlmsnr3.jpg		f		1	9	\N
1640	poulie tendeur fiat ducato  (86-02)	235.88	t	ge35536	/static/images/GE35536.jpg		f		1	9	\N
1641	poulie tendeur vw golf-iv 1.9 sdi.tdi	301.99	t	ge35715	/static/images/GE35715.jpg		f		1	9	\N
1642	poulie tendeur vw audi a3 2.0 tdi (03-12) - seat leon	352.1	t	ge35736	/static/images/GE35736.jpg		f		1	9	\N
1643	poulie tendeur fiat dolbo grande punto alpha  (97-06)	156.9	t	ge35827	/static/images/GE35827.jpg		f		1	9	\N
1644	poulie tendeur peugeot p407- c5 iii 2.7 hdi 08+	498.93	t	ge35927	/static/images/GE35927.jpg		f		1	9	\N
1645	poulie tendeur volvo c30 d3 10->12	312.43	t	ge36507	/static/images/GE36507.jpg		f		1	9	\N
1646	tendeur ford transit tourneo	284.59	t	gt35203	/static/images/GT35203.jpg		f		1	9	\N
1647	poulie tendeur ford focus fiesta mondeo mazda	409.85	t	gt35223	/static/images/GT35223.jpg		f		1	9	\N
1648	poulie tendeur opel astra. vectra	326.34	t	gt35316	/static/images/GT35316.jpg		f		1	9	\N
1649	poulie tendeur opel antara 2.0 cdti 07+ chevrolet	579.67	t	gt35337	/static/images/GT35337.jpg		f		1	9	\N
1650	poulie tendeur renault scenic megane laguna espace  01+	625.6	t	gt35535	/static/images/GT35535.jpg		f		1	9	\N
1651	poulie tendeur skf-vkm11010	171.16	t	gt35702	/static/images/GT35702.jpg		f		1	9	\N
1652	poulie tendeur vw golf-iv 1.9tdi. polo 1.4tdi	486.41	t	gt35737	/static/images/GT35737.jpg		f		1	9	\N
1653	poulie tendeur vw audi a6 1.9 tdi (00-05)	507.28	t	gt35747	/static/images/GT35747.jpg		f		1	9	\N
1654	poulie tendeur vw golf-v 1.9 tdi/2.0 sdi	590.1	t	gt35751	/static/images/GT35751.jpg		f		1	9	\N
1439	roulement 608zz	23.01	t	608zz	/static/images/rlmtsnr.jpg		f		2	9	\N
1655	poulie tendeur vw audi a3  2.0 tdi (03-12) - jeep compass	675	t	gt35752	/static/images/GT35752.jpg		f		1	9	\N
1656	poulie tendeur vw golf vi 1.6 tdi (09-12) - passat	507.98	t	gt35775	/static/images/GT35775.jpg		f		1	9	\N
1657	poulie tendeur vw audi a4 2.0 tdi (07-15) - seat leon	526.77	t	gt35778	/static/images/GT35778.jpg		f		1	9	\N
1658	poulie tendeur fiat doblo 1.6 tdi 10+	473.19	t	gt35830	/static/images/GT35830.jpg		f		1	9	\N
1659	poulie tendeur fiat panda 1.2 -alfa mito 1.4 11	360.45	t	gt35840	/static/images/GT35840.jpg		f		2	9	\N
1660	poulie tendeur skf-vkm12200	117.57	t	gt35910	/static/images/GT35910.jpg		f		2	9	\N
1661	poulie tendeur peugeot p406 p607 2.2  00-01	343.75	t	gt35926	/static/images/GT35926.jpg		f		2	9	\N
1662	poulie tendeur fiat ulysse 2.2 jtd (08-11)	504.51	t	gt35936	/static/images/GT35936.jpg		f		2	9	\N
1663	poulie tendeur peugeot c4 ii 2.0 09+  ford focus	327.74	t	gt35938	/static/images/GT35938.jpg		f		2	9	\N
1664	tendeur peugeot p308 c3	388.98	t	gt35939	/static/images/GT35939.jpg		f		1	9	\N
1665	poulie tendeur hyundai accent ii 1.5 crdi (02-05)	584.53	t	gt37024	/static/images/GT37024.jpg		f		1	9	\N
2968	refregirant vito sprinter mer204-2010	420	t	6511800610	/static/images/6511800610.jpg		f		6	\N	\N
2969	refregirant mer class ty203-204 ess -2002-2007	336	t	2711880401	/static/images/2711880401.jpg		f		6	\N	\N
2970	refregirant mer classe c ty202-210-211-1997-2008	384	t	1121880401	/static/images/1121880401.jpg		f		6	\N	\N
2971	refregirant mer class c ty203-204-vito sprinter 05-2014	492	t	6421800165	/static/images/6421800165.jpg		f		6	\N	\N
1671	kit de suspension renault kangoo	173.94	t	kb65507	/static/images/KB65507.jpg		f		1	9	\N
1672	kit de distribution golf iv-golf v	526.77	t	kd45732	/static/images/KD45732.jpg		f		1	9	\N
1673	kit de distribution fiat ducato 02- daily iv 178x30 gates k015592xs	1182.3	t	kd45847	/static/images/KD45847.jpg		f		1	9	\N
1674	kit de distribution toyota corolla	787.74	t	kd46902	/static/images/KD46902.jpg		f		1	9	\N
1675	kit de distribution toyota corolla	1154.4	t	kd46914	/static/images/KD46914.jpg		f		1	9	\N
1676	kit de distribution toyota hilux vii 2.5 d 05+	695.18	t	kd46915	/static/images/KD46915.jpg		f		1	9	\N
1677	disque de frein avec roulement ar renault clio iv mégane iii pha	773.83	t	kf155110u	/static/images/KF155110U.jpg		f		2	9	\N
1678	disque de frein avec roulement ar renault megane iv (11-15)	819.76	t	kf155131u	/static/images/KF155131U.jpg		f		2	9	\N
1679	disque de frein avec roulement renault ar megane phase 2	654.93	t	kf15573u	/static/images/KF15573U.jpg		f		2	9	\N
1680	disque de frein avec roulement ar peugeot partner- berlingo -	743.89	t	kf15960u	/static/images/KF15960U.jpg		f		2	9	\N
1681	kit de suspension renault r19	425.17	t	ks55502	/static/images/KS55502.jpg		f		2	9	\N
1682	kit de suspension peugeot p206	276.94	t	ks55904	/static/images/KS55904.jpg		f		2	9	\N
1683	kit de suspension citroen c15d	347.93	t	ks56600	/static/images/KS56600.jpg		f		2	9	\N
2973	refregirant mer classe ty246-242 class a ty177-03-2019	474	t	2465010501	/static/images/2465010501.jpg		f		6	\N	\N
2974	refrigirant comp mer205-205-sprinter 07-2018	834	t	6511800610	/static/images/6511800610.jpg		f		6	\N	\N
1687	roulement 11949/910	49.06	t	lm11949910	/static/images/snr5.jpg		f		2	9	\N
1688	roulement 12749/710	65.38	t	lm12749710	/static/images/snr5.jpg		f		2	9	\N
1689	roulement 48548/510	80.82	t	lm48548510	/static/images/snr5.jpg		f		2	9	\N
1690	roulement 501349/310	92.79	t	lm501349310	/static/images/snr5.jpg		f		2	9	\N
1691	roulement 503349/310	114.1	t	lm503349a310	/static/images/snr5.jpg		f		2	9	\N
1692	roulement 603049/011	116.87	t	lm603049011	/static/images/snr5.jpg		f		2	9	\N
1693	roulement 67048/010	77.49	t	lm67048010	/static/images/snr5.jpg		f		2	9	\N
1694	roulement de suspension dacia lodgy logan	38.94	t	m25504	/static/images/snr5.jpg		f		2	9	\N
1695	roulement de suspension renault megane ii	123.14	t	m25508	/static/images/snr5.jpg		f		2	9	\N
1696	roulement de suspension renault kangoo nissan qashqai merc	128.71	t	m25509	/static/images/snr5.jpg		f		2	9	\N
1697	roulement de suspension citroen c15d	53.48	t	m25901	/static/images/snr5.jpg		f		2	9	\N
1698	kit de roulement av fiat ducato- boxer- jumper  (02-06)	1112.7	t	r14038	/static/images/R14038.jpg		f		2	9	\N
1699	kit de roulement av ford connect (02-06)	382.02	t	r14105	/static/images/R14105.jpg		f		2	9	\N
1700	kit de roulement av ford transit  2006+	695.18	t	r14109	/static/images/R14109.jpg		f		2	9	\N
1701	kit de roulement ar renault master iii - scenic - opel	457.53	t	r14128	/static/images/R14128.jpg		f		2	9	\N
1702	kit de roulement av renault master iii 2.3 dci +10  nissan nv400	654.12	t	r14129	/static/images/R14129.jpg		f		2	9	\N
1703	kit de roulement ar mercedes sprinter 906	1370.2	t	r14149	/static/images/R14149.jpg		f		2	9	\N
1704	kit de roulement ar mercedes m207	625.6	t	r15110	/static/images/R15110.jpg		f		2	9	\N
1705	kit de roulement av mercedes m190 ( 11949/910 + 67048/010 )	146.8	t	r15114	/static/images/R15114.jpg		f		2	9	\N
1706	kit de roulement av mercedes classe c (12749/710 + l68149/11 )	153.76	t	r15124	/static/images/R15124.jpg		f		2	9	\N
1707	kit de roulement ar ford escort v- fiesta   (90-01)	212.22	t	r15237s	/static/images/R15237S.jpg		f		2	9	\N
1708	kit de roulement av ford mondeo  (93-00)	347.22	t	r15242	/static/images/R15242.jpg		f		2	9	\N
1709	kit de roulement ar ford fiesta- focus- fusion- mazda 2	347.22	t	r15256	/static/images/R15256.jpg		f		2	9	\N
1710	kit de roulement av ford focus- c.max	816.14	t	r15262	/static/images/R15262.jpg		f		2	9	\N
1711	kit de roulement ar ford escort- fiesta- ka (95-02)	199.7	t	r15264	/static/images/R15264.jpg		f		2	9	\N
1712	kit de roulement av ford kuga-focus- c-max i - connect (abs)	532.34	t	r15273	/static/images/R15273.jpg		f		2	9	\N
1713	kit de roulement ar ford fiesta  (abs)	904.65	t	r15274	/static/images/R15274.jpg		f		2	9	\N
1714	kit de roulement ar vw golf audi (11749/710 + 45449/410)	118.96	t	r15413	/static/images/R15413.jpg		f		2	9	\N
1715	kit de roulement av ford galaxy- sharan ii (95-10)	448.14	t	r15441	/static/images/R15441.jpg		f		2	9	\N
1716	kit de roulement ar vw polo v-vi -seat ibiza  (99-01)	555.3	t	r15445	/static/images/R15445.jpg		f		2	9	\N
1717	kit de roulement ar vw golf vi- caddy- audi a3- q3	472.49	t	r15454	/static/images/R15454.jpg		f		2	9	\N
1718	kit de roulement av vw touareg- cayenne 3.0tdi  (av/ar)	551.13	t	r15466	/static/images/R15466.jpg		f		2	9	\N
1719	kit de roulement ar renault r12- r4  ( 32004 + 32005 )	194.12	t	r15506	/static/images/R15506.jpg		f		2	9	\N
1720	kit de roulement av renault trafic iii opel vivaro +14	798.91	t	r155120	/static/images/R155120.jpg		f		2	9	\N
1721	kit de roulement ar renault r12-r18 (6207)	232.4	t	r15588	/static/images/R15588.jpg		f		2	9	\N
1722	kit de roulement ar vw polo viii -audi a2- ibiza	530.94	t	r15731	/static/images/R15731.jpg		f		2	9	\N
1723	kit de roulement av vw audi a4- a6 -q5 (av/ar)	590.79	t	r15743	/static/images/R15743.jpg		f		2	9	\N
1724	kit de roulement ar fiat punto- doblo- bipper- nemo	497.54	t	r15846	/static/images/R15846.jpg		f		2	9	\N
1725	kit de roulement ar fiat grand punto- punto evo	540.26	t	r15859	/static/images/R15859.jpg		f		2	9	\N
1726	kit de roulement av fiat doblo monospace 2.0 - punto	367.44	t	r15863	/static/images/R15863.jpg		f		2	9	\N
1727	kit de roulement av peugeot p206- p306- c2- c3- ds3	228.92	t	r15917	/static/images/R15917.jpg		f		2	9	\N
1728	kit de roulement ar peugeot p407- p508- p607 - c5- c6	649.25	t	r15949	/static/images/R15949.jpg		f		2	9	\N
1729	kit de roulement av nissan qashqai- x-trail- koleos	834.37	t	r16873	/static/images/R16873.jpg		f		2	9	\N
1730	kit de roulement ar nissan qashqai- x-trail- juke - koleos  4x2	1043.1	t	r16875	/static/images/R16875.jpg		f		2	9	\N
1731	kit de roulement av peugeot p107- c1	507.98	t	r16958	/static/images/R16958.jpg		f		2	9	\N
1732	kit de roulement av toyota avensis- corolla verso  (04-09)	566.44	t	r16962	/static/images/R16962.jpg		f		2	9	\N
1733	kit de roulement av toyota avensis- corolla  (01-07)	416.82	t	r16968	/static/images/R16968.jpg		f		2	9	\N
1734	kit de roulement av toyota yaris  2011+	513.55	t	r16975	/static/images/R16975.jpg		f		2	9	\N
1735	kit de roulement av honda cr-v  2006+	511.46	t	r17445	/static/images/R17445.jpg		f		1	9	\N
1736	kit de roulement ar honda jazz  (02-08)	824.62	t	r17448	/static/images/R17448.jpg		f		1	9	\N
1737	kit de roulement ar honda accord  viii  2008+	1354.9	t	r17487	/static/images/R17487.jpg		f		1	9	\N
1738	kit de roulement av hyuandai i10 - accent- elantra	251.89	t	r18405	/static/images/R18405.jpg		f		1	9	\N
1739	kit de roulement av hyuandai i40- ix35- santafe- tucson- carens	415.42	t	r18414	/static/images/R18414.jpg		f		1	9	\N
1740	kit de roulement av hyuandai elantra- i30- ix20- cee'd	277.63	t	r18426	/static/images/R18426.jpg		f		1	9	\N
1741	kit de roulement av hyuandai santafe- kia sorento	764.08	t	r18434	/static/images/R18434.jpg		f		1	9	\N
1742	kit de roulement av chevrolet captiva- antara  (06-11)	1321.1	t	r19011	/static/images/R19011.jpg		f		2	9	\N
1743	moyeu ar renault r18- r21 - r25 - espace a.m	549.73	t	tgb10872s02	/static/images/TGB10872S02.jpg		f		2	9	\N
1744	moyeu ar renault r21- megane i	446.74	t	tgb12095s43	/static/images/TGB12095S43.jpg		f		2	9	\N
1745	moyeu ar renault clio iii- kangoo- megane- express	473.19	t	tgb12095s44	/static/images/TGB12095S44.jpg		f		2	9	\N
1746	moyeu ar peugeot partner- berlingo- xsara- p406	451.61	t	tgb40175s05	/static/images/TGB40175S05.jpg		f		2	9	\N
1747	moyeu ar peugeot partner- berlingo- xsara- p406	500.33	t	tgb40175s06	/static/images/TGB40175S06.jpg		f		2	9	\N
1748	moyeu ar fiat palio- punto-tipo- brava (95-03) -ir8505	352.57	t	tgb40490	/static/images/TGB40490.jpg		f		2	9	\N
1749	moyeu ar fiat fiat doblo	371.11	t	tgb42000	/static/images/TGB42000.jpg		f		2	9	\N
1750	roulement ucp205	166.18	t	ucp205	/static/images/UCP205.jpg		f		2	9	\N
1751	roulement ucp206	159.32	t	ucp206	/static/images/UCP206.jpg		f		2	9	\N
1752	roulement ucp207	180.2	t	ucp207	/static/images/UCP207.jpg		f		2	9	\N
1753	roulement ucp208	277.25	t	ucp208	/static/images/UCP208.jpg		f		2	9	\N
1754	roulement ucp209	242.83	t	ucp209	/static/images/UCP209.jpg		f		2	9	\N
1755	roulement ucp210	263.71	t	ucp210	/static/images/UCP210.jpg		f		2	9	\N
1756	roulement av vw audi a4- a6 -q5	472.91	t	xbgb41500r04	/static/images/XBGB41500R04.jpg		f		2	9	\N
1757	roulement av peugeot p4007-4008 - c4- c crosser	239.36	t	xgb35233	/static/images/XGB35233.jpg		f		2	9	\N
1758	roulement av suzuki swift 1.3 ddis 10+	244.23	t	xgb35302	/static/images/XGB35302.jpg		f		2	9	\N
1759	roulement av ford fiesta v- focus- mazda (98-02) (abs)	267.89	t	xgb35447	/static/images/XGB35447.jpg		f		2	9	\N
1760	roulement av fiat doblo iii ( 263) - opel combo	368.1	t	xgb40088s05p	/static/images/XGB40088S05P.jpg		f		2	9	\N
1761	roulement av peugeot p807 - c8	371.45	t	xgb40246s07p	/static/images/XGB40246S07P.jpg		f		2	9	\N
1762	roulement av renault laguna i & ii (97-98)	425.86	t	xgb40492s01p	/static/images/XGB40492S01P.jpg		f		2	9	\N
1763	roulement av renault megane ii - clio ii - kangoo ii	322.17	t	xgb40550s03p	/static/images/XGB40550S03P.jpg		f		2	9	\N
1764	roulement av peugeot partner p3008- p5008 - c4- c5	267.19	t	xgb40574p	/static/images/XGB40574P.jpg		f		2	9	\N
1765	roulement av renault trafic ii - nissan primastar	458.58	t	xgb40575s02p	/static/images/XGB40575S02P.jpg		f		2	9	\N
1766	roulement av fiat punto-brava (09-11) (abs)	217.22	t	xgb40714p	/static/images/XGB40714P.jpg		f		2	9	\N
1767	roulement av vw touareg ii - audi q7 - porsche qayenne (av/ar) (a	377.84	t	xgb40900p	/static/images/XGB40900P.jpg		f		2	9	\N
1768	roulement av honda jazz- cr-v 02+ (av/ar)  (abs)	364.57	t	xgb41135p	/static/images/XGB41135P.jpg		f		2	9	\N
1769	roulement av renault clio 4  (abs)	231.01	t	xgb41140r00	/static/images/XGB41140R00.jpg		f		2	9	\N
1770	roulement av renault trafic ii - nissan primastar megane ii	456.49	t	xgb41166s01p	/static/images/XGB41166S01P.jpg		f		2	9	\N
1771	roulement av peugeot p308- p508- ds4- c5 (abs)	450.22	t	xgb41225p	/static/images/XGB41225P.jpg		f		2	9	\N
1772	roulement av renault  logan 1	206.65	t	xgb41371r00	/static/images/XGB41371R00.jpg		f		2	9	\N
1773	roulement av renault megane iv 2015+ lodgy dokker	232.7	t	xgb41793r01	/static/images/XGB41793R01.jpg		f		2	9	\N
1774	roulement av renault megane iv 2015+ lodgy dokker	235.88	t	xgb41793r02	/static/images/XGB41793R02.jpg		f		1	9	\N
1775	roulement av renault dokker lodgy 12+ meg2 1.9dci (abs)	270.68	t	xgb41930	/static/images/XGB41930.jpg		f		1	9	\N
1776	roulement av honda civic- rover 400  (00-05) (av/ar) (abs)	299.7	t	xgb41999	/static/images/XGB41999.jpg		f		1	9	\N
1777	roulement av honda civic i-vtec 06+  (av/ar) (abs)	270.68	t	xgb42555r01	/static/images/XGB42555R01.jpg		f		1	9	\N
1778	roulement av mercedes gl- ml- 05+ (av/ar)  (abs)	470.4	t	xgb43511s01	/static/images/XGB43511S01.jpg		f		2	9	\N
1779	roulement av peugeot p208- p301- p2008 ds3 (abs)	249.1	t	xgb44001s01	/static/images/XGB44001S01.jpg		f		2	9	\N
1780	roulement de moyeu (avant) renault megane iii 08- (42x80x39) (+ab	274.15	t	sxgb44507r02	/static/images/SXGB44507R02.jpg		f		2	9	\N
1781	roulement ar mercedes sprinter ii	1231	t	xhfc35543	/static/images/XHFC35543.jpg		f		1	9	\N
1782	moyeu av vw audi a3/ vw golf v- touran >03-	639.51	t	xhgb35135	/static/images/XHGB35135.jpg		f		1	9	\N
1783	moyeu ar honda accord  vii  (03-08)	764.78	t	xhgb35287	/static/images/XHGB35287.jpg		f		1	9	\N
1784	moyeu ar honda civic i-vtec >06-	493.36	t	xhgb35289	/static/images/XHGB35289.jpg		f		1	9	\N
1785	moyeu ar ford fiesta vi ka+	496.16	t	xhgb35395	/static/images/XHGB35395.jpg		f		1	9	\N
1786	roulement av vw polo viii - audi a2 - seat ibiza	513.55	t	xmgb40899r04	/static/images/XMGB40899R04.jpg		f		1	9	\N
1787	roulement ar fiat ducato- boxer- jumper	728.58	t	xtfc41459s01p	/static/images/XTFC41459S01P.jpg		f		1	9	\N
1788	roulement ar fiat ducato- boxer- jumper	749.46	t	xtfc41460s01p	/static/images/XTFC41460S01P.jpg		f		1	9	\N
1789	moyeu ar citroën c5 hdi tt (abs)	556	t	xtgb40175s12p	/static/images/XTGB40175S12P.jpg		f		1	9	\N
1790	moyeu ar peugeot p807- c8 -fiat ulysse (abs)	416.82	t	xtgb40189s06p	/static/images/XTGB40189S06P.jpg		f		1	9	\N
1791	moyeu ar fiat palio- punto-tipo- brava (95-03) -ir8778 (abs)	458.58	t	xtgb40490p	/static/images/XTGB40490P.jpg		f		1	9	\N
1792	moyeu ar peugeot p307- c4 (abs)	416.82	t	xtgb40540s08p	/static/images/XTGB40540S08P.jpg		f		1	9	\N
1793	moyeu ar vw golf vi -touran- audi a3- tt (abs)	400.97	t	xtgb41161r04	/static/images/XTGB41161R04.jpg		f		1	9	\N
1794	moyeu ar fiat doblo ii - stilo  (abs)	439.79	t	xtgb41556r00	/static/images/XTGB41556R00.jpg		f		1	9	\N
1795	moyeu ar vw audi a4 a6 (abs)	423.22	t	xtgb41842r01	/static/images/XTGB41842R01.jpg		f		1	9	\N
1796	moyeu ar fiat doblo iii (abs)	539.3	t	xtgb42001p	/static/images/XTGB42001P.jpg		f		1	9	\N
1797	moyeu ar vw golf 5 (abs)	462.17	t	xtgb42015r05	/static/images/XTGB42015R05.jpg		f		1	9	\N
1416	roulement 6000ee	24.31	t	6000ee	/static/images/rlmtsnr.jpg		f		2	9	\N
1417	roulement 6000zz	25.67	t	6000zz	/static/images/rlmtsnr.jpg		f		2	9	\N
1418	roulement 6001zz	23.11	t	6001zz	/static/images/rlmtsnr.jpg		f		2	9	\N
1419	roulement 6001zzc3	22.41	t	6001zzc3	/static/images/rlmtsnr.jpg		f		2	9	\N
1420	roulement 6002ee	40.96	t	6002ee	/static/images/rlmtsnr.jpg		f		2	9	\N
1421	roulement 6002zz	26.51	t	6002zz	/static/images/rlmtsnr.jpg		f		2	9	\N
1422	roulement 6003ee	33.15	t	6003ee	/static/images/rlmtsnr.jpg		f		2	9	\N
1423	roulement 6003zz	35.11	t	6003zz	/static/images/rlmtsnr.jpg		f		2	9	\N
1424	roulement 6004ee	30.55	t	6004ee	/static/images/rlmtsnr.jpg		f		2	9	\N
1425	roulement 6004zz	34.78	t	6004zz	/static/images/rlmtsnr.jpg		f		2	9	\N
1426	roulement 6005ee	48.77	t	6005ee	/static/images/rlmtsnr.jpg		f		2	9	\N
1427	roulement 6005zz	42.27	t	6005zz	/static/images/rlmtsnr.jpg		f		2	9	\N
1428	roulement 6006ee	68.28	t	6006ee	/static/images/rlmtsnr.jpg		f		2	9	\N
1429	roulement 6006zz	45.51	t	6006zz	/static/images/rlmtsnr.jpg		f		2	9	\N
1430	roulement 6007ee	70.89	t	6007ee	/static/images/rlmtsnr.jpg		f		2	9	\N
1431	roulement 6007zz	76.09	t	6007zz	/static/images/rlmtsnr.jpg		f		2	9	\N
1432	roulement 6008ee	64.38	t	6008ee	/static/images/rlmtsnr.jpg		f		2	9	\N
1433	roulement 6008zz	78.05	t	6008zz	/static/images/rlmtsnr.jpg		f		2	9	\N
1434	roulement 6009ee	96.15	t	6009ee	/static/images/rlmtsnr.jpg		f		2	9	\N
1435	roulement 6009zz	90.41	t	6009zz	/static/images/rlmtsnr.jpg		f		2	9	\N
1436	roulement 6010zz	77.41	t	6010zz	/static/images/rlmtsnr.jpg		f		2	9	\N
1437	roulement 6011ee	129.41	t	6011ee	/static/images/rlmtsnr.jpg		f		2	9	\N
1440	roulement 6200ee	27.11	t	6200ee	/static/images/rlmtsnr.jpg		f		2	9	\N
1441	roulement 6200zz	23.78	t	6200zz	/static/images/rlmtsnr.jpg		f		2	9	\N
1442	roulement 6201ee	25.21	t	6201ee	/static/images/rlmtsnr.jpg		f		2	9	\N
1443	roulement 6201zz	25.99	t	6201zz	/static/images/rlmtsnr.jpg		f		2	9	\N
1444	roulement 6202ee	27.82	t	6202ee	/static/images/rlmtsnr.jpg		f		2	9	\N
1445	roulement 6202zz	28.61	t	6202zz	/static/images/rlmtsnr.jpg		f		2	9	\N
1446	roulement 6203ee	33.81	t	6203ee	/static/images/rlmtsnr.jpg		f		2	9	\N
1447	roulement 6203zz	29.19	t	6203zz	/static/images/rlmtsnr.jpg		f		2	9	\N
1448	roulement 6204ee	37.91	t	6204ee	/static/images/rlmtsnr.jpg		f		2	9	\N
1449	roulement 6204zz	34.46	t	6204zz	/static/images/rlmtsnr.jpg		f		2	9	\N
1450	roulement 6205ee	44.22	t	6205ee	/static/images/rlmtsnr.jpg		f		2	9	\N
1451	roulement 6205zz	38.36	t	6205zz	/static/images/rlmtsnr.jpg		f		2	9	\N
1452	roulement 6206ee	46.17	t	6206ee	/static/images/rlmtsnr.jpg		f		2	9	\N
1453	roulement 6206zz	51.05	t	6206zz	/static/images/rlmtsnr.jpg		f		2	9	\N
1454	roulement 6207ee	81.31	t	6207ee	/static/images/rlmtsnr.jpg		f		2	9	\N
1455	roulement 6207zz	85.85	t	6207zz	/static/images/rlmtsnr.jpg		f		2	9	\N
1456	roulement 6208ee	94.97	t	6208ee	/static/images/rlmtsnr.jpg		f		2	9	\N
1457	roulement 6208eec3	96.92	t	6208eec3	/static/images/rlmtsnr.jpg		f		2	9	\N
1458	roulement 6208zz	97.56	t	6208zz	/static/images/rlmtsnr.jpg		f		2	9	\N
1459	roulement 6209ee	161.97	t	6209ee	/static/images/rlmtsnr.jpg		f		2	9	\N
1460	roulement 6209zz	106.02	t	6209zz	/static/images/rlmtsnr.jpg		f		2	9	\N
1461	roulement 6210ee	163.93	t	6210ee	/static/images/rlmtsnr.jpg		f		2	9	\N
1462	roulement 6210zz	135.3	t	6210zz	/static/images/rlmtsnr.jpg		f		2	9	\N
1463	roulement 6212	168.48	t	6212	/static/images/rlmtsnr.jpg		f		2	9	\N
1464	roulement 6213	255.67	t	6213	/static/images/rlmtsnr.jpg		f		2	9	\N
1465	roulement 6212ee	148.96	t	6212ee	/static/images/rlmtsnr.jpg		f		2	9	\N
1466	roulement 6212zz	188.28	t	6212zz	/static/images/rlmtsnr.jpg		f		2	9	\N
1467	roulement 6213zz	305.12	t	6213zz	/static/images/rlmtsnr.jpg		f		2	9	\N
1468	roulement 62204ee	105.37	t	62204ee	/static/images/rlmtsnr.jpg		f		2	9	\N
1469	roulement 62205ee	103.42	t	62205ee	/static/images/rlmtsnr.jpg		f		2	9	\N
1470	roulement 62206ee	123.12	t	62206ee	/static/images/rlmtsnr.jpg		f		2	9	\N
1471	roulement 62207ee	161.97	t	62207ee	/static/images/rlmtsnr.jpg		f		2	9	\N
1472	roulement 62208ee	193.86	t	62208ee	/static/images/rlmtsnr.jpg		f		2	9	\N
1473	roulement 62209ee	271.93	t	62209ee	/static/images/rlmtsnr.jpg		f		2	9	\N
1474	roulement 626zz	20.79	t	626zz	/static/images/rlmtsnr.jpg		f		2	9	\N
1475	roulement 627zz	20.92	t	627zz	/static/images/rlmtsnr.jpg		f		2	9	\N
1476	roulement 629zz	21.57	t	629zz	/static/images/rlmtsnr.jpg		f		2	9	\N
1477	roulement 6300ee	29.2	t	6300ee	/static/images/rlmtsnr.jpg		f		2	9	\N
1478	roulement 6300zz	27.49	t	6300zz	/static/images/rlmtsnr.jpg		f		2	9	\N
1479	roulement 6301ee	35.1	t	6301ee	/static/images/rlmtsnr.jpg		f		2	9	\N
1480	roulement 6301zz	30.5	t	6301zz	/static/images/rlmtsnr.jpg		f		2	9	\N
1481	roulement 6302ee	51.37	t	6302ee	/static/images/rlmtsnr.jpg		f		2	9	\N
1482	roulement 6302zz	27.82	t	6302zz	/static/images/rlmtsnr.jpg		f		2	9	\N
1483	roulement 6303ee	42.27	t	6303ee	/static/images/rlmtsnr.jpg		f		2	9	\N
1484	roulement 6303zz	33.54	t	6303zz	/static/images/rlmtsnr.jpg		f		2	9	\N
1485	roulement 6304ee	44.86	t	6304ee	/static/images/rlmtsnr.jpg		f		2	9	\N
1486	roulement 6304zz	39.85	t	6304zz	/static/images/rlmtsnr.jpg		f		2	9	\N
1487	roulement 6305ee	63.08	t	6305ee	/static/images/rlmtsnr.jpg		f		2	9	\N
1488	roulement 6305zz	55.93	t	6305zz	/static/images/rlmtsnr.jpg		f		2	9	\N
1489	roulement 6306ee	90.26	t	6306ee	/static/images/rlmtsnr.jpg		f		2	9	\N
1490	roulement 6306zz	85.21	t	6306zz	/static/images/rlmtsnr.jpg		f		2	9	\N
1491	roulement 6307ee	103.94	t	6307ee	/static/images/rlmtsnr.jpg		f		2	9	\N
1492	roulement 6307zz	90.41	t	6307zz	/static/images/rlmtsnr.jpg		f		2	9	\N
1493	roulement 6308ee	135.95	t	6308ee	/static/images/rlmtsnr.jpg		f		2	9	\N
1494	roulement 6308zz	150.26	t	6308zz	/static/images/rlmtsnr.jpg		f		2	9	\N
1495	roulement 6309ee	185.4	t	6309ee	/static/images/rlmtsnr.jpg		f		2	9	\N
1496	roulement 6309zz	109.92	t	6309zz	/static/images/rlmtsnr.jpg		f		2	9	\N
1497	roulement 6310ee	251.76	t	6310ee	/static/images/rlmtsnr.jpg		f		2	9	\N
1498	roulement 6310zz	227.04	t	6310zz	/static/images/rlmtsnr.jpg		f		2	9	\N
1499	roulement 6311ee	303.82	t	6311ee	/static/images/rlmtsnr.jpg		f		2	9	\N
1500	roulement 6311zz	204.92	t	6311zz	/static/images/rlmtsnr.jpg		f		2	9	\N
1501	roulement 16015	262.55	t	16015	/static/images/rlmtsnr.jpg		f		2	9	\N
1502	roulement de roue av trafic ii 14>	799.57	t	155120	/static/images/rlmtsnr.jpg		f		2	9	\N
1503	roulement 30205	71.97	t	10r30205a	/static/images/rlmtsnr.jpg		f		2	9	\N
1504	roulement 32004	169.8	t	10r32004vc12ua	/static/images/rlmtsnr.jpg		f		2	9	\N
1505	roulement 32005	75.62	t	10r32005vc12ua	/static/images/rlmtsnr.jpg		f		2	9	\N
1507	roulement 32032	75.82	t	10r32032c	/static/images/rlmtsnr.jpg		f		2	9	\N
1508	roulement 32008	369.28	t	12r32008c	/static/images/rlmtsnr.jpg		f		2	9	\N
1509	roulement 300849/811	114.81	t	300849-811	/static/images/rlmtsnr.jpg		f		2	9	\N
1510	roulement 30208	139.15	t	30208a	/static/images/rlmtsnr.jpg		f		2	9	\N
1511	roulement 32004	77.91	t	32004a	/static/images/rlmtsnr.jpg		f		2	9	\N
1512	roulement 32005	82.79	t	32005a	/static/images/rlmtsnr.jpg		f		2	9	\N
1513	roulement 32006	96.37	t	32006ch106	/static/images/rlmtsnr.jpg		f		2	9	\N
1514	roulement 32007	122.45	t	32007a	/static/images/rlmtsnr.jpg		f		2	9	\N
1515	roulement 32009	116.87	t	32009vc12ua	/static/images/rlmtsnr.jpg		f		2	9	\N
1516	roulement 32209	152.37	t	32209a	/static/images/rlmtsnr.jpg		f		2	9	\N
1517	roulement 32212	311.03	t	32212a	/static/images/rlmtsnr.jpg		f		2	9	\N
1518	roulement 33213	465.53	t	33213a	/static/images/rlmtsnr.jpg		f		2	9	\N
1519	roulement 32210	194.12	t	4t32210	/static/images/rlmtsnr.jpg		f		2	9	\N
1539	roulement av fiat  ducato -boxer- jumber ( 32010 )	136.36	t	ec42317s01	/static/images/rlmtsnr.jpg		f		2	9	\N
1541	roulement ar renault logan- peugeot p205 ir2220	153.06	t	fc12025s09	/static/images/rlmtsnr.jpg		f		2	9	\N
1542	roulement av renault r9-r11-express	266.18	t	fc12033s01	/static/images/rlmtsnr.jpg		f		2	9	\N
1543	roulement ar renault express-r19 ir2221	277.63	t	fc12180s04	/static/images/rlmtsnr.jpg		f		2	9	\N
1544	roulement ar renault express- kangoo- r19 -ir 2222	205.96	t	fc12271s03	/static/images/rlmtsnr.jpg		f		2	9	\N
1545	roulement renlt clio- megane -19 -super5	166.29	t	fc12784s03	/static/images/rlmtsnr.jpg		f		2	9	\N
1546	roulement ar land rover  range rover discovery iii  2.7 (04-09)	479.09	t	fc35503	/static/images/rlmtsnr.jpg		f		2	9	\N
1547	roulement ar hyuandai hyundai i35- santafe- kia sportage	276.24	t	fc35525	/static/images/rlmtsnr.jpg		f		2	9	\N
1548	roulement ar renault master- nissan interstar- opel master	346.97	t	fc40096s07	/static/images/rlmtsnr.jpg		f		2	9	\N
1549	roulement ar renault logan- kangoo- express  ir-2220	153.06	t	fc40570s06	/static/images/rlmtsnr.jpg		f		2	9	\N
1550	roulement ar opel corsa c- tigra (00-03)	286.68	t	fc40650s01	/static/images/rlmtsnr.jpg		f		2	9	\N
1551	roulement ar renault megane scenic i -ir2243	265.8	t	fc40725s03	/static/images/rlmtsnr.jpg		f		2	9	\N
1552	roulement ar renault trafic dci - nissan primaster	242.83	t	fc40772s03	/static/images/rlmtsnr.jpg		f		2	9	\N
1553	roulement ar fiat ducato- boxer -jumper (94-06)	416.77	t	fc40784s01	/static/images/rlmtsnr.jpg		f		2	9	\N
1554	roulement ar renault clio iii- megane-sandero ii	208.05	t	fc40858s03	/static/images/rlmtsnr.jpg		f		2	9	\N
1555	roulement ar mercedes class a (97-05)	368.8	t	fc40887	/static/images/rlmtsnr.jpg		f		2	9	\N
1556	roulement av renault master ii (03-06)	380.63	t	fc40918s02	/static/images/rlmtsnr.jpg		f		2	9	\N
1557	roulement ar peugeot p307- c4 -ir2240	249.8	t	fc41245	/static/images/rlmtsnr.jpg		f		2	9	\N
1558	roulement ar renault megane - scenic ii 2003- ir2241	221.96	t	fc41288s04	/static/images/rlmtsnr.jpg		f		2	9	\N
1559	roulement ar peugeot partner- berlingo- p308  -ir2251	240.05	t	fc41394	/static/images/rlmtsnr.jpg		f		2	9	\N
1560	roulement av fiat ducato- peugeot boxer ii -citroen jumper ii (02	419.6	t	fc41544s01	/static/images/rlmtsnr.jpg		f		1	9	\N
1561	roulement ar peugeot p207- p308- 301 -c3- c4-	231.01	t	fc41645	/static/images/rlmtsnr.jpg		f		1	9	\N
1562	roulement ar renault duster- logan mcv ir2244	253.98	t	fc41722s01	/static/images/rlmtsnr.jpg		f		1	9	\N
1563	roulement ar renault express- kangoo- r19 -ir 2222	202.47	t	fc41795s01	/static/images/rlmtsnr.jpg		f		1	9	\N
1564	roulement ar mercedes sprinter 901-906 - mercedes gl- vw	402.21	t	fc41853	/static/images/rlmtsnr.jpg		f		1	9	\N
1565	roulement ar renault master iii- opel movano - ir2274	430.73	t	fc41922s04	/static/images/rlmtsnr.jpg		f		1	9	\N
1566	roulement ar peugeot c3- ds3 -ir2271	221.96	t	fc41950	/static/images/rlmtsnr.jpg		f		1	9	\N
1666	roulement av nissan qashqai- renault koleos	695.18	t	hgb35172s01	/static/images/rlmtsnr.jpg		f		1	9	\N
1667	roulement ar ford focus ii - c-max (07-10)	723.02	t	hgb35205	/static/images/rlmtsnr.jpg		f		1	9	\N
1668	roulement ar nissan qashqai -  x.trail -renault kleos	625.6	t	hgb35242	/static/images/rlmtsnr.jpg		f		1	9	\N
1669	roulement ar jeep compass- dodge caliber	803.74	t	hgb35323	/static/images/rlmtsnr.jpg		f		1	9	\N
1670	roulement ar  ford ranger- kia sportage ( 693496/310)	129.4	t	jl69349310a	/static/images/rlmtsnr.jpg		f		1	9	\N
1684	roulement 45449/41	43.81	t	l45449410	/static/images/rlmtsnr.jpg		f		2	9	\N
1685	roulement 102949/910	121.75	t	lm102949910	/static/images/rlmtsnr.jpg		f		2	9	\N
1686	roulement 11749/710	51.47	t	lm11749710	/static/images/rlmtsnr.jpg		f		2	9	\N
1798	c/dist vw 108d x 19 golf 1.0 ess	89.74	t	5015	/static/images/5015.jpg		f		3	10	\N
1799	c/dist vw 121d x 18 golf 1.6 ess	127.02	t	5016	/static/images/5016.jpg		f		3	10	\N
1800	c/dist ford 123d x 25.4 transit 2.4 d (77-85)	97.33	t	5021	/static/images/5021.jpg		f		3	10	\N
1801	c/dist fiat 104d x 15 uno fire-punto 104d	55.22	t	5030	/static/images/5030.jpg		f		3	10	\N
1802	c/dist ren 152d x 30 trafic 2.5 d  master 2.4 d  fiat f131 2.5 d 152d	131.16	t	5039	/static/images/5039.jpg		f		3	10	\N
1803	c/dist ren 148d x 25.4 r18-21-25-trafic d 148d	100.09	t	5040	/static/images/5040.jpg		f		3	10	\N
1804	c/dist opel 147d x 24 kadett d 1.6 d (82-88)	196.05	t	5048	/static/images/5048.jpg		f		3	10	\N
2153	courroie dentee  10x0800	40.73	t	6212mc	/static/images/gates.jpg		f		3	10	\N
1805	c/dist pgt 136d x 25.4 p205 1.7 d c15d 1.8 p309 1.9 d	151.18	t	5049	/static/images/gates.jpg		f		3	10	\N
1806	c/dist opel 101d x 17 kadett d 1.2 d (82-93)	86.98	t	5052	/static/images/5052.jpg		f		3	10	\N
1807	c/dist ren 21 1.7 gts trafic ess 124d	115.97	t	5056	/static/images/5056.jpg		f		3	10	\N
1808	c/dist ford 130d x 25 plat tarnasit 2.5 d (86-92)	171.88	t	5064	/static/images/5064.jpg		f		3	10	\N
1809	c/dist fiat 133d x 22 uno 1.3 d f127 1.3 d  133d	115.28	t	5065	/static/images/5065.jpg		f		3	10	\N
1810	c/dist bmw 138dx28 324d 2.4 (85-95) 138d	173.96	t	5078	/static/images/5078.jpg		f		3	10	\N
1811	c/dist fiat 153d x 30 ducato 2.5 td iveco dailly 2.5 153d	130.47	t	5113	/static/images/5113.jpg		f		3	10	\N
1812	c/dist toyota 130d x 25 hillux 2.2 d hiace 2.4 d (83-89)	154.63	t	5118	/static/images/5118.jpg		f		3	10	\N
1813	c/dist pgt 104d x 17 p205 1.1 ess 104d	74.55	t	5127	/static/images/5127.jpg		f		3	10	\N
1814	c/dist opel ascona 1.6	111.83	t	5129	/static/images/5129.jpg		f		3	10	\N
1815	c/dist vw 135d x 25 golf-jetta1-2-passat 135d	100.09	t	5176	/static/images/5176.jpg		f		3	10	\N
1816	c/dist fiat 168d x 22 uno-palio-punto d nm  168d	108.38	t	5178	/static/images/5178.jpg		f		3	10	\N
1817	c/dist fiat 170d x 22 uno 1.9 d tipo 1.7 d  170d	102.85	t	5179	/static/images/5179.jpg		f		3	10	\N
1818	c/dist fiat 173d x 22 tipo 1.9 td tempra 1.9 173d	107	t	5180	/static/images/5180.jpg		f		3	10	\N
1819	c/dist mitsubishi 083d x 19 l200 2.5 d  (86-96) hyundai h100	79.38	t	5210	/static/images/5210.jpg		f		3	10	\N
1820	c/dist ren 153d x 25.4 bombe  r9-11-19-21-exp-megane1 153d bombe 25.4mm	134.61	t	5212	/static/images/5212.jpg		f		3	10	\N
1821	c/dist mitsubishi 163d x 25 l200 2.5 td  4wd (92-96) hyundai h100	158.08	t	5222	/static/images/5222.jpg		f		3	10	\N
1822	c/dist vw 077d x 21 transporter 2.4 d	146.34	t	5246	/static/images/5246.jpg		f		3	10	\N
1823	c/dist fiat 173d x 25 ducato 1.9 d 173d	316.85	t	5299	/static/images/5299.jpg		f		3	10	\N
1824	c/dist ren 151d x 25.4 r19-exp nm-kangoo1-clio1-2 151d	137.37	t	5305	/static/images/gates.jpg		f		3	10	\N
1825	c/dist ren 151d x 25 clio ii 1.9 d	169.12	t	5484	/static/images/gates.jpg		f		3	10	\N
1826	c/dist ren 153d x 25 megane 1.9 d opel suzuki 153dx25	148.41	t	5485	/static/images/5485.jpg		f		3	10	\N
1827	c/striee  3pk0715 ren r19-clio1-2-megane1-palio ess-punto 1pk7td	46.25	t	3pk0715	/static/images/gates.jpg		f		3	10	\N
1828	c/striee  3pk0775 ren r19-clio1-2 ess	62.82	t	3pk0775	/static/images/gates.jpg		f		3	10	\N
1829	c/striee  3pk0828 ren r19-clio1-exp-megane1 ess	71.1	t	3pk0828	/static/images/gates.jpg		f		3	10	\N
1830	c/striee  4pk0545	71.79	t	4pk0545	/static/images/gates.jpg		f		3	10	\N
1831	c/striee  4pk0560	37.97	t	4pk0560	/static/images/gates.jpg		f		3	10	\N
1832	c/striee  4pk0580	61.44	t	4pk0580	/static/images/gates.jpg		f		3	10	\N
1833	c/striee  4pk0595	53.84	t	4pk0595	/static/images/gates.jpg		f		3	10	\N
1834	c/striee  4pk0613	58.68	t	4pk0613	/static/images/gates.jpg		f		3	10	\N
1835	c/striee  4pk0635	56.6	t	4pk0635	/static/images/gates.jpg		f		3	10	\N
1836	c/striee  4pk0655	46.94	t	4pk0655	/static/images/gates.jpg		f		3	10	\N
1837	c/striee  4pk0668	35.21	t	4pk0668	/static/images/gates.jpg		f		3	10	\N
1838	c/striee  4pk0675 hy i10-i20-i30-ix35-atos-picanto-punto-panda ess	60.06	t	4pk0675	/static/images/gates.jpg		f		3	10	\N
1839	c/striee  4pk0698 pgt p205-309-405-c15-bx-zx d-palio-punto ess	35.9	t	4pk0698	/static/images/gates.jpg		f		3	10	\N
1840	c/striee  4pk0708	84.22	t	4pk0708	/static/images/gates.jpg		f		3	10	\N
1841	c/striee  4pk0718 ren logan-sandero-punto-suzuki alto ess	72.48	t	4pk0718	/static/images/gates.jpg		f		3	10	\N
1842	c/striee  4pk0728	49.7	t	4pk0728	/static/images/gates.jpg		f		3	10	\N
1843	c/striee  4pk0738	66.96	t	4pk0738	/static/images/gates.jpg		f		3	10	\N
1844	c/striee  4pk0750	82.84	t	4pk0750	/static/images/gates.jpg		f		3	10	\N
1845	c/striee  4pk0755 pgt boxer-jumper-ducato td-hdi	53.84	t	4pk0755	/static/images/gates.jpg		f		3	10	\N
1846	c/striee  4pk0765	55.91	t	4pk0765	/static/images/gates.jpg		f		3	10	\N
1847	c/striee  4pk0773	63.51	t	4pk0773	/static/images/gates.jpg		f		3	10	\N
1848	c/striee  4pk0780	50.39	t	4pk0780	/static/images/gates.jpg		f		3	10	\N
1849	c/striee  4pk0788	68.34	t	4pk0788	/static/images/gates.jpg		f		3	10	\N
1850	c/striee  4pk0803	50.39	t	4pk0803	/static/images/gates.jpg		f		3	10	\N
1851	c/striee  4pk0813	59.37	t	4pk0813	/static/images/gates.jpg		f		3	10	\N
1852	c/striee  4pk0823	62.13	t	4pk0823	/static/images/gates.jpg		f		3	10	\N
1853	c/striee  4pk0833	56.6	t	4pk0833	/static/images/gates.jpg		f		3	10	\N
1854	c/striee  4pk0840	50.39	t	4pk0840	/static/images/gates.jpg		f		3	10	\N
1855	c/striee  4pk0845	51.77	t	4pk0845	/static/images/gates.jpg		f		3	10	\N
1856	c/striee  4pk0850 hy accent-cerato-rio-swift ess	66.27	t	4pk0850	/static/images/gates.jpg		f		3	10	\N
1857	c/striee  4pk0855	76.62	t	4pk0855	/static/images/gates.jpg		f		3	10	\N
1858	c/striee  4pk0860	63.51	t	4pk0860	/static/images/gates.jpg		f		3	10	\N
1859	c/striee  4pk0868 pgt boxer 2pk5d-corolla-starlet-civic ess	63.51	t	4pk0868	/static/images/gates.jpg		f		3	10	\N
1860	c/striee  4pk0874sf	79.38	t	4pk0874sf	/static/images/gates.jpg		f		3	10	\N
1861	c/striee  4pk0878	50.39	t	4pk0878	/static/images/gates.jpg		f		3	10	\N
1862	c/striee  4pk0885	75.24	t	4pk0885	/static/images/gates.jpg		f		3	10	\N
1863	c/striee  4pk0890 ren r9-11-21-25-sup5 1pk6d	63.51	t	4pk0890	/static/images/gates.jpg		f		3	10	\N
1864	c/striee  4pk0898	51.77	t	4pk0898	/static/images/gates.jpg		f		3	10	\N
1865	c/striee  4pk0903sf	80.77	t	4pk0903sf	/static/images/gates.jpg		f		3	10	\N
1866	c/striee  4pk0913	55.22	t	4pk0913	/static/images/gates.jpg		f		3	10	\N
1867	c/striee  4pk0922sf	65.58	t	4pk0922sf	/static/images/gates.jpg		f		3	10	\N
1868	c/striee  4pk0923	53.15	t	4pk0923	/static/images/gates.jpg		f		3	10	\N
1869	c/striee  4pk0928	54.53	t	4pk0928	/static/images/gates.jpg		f		3	10	\N
1870	c/striee  4pk0938 mit galant-lancer-colt-vitara-sunny ess-h1 2pk5td	107	t	4pk0938	/static/images/gates.jpg		f		3	10	\N
1871	c/striee  4pk0948	60.75	t	4pk0948	/static/images/gates.jpg		f		3	10	\N
1872	c/striee  4pk0960	53.15	t	4pk0960	/static/images/gates.jpg		f		3	10	\N
1873	c/striee  4pk0970	64.89	t	4pk0970	/static/images/gates.jpg		f		3	10	\N
1874	c/striee  4pk0978	70.41	t	4pk0978	/static/images/gates.jpg		f		3	10	\N
1875	c/striee  4pk0985	55.22	t	4pk0985	/static/images/gates.jpg		f		3	10	\N
1876	c/striee  4pk1003	69.03	t	4pk1003	/static/images/gates.jpg		f		3	10	\N
1877	c/striee  4pk1013	72.48	t	4pk1013	/static/images/gates.jpg		f		3	10	\N
1878	c/striee  4pk1020	96.64	t	4pk1020	/static/images/gates.jpg		f		3	10	\N
1879	c/striee  4pk1028	75.93	t	4pk1028	/static/images/gates.jpg		f		3	10	\N
1880	c/striee  4pk1038	98.02	t	4pk1038	/static/images/gates.jpg		f		3	10	\N
1881	c/striee  4pk1048 pgt p306-golf3-caddy-bravo	61.44	t	4pk1048	/static/images/gates.jpg		f		3	10	\N
1882	c/striee  4pk1058	77.31	t	4pk1058	/static/images/gates.jpg		f		3	10	\N
1883	c/striee  4pk1063	70.41	t	4pk1063	/static/images/gates.jpg		f		3	10	\N
1884	c/striee  4pk1070	89.05	t	4pk1070	/static/images/gates.jpg		f		3	10	\N
1885	c/striee  4pk1083	64.2	t	4pk1083	/static/images/gates.jpg		f		3	10	\N
1886	c/striee  4pk1090	60.06	t	4pk1090	/static/images/gates.jpg		f		3	10	\N
1887	c/striee  4pk1100	57.29	t	4pk1100	/static/images/gates.jpg		f		3	10	\N
1888	c/striee  4pk1103	78	t	4pk1103	/static/images/gates.jpg		f		3	10	\N
1889	c/striee  4pk1108	89.74	t	4pk1108	/static/images/gates.jpg		f		3	10	\N
1890	c/striee  4pk1123 mit l200 nm-l300-pajero2 (96-07)	58.68	t	4pk1123	/static/images/gates.jpg		f		3	10	\N
1891	c/striee  4pk1165	59.37	t	4pk1165	/static/images/gates.jpg		f		3	10	\N
1892	c/striee  4pk1170	68.34	t	4pk1170	/static/images/gates.jpg		f		3	10	\N
1893	c/striee  4pk1183	71.1	t	4pk1183	/static/images/gates.jpg		f		3	10	\N
1894	c/striee  4pk1210	60.75	t	4pk1210	/static/images/gates.jpg		f		3	10	\N
1895	c/striee  4pk1218	68.34	t	4pk1218	/static/images/gates.jpg		f		3	10	\N
1896	c/striee  4pk1230	60.06	t	4pk1230	/static/images/gates.jpg		f		3	10	\N
1897	c/striee  4pk1240	70.41	t	4pk1240	/static/images/gates.jpg		f		3	10	\N
1898	c/striee  4pk1245	112.52	t	4pk1245	/static/images/gates.jpg		f		3	10	\N
1899	c/striee  4pk1260	67.65	t	4pk1260	/static/images/gates.jpg		f		3	10	\N
1900	c/striee  4pk1268	62.82	t	4pk1268	/static/images/gates.jpg		f		3	10	\N
1901	c/striee  4pk1280	88.36	t	4pk1280	/static/images/gates.jpg		f		3	10	\N
1902	c/striee  4pk1313	71.79	t	4pk1313	/static/images/gates.jpg		f		3	10	\N
1903	c/striee  4pk1325	66.27	t	4pk1325	/static/images/gates.jpg		f		3	10	\N
1904	c/striee  4pk1360	68.34	t	4pk1360	/static/images/gates.jpg		f		3	10	\N
1905	c/striee  4pk1368	76.62	t	4pk1368	/static/images/gates.jpg		f		3	10	\N
1906	c/striee  4pk1420	94.57	t	4pk1420	/static/images/gates.jpg		f		3	10	\N
1907	c/striee  4pk1440	97.33	t	4pk1440	/static/images/gates.jpg		f		3	10	\N
1908	c/striee  4pk1470	87.67	t	4pk1470	/static/images/gates.jpg		f		3	10	\N
1909	c/striee  4pk1483	76.62	t	4pk1483	/static/images/gates.jpg		f		3	10	\N
1910	c/striee  4pk1510 ford transit nm	71.79	t	4pk1510	/static/images/gates.jpg		f		3	10	\N
1911	c/striee  4pk1520 ford transit nm	71.1	t	4pk1520	/static/images/gates.jpg		f		3	10	\N
1912	c/striee  4pk1540	72.48	t	4pk1540	/static/images/gates.jpg		f		3	10	\N
1913	c/striee  4pk1560	79.38	t	4pk1560	/static/images/gates.jpg		f		3	10	\N
1914	c/striee  4pk1580	160.84	t	4pk1580	/static/images/gates.jpg		f		3	10	\N
1915	c/striee  4pk1590	143.58	t	4pk1590	/static/images/gates.jpg		f		3	10	\N
1916	c/striee  4pk1708	84.91	t	4pk1708	/static/images/gates.jpg		f		3	10	\N
1917	c/striee  4pk1720	82.15	t	4pk1720	/static/images/gates.jpg		f		3	10	\N
1918	c/striee  4pk1770	87.67	t	4pk1770	/static/images/gates.jpg		f		3	10	\N
1919	c/striee 4pk0798sf dac logan-sandero ii 10/12>	92.5	t	4pk798sf	/static/images/gates.jpg		f		3	10	\N
2975	refrigirant mer classe c ty205-2014-2018	318	t	6261800165	/static/images/6261800165.jpg		f		6	\N	\N
3146	scania 360 360	317.13	t	qr25314	/static/images/QR25314.jpg		f		7	13	\N
1921	c/dist toy avenis carina corolla camry	213.99	t	5057xs	/static/images/5057xs.jpg		f		3	10	\N
1923	c/dist ren 118d x 19 r21 ess 2.2  p505 2.2 ess 118d	83.53	t	5059xs	/static/images/5059xs.jpg		f		3	10	\N
1924	c/dist ren 125d x 19 r9/r11 1.7 ess r19 1.7 125d	117.35	t	5130xs	/static/images/5130xs.jpg		f		3	10	\N
1925	c/dist pgt 106/205/405 cit ax berling saxo 108d	115.97	t	5175xs	/static/images/5175xs.jpg		f		3	10	\N
2976	refrigirant mer 176-246-242-gla-2011-2019	600	t	6511801065	/static/images/6511801065.jpg		f		6	\N	\N
1927	c/dist toyota 123d x 24 corolla 1.3 (97-01)	171.88	t	5197xs	/static/images/5197xs.jpg		f		3	10	\N
1928	c/dist toyota 129d x 31 hillux 2.2 td 4wd hiace 2.4 d (95-06)	260.93	t	5214xs	/static/images/5214xs.jpg		f		3	10	\N
1929	c/dist pgt 114d x 17 p205 1.6 ess xsara 1.8 i	149.1	t	5215xs	/static/images/5215xs.jpg		f		3	10	\N
1930	c/dist vw 137d x 25 golf3-ibiza2-passat-polo 137d	207.78	t	5223xs	/static/images/5223xs.jpg		f		3	10	\N
1931	c/dist suzuki 089d x 19 swift 1.4 4wd	88.36	t	5240xs	/static/images/5240xs.jpg		f		3	10	\N
1932	c/dist pgt 149d x 25.4 p406 2.1 td	172.58	t	5249xs	/static/images/5249xs.jpg		f		3	10	\N
1933	c/dist ford 116d x 20 escort 1.8 d (90-96)	104.93	t	5251xs	/static/images/5251xs.jpg		f		3	10	\N
1934	c/dist vw 123d x 26.5 lt 2.5 sdi 2.5 tdi transporter 2.4 d	116.66	t	5323xs	/static/images/5323xs.jpg		f		3	10	\N
1935	c/dist fiat 152d x 30 ducato 2.5 d boxer 2.8 hdi 152d	153.94	t	5334xs	/static/images/5334xs.jpg		f		3	10	\N
1936	c/dist fiat 153d x 30 ducato 2.5 tdi boxer 2.8 d 153d	167.05	t	5335xs	/static/images/5335xs.jpg		f		3	10	\N
1937	c/dist pgt 101d x 17 p306 1.6 ess	94.57	t	5347xs	/static/images/5347xs.jpg		f		3	10	\N
1938	c/dist kia 162d x 25 sorento 2.4 td 4wd	218.13	t	5355xs	/static/images/5355xs.jpg		f		3	10	\N
1939	c/dist ford 131d x 25 escort 1.6 16v (98-00)	159.46	t	5360xs	/static/images/5360xs.jpg		f		3	10	\N
1940	c/dist opel 176d x 24 astra 1.7 d 1.7 td (91-98)	228.49	t	5368xs	/static/images/5368xs.jpg		f		3	10	\N
1941	c/dist ren megane espace ess	107	t	5370xs	/static/images/5370xs.jpg		f		3	10	\N
1942	c/dist mitsubishi 124d x 29 l200 2.4 4wd (96-07)	142.2	t	5374xs	/static/images/5374xs.jpg		f		3	10	\N
1943	c/dist ren 157d x 25 laguna 2.2 d  157d	217.44	t	5391xs	/static/images/5391xs.jpg		f		3	10	\N
1944	c/dist toyota 102d x 25 land cruiser 3.0 d 3.0 td	122.87	t	5405xs	/static/images/5405xs.jpg		f		3	10	\N
1946	c/dist fiat 108d x 15 palio 1.2 siena 1.2  (97-02) 108d	93.88	t	5411xs	/static/images/5411xs.jpg		f		3	10	\N
1947	c/dist vw 135d x 19 golf iii 1.4 ess	124.25	t	5427xs	/static/images/5427xs.jpg		f		3	10	\N
1948	c/dist ford 117d x 22 focus 1.4 16v (99-04)	142.2	t	5433xs	/static/images/5433xs.jpg		f		3	10	\N
1949	c/dist hyundai 163d x 25.4 h100 2.5 td renault laguna 2.2 d (93-01)	213.99	t	5435xs	/static/images/5435xs.jpg		f		3	10	\N
1950	c/dist mitsubishi 099d x 19 l200 2.5 4wd (96-07)	113.21	t	5436xs	/static/images/5436xs.jpg		f		3	10	\N
1951	c/dist ford 116d x 22 escort 1.8 td (98-00)	100.78	t	5451xs	/static/images/5451xs.jpg		f		3	10	\N
1952	c/dist ford 085d x 22 escort 1.8 d (93-95)	99.4	t	5452xs	/static/images/5452xs.jpg		f		3	10	\N
1953	c/dist ren 087d x 17 clio ii 1.2 ess  87d	120.11	t	5454xs	/static/images/5454xs.jpg		f		3	10	\N
1954	c/dist land rover 118d x 30 discovery i 2.5 d (89-98)	342.39	t	5467xs	/static/images/5467xs.jpg		f		3	10	\N
1955	c/dist nis vanette cargo 96	238.15	t	5470xs	/static/images/5470xs.jpg		f		3	10	\N
1956	c/dist pgt 147d x 32 boxer 2.5 tdi	193.97	t	5471xs	/static/images/5471xs.jpg		f		3	10	\N
1957	c/dist ren 096d x 17 clio ii 1.4 ess logan 1.4 96d	91.81	t	5473xs	/static/images/5473xs.jpg		f		3	10	\N
1958	c/dist ford 101d x 30 ranger 2.5 d 2.5 td (99-06) mazda pick-up serie b	149.1	t	5478xs	/static/images/5478xs.jpg		f		3	10	\N
1959	c/dist ren 153d x 26 plat kangoo 1.9 dci megane 153d plat	199.5	t	5486xs	/static/images/5486xs.jpg		f		3	10	\N
1960	c/dist vw 138d x 23 golf iv 1.6	122.18	t	5489xs	/static/images/5489xs.jpg		f		3	10	\N
1961	c/dist vw 081d x 21 transporter 2.5 tdi	93.88	t	5494xs	/static/images/5494xs.jpg		f		3	10	\N
1962	c/dist fiat 154d x 30 ducato 2.8 tdi ren master 2.8 tdi iveco 2.8 154d	334.8	t	5495xs	/static/images/5495xs.jpg		f		3	10	\N
1963	c/dist fiat 190d x 24 palio 1.9 jtd punto 1.9 jtd 190d	208.47	t	5500xs	/static/images/5500xs.jpg		f		3	10	\N
1964	c/dist ren 128d x 27 megane i 1.8 ess 128d	151.18	t	5507xs	/static/images/5507xs.jpg		f		3	10	\N
1965	c/dist ren 142d x 23 laguna 2.0 ess ford focus 2.5 rs mondeo 2.5 142d	135.3	t	5509xs	/static/images/5509xs.jpg		f		3	10	\N
1966	c/dist hyundai 101d x 20 i10 1.0 kia picanto 1.0 101d	160.84	t	5511xs	/static/images/5511xs.jpg		f		3	10	\N
1967	c/dist pgt 140d x 25.4 part-berl-p206-306-406-xsara d  140d	156.7	t	5523xs	/static/images/5523xs.jpg		f		3	10	\N
1968	c/dist pgt 141d x 25.4 partner 2.0 hdi 2000+ 141d	166.36	t	5524xs	/static/images/5524xs.jpg		f		3	10	\N
1969	c/dist fiat 134d x 17 f134d	213.3	t	5525xs	/static/images/5525xs.jpg		f		3	10	\N
1970	c/dist pgt 153d x 25.4 special p206 2.0 p307 2.0	200.88	t	5528xs	/static/images/5528xs.jpg		f		3	10	\N
1971	c/dist honda 103d x 22 civic iv 1.4 civic 1.5 i (01-05)	107.69	t	5529xs	/static/images/5529xs.jpg		f		3	10	\N
1972	c/dist chevrolet 109d x 25 chevrolet spark 1.0  daewoo matiz 1.0 109d	111.14	t	5535xs	/static/images/5535xs.jpg		f		3	10	\N
1973	c/dist ford 091d x 20 fiesta 1.8 di (00-03) focus 1.8 tdci (04-12)	99.4	t	5541xs	/static/images/5541xs.jpg		f		3	10	\N
1974	c/dist opel 168d x 24 astra 2.0 16v (00-05)	211.92	t	5542xs	/static/images/5542xs.jpg		f		3	10	\N
1975	c/dist fiat 125d x 15 palio 1.1 punto 1.1	159.46	t	5544xs	/static/images/5544xs.jpg		f		3	10	\N
1976	c/dist fiat 129d x 15 palio 1.2 siena 1.2  (98-08) 129d	124.25	t	5545xs	/static/images/5545xs.jpg		f		3	10	\N
1977	c/dist land rover 078d x 24 free-lander 2.0 di (98-06)	142.89	t	5546xs	/static/images/5546xs.jpg		f		3	10	\N
1978	c/dist toyota 092d x 25 land cruiser prado 4.2 d	110.45	t	5548xs	/static/images/5548xs.jpg		f		3	10	\N
2977	refrigerant boitier mer ty117-176-246-2016+	240	t	6512003900	/static/images/6512003900.jpg		f		6	\N	\N
2978	refregirant bmw5-03-2010 bmw6-04 serie7-01-03	540	t	17217519213	/static/images/17217519213.jpg		f		6	\N	\N
2154	courroie dentee  10x0825	39.35	t	6213mc	/static/images/gates.jpg		f		3	10	\N
1980	c/dist ren 132d x 26 laguna trafic 1.9 dci nissan opel 132d	313.4	t	5552xs	/static/images/5552xs.jpg		f		3	10	\N
1981	c/dist volvo 146d x 28 s80 xc90 2.9 ts (98-06)	248.51	t	5553xs	/static/images/5553xs.jpg		f		3	10	\N
1982	c/dist pgt 146d x 25.4 p406 2.2 hdi c5	162.22	t	5558xs	/static/images/5558xs.jpg		f		3	10	\N
1983	c/dist vw 141d x 25 golf iv 1.9 tdi polo 1.9 sdi 141d	330.65	t	5559xs	/static/images/5559xs.jpg		f		3	10	\N
1985	c/dist ren 153d x 26 special clio ii 1.9 dti megane ii 1.9 dti 153d	305.11	t	5561xs	/static/images/5561xs.jpg		f		3	10	\N
1986	c/dist toyota 178d x 25 corolla 2.0 d-4d rav4 2.0 d-4d (01-05)	274.74	t	5562xs	/static/images/5562xs.jpg		f		3	10	\N
1987	c/dist opel 131d x 25 astra 1.7 cdti corsa zafira 2010+	173.27	t	5563xs	/static/images/5563xs.jpg		f		3	10	\N
1988	c/dist vw 120d x 30 golf iv 1.9 tdi polo 1.4 tdi 120d	361.03	t	5569xs	/static/images/5569xs.jpg		f		3	10	\N
1989	c/dist hyundai 065d x 12.7 h1 2.4 kia sorento 2.4	54.53	t	5570xs	/static/images/5570xs.jpg		f		3	10	\N
1990	c/dist ford 130d x 25 transit 2.5 di (95-00) 2.5 td	403.14	t	5571xs	/static/images/5571xs.jpg		f		3	10	\N
1991	c/dist ford 130d x 28 transit 2.5 di (95-00) 2.5 td	300.97	t	5572xs	/static/images/5572xs.jpg		f		3	10	\N
1992	c/dist ren 089d x 25 laguna 2.2 dci trafic 2.5 dci   89d	212.61	t	5573xs	/static/images/5573xs.jpg		f		3	10	\N
1993	c/dist pgt 100d x 17 p206 1.1 ess	105.62	t	5574xs	/static/images/5574xs.jpg		f		3	10	\N
1994	c/dist pgt 104d x 17 p206 1.4 i p307 1.4 i	107	t	5575xs	/static/images/5575xs.jpg		f		3	10	\N
1995	c/dist ren 095d x 23.4 clio iv ess 1.2 logan 1.2	131.16	t	5577xs	/static/images/5577xs.jpg		f		3	10	\N
1996	c/dist ren 123d x 27 logan-kangoo-clio-megane dci 123d	171.19	t	5578xs	/static/images/5578xs.jpg		f		3	10	\N
1997	c/dist hyundai 123d x 28 santafe 2.0 crdi carens sportage 2.0 crdi 123d	183.62	t	5579xs	/static/images/5579xs.jpg		f		3	10	\N
1998	c/dist volvo 132d x 28 s60 2.4 d4 2010+	162.91	t	5580xs	/static/images/5580xs.jpg		f		3	10	\N
1999	c/dist pgt 134d x 25.4 p206 1.6 p307 1.6	197.43	t	5581xs	/static/images/5581xs.jpg		f		3	10	\N
2000	c/dist pgt 143d x 25.4 p406 2.0	245.75	t	5582xs	/static/images/5582xs.jpg		f		3	10	\N
2001	c/dist pgt 144d x 25.4 p206 p307 1.4 hdi ford fiesta 1.4 tdci 144d	147.72	t	5587xs	/static/images/5587xs.jpg		f		3	10	\N
2002	c/dist fiat 178d x 30 ducato 2.3 d 2.3 jtd iveco dailly 2.3 178d	187.76	t	5592xs	/static/images/5592xs.jpg		f		3	10	\N
2003	c/dist opel 129d x 25 astra 1.7 cdti (04-10)	198.81	t	5595xs	/static/images/5595xs.jpg		f		3	10	\N
2004	c/dist pgt 137d x 25 partner 1.6 hdi ford focus fiesta 1.6 tdci 2015+ 137d	198.81	t	5598xs	/static/images/5598xs.jpg		f		3	10	\N
2005	c/dist alfa romeo 198dx24 147 1.9 jtd fiat stilo 1.9 jtd 198d	177.41	t	5600xs	/static/images/5600xs.jpg		f		3	10	\N
2006	c/dist opel 146d x 24 astra 1.6 2009+	235.39	t	5603xs	/static/images/5603xs.jpg		f		3	10	\N
2007	c/dist pgt 116d x 25.4 p407 2.0 hdi ford focus  2.0 tdci	141.51	t	5606xs	/static/images/5606xs.jpg		f		3	10	\N
2008	c/dist vw 141d x 30 golf v touran i 2.0 tdi 141d	406.59	t	5607xs	/static/images/5607xs.jpg		f		3	10	\N
2009	c/dist vw 083d x 24 touareg 3.0 tdi 3.0 v6 tdi	141.51	t	5614xs	/static/images/5614xs.jpg		f		3	10	\N
2010	c/dist pgt 135d x 25.4 p307 1.4 c4 1.4	296.14	t	5615xs	/static/images/5615xs.jpg		f		3	10	\N
2011	c/dist vw 037d x 25 polo iii 1.9 sdi ford caddy ii 1.9 sdi (95-04)	278.88	t	5622xs	/static/images/5622xs.jpg		f		3	10	\N
2012	c/dist opel 199d x 24 insigna 2.0 cdti bravo ii	238.15	t	5623xs	/static/images/5623xs.jpg		f		3	10	\N
2013	c/dist pgt 195d x 29 p407 2.7 hdi c5 3.0 hdi range rover 2.7 d	668.21	t	5624xs	/static/images/5624xs.jpg		f		3	10	\N
2014	c/dist fiat 125d x 22 panda 1.1 125d	107.69	t	5626xs	/static/images/5626xs.jpg		f		3	10	\N
2015	c/dist fiat 129d x 22 doblo 1.4 punto 1.2 129d	195.35	t	5627xs	/static/images/5627xs.jpg		f		3	10	\N
2016	c/dist chevrolet 151d x 22 captiva 2.0 cdi cruse opel antara 2.0 cdti 151d	213.3	t	5634xs	/static/images/5634xs.jpg		f		3	10	\N
2017	c/dist suzuki 106d x 25.4 alto 1.1	158.08	t	5637xs	/static/images/5637xs.jpg		f		3	10	\N
2018	c/dist mitsubishi 154d x 25.4 titron l200 pajero 2.5 di-d 4wd 2007+	172.58	t	5641xs	/static/images/5641xs.jpg		f		3	10	\N
2019	c/dist suzuki 133d x 26 cappuccino 0.7   133d	179.48	t	5642xs	/static/images/5642xs.jpg		f		3	10	\N
2020	c/dist jeep 171d x 25 cheroke 2.8 crd dodge nitro 2.8 crd 4wd 171d	482.52	t	5645xs	/static/images/5645xs.jpg		f		3	10	\N
2022	c/dist vw 160d x 30 golf vi 2.0 tdi	534.29	t	5648xs	/static/images/5648xs.jpg		f		3	10	\N
2023	c/dist vw 160d x 25 caddy iv 1.6 tdi	322.37	t	5649xs	/static/images/5649xs.jpg		f		3	10	\N
2024	c/dist opel 190d x 24 astra 1.9 cdti (04-10)	376.21	t	5650xs	/static/images/5650xs.jpg		f		3	10	\N
2025	c/dist alfa romeo 163dx24 145 1.2 ie alfa romeo 156 1.6 16v 163d	199.5	t	5653xs	/static/images/5653xs.jpg		f		3	10	\N
2026	c/dist pgt 141d x 25.4 partner 1.6 hdi ford focus fiesta 1.6 tdci 2008+	263.69	t	5656xs	/static/images/5656xs.jpg		f		3	10	\N
2027	c/dist pgt 139d x 25.4 p206 1.4 hdi ford fiesta 1.4 tdci	396.23	t	5657xs	/static/images/5657xs.jpg		f		3	10	\N
2028	c/dist ford 117d x 22 fiesta 1.6 focus mazda 2 (03-07)	215.37	t	5669xs	/static/images/5669xs.jpg		f		3	10	\N
2029	c/dist ren 132d x 27.4 clio iii 1.6 ess logan 1.6 ess 126d	260.24	t	5671xs	/static/images/5671xs.jpg		f		3	10	\N
2979	refregirant bmw e81-07-2012 e45-00-2005	420	t	11427508967	/static/images/11427508967.jpg		f		6	\N	\N
2040	c/striee  5pk0493	86.98	t	5pk0493	/static/images/gates.jpg		f		3	10	\N
2041	c/striee  5pk0580	63.51	t	5pk0580	/static/images/gates.jpg		f		3	10	\N
2042	c/striee  5pk0635	76.62	t	5pk0635	/static/images/gates.jpg		f		3	10	\N
2043	c/striee  5pk0655	66.27	t	5pk0655	/static/images/gates.jpg		f		3	10	\N
2044	c/striee  5pk0675	64.2	t	5pk0675	/static/images/gates.jpg		f		3	10	\N
2045	c/striee  5pk0690	60.06	t	5pk0690	/static/images/gates.jpg		f		3	10	\N
2046	c/striee  5pk0692sf	129.78	t	5pk0692sf	/static/images/gates.jpg		f		3	10	\N
2047	c/striee  5pk0700 pgt p405-bx td-ford escort-ford p/up	70.41	t	5pk0700	/static/images/gates.jpg		f		3	10	\N
2048	c/striee  5pk0708	73.86	t	5pk0708	/static/images/gates.jpg		f		3	10	\N
2049	c/striee  5pk0718	66.96	t	5pk0718	/static/images/gates.jpg		f		3	10	\N
2050	c/striee  5pk0725	75.93	t	5pk0725	/static/images/gates.jpg		f		3	10	\N
2051	c/striee  5pk0738	60.06	t	5pk0738	/static/images/gates.jpg		f		3	10	\N
2052	c/striee  5pk0778	81.46	t	5pk0778	/static/images/gates.jpg		f		3	10	\N
2053	c/striee  5pk0788	62.82	t	5pk0788	/static/images/gates.jpg		f		3	10	\N
2054	c/striee  5pk0803	71.1	t	5pk0803	/static/images/gates.jpg		f		3	10	\N
2055	c/striee  5pk0810	69.72	t	5pk0810	/static/images/gates.jpg		f		3	10	\N
2056	c/striee  5pk0820	63.51	t	5pk0820	/static/images/gates.jpg		f		3	10	\N
2057	c/striee  5pk0838 suzuki swift-vitara-bmw 3pk18d-5pk20d	64.89	t	5pk0838	/static/images/gates.jpg		f		3	10	\N
2058	c/striee  5pk0848 ren r19-9-11-21-sup5-clio1-safrane ess	70.41	t	5pk0848	/static/images/gates.jpg		f		3	10	\N
2059	c/striee  5pk0858	70.41	t	5pk0858	/static/images/gates.jpg		f		3	10	\N
2060	c/striee  5pk0865	90.43	t	5pk0865	/static/images/gates.jpg		f		3	10	\N
2061	c/striee  5pk0870	64.2	t	5pk0870	/static/images/gates.jpg		f		3	10	\N
2062	c/striee  5pk0880	93.19	t	5pk0880	/static/images/gates.jpg		f		3	10	\N
2063	c/striee  5pk0885 ren r9-11-sup5-exp1-2 1pk6d-p306-xsara ess	60.06	t	5pk0885	/static/images/gates.jpg		f		3	10	\N
2064	c/striee  5pk0890	70.41	t	5pk0890	/static/images/gates.jpg		f		3	10	\N
2065	c/striee  5pk0903 toy corolla-lancer-alto-celerio-swift ess	78	t	5pk0903	/static/images/gates.jpg		f		3	10	\N
2066	c/striee  5pk0908	113.9	t	5pk0908	/static/images/gates.jpg		f		3	10	\N
2067	c/striee  5pk0918	85.6	t	5pk0918	/static/images/gates.jpg		f		3	10	\N
2068	c/striee  5pk0923	82.15	t	5pk0923	/static/images/gates.jpg		f		3	10	\N
2069	c/striee  5pk0925	70.41	t	5pk0925	/static/images/gates.jpg		f		3	10	\N
2070	c/striee  5pk0940	93.88	t	5pk0940	/static/images/gates.jpg		f		3	10	\N
2071	c/striee  5pk0948	73.86	t	5pk0948	/static/images/gates.jpg		f		3	10	\N
2072	c/striee  5pk0963 pgt p106-xsara-ax-saxo-tipo-ducato	120.8	t	5pk0963	/static/images/gates.jpg		f		3	10	\N
2073	c/striee  5pk0970 pgt p405-p206-focus	82.84	t	5pk0970	/static/images/gates.jpg		f		3	10	\N
2074	c/striee  5pk0978	60.75	t	5pk0978	/static/images/gates.jpg		f		3	10	\N
2075	c/striee  5pk0985	101.47	t	5pk0985	/static/images/gates.jpg		f		3	10	\N
2076	c/striee  5pk0998	64.89	t	5pk0998	/static/images/gates.jpg		f		3	10	\N
2077	c/striee  5pk1013 ford p/up-escort-fiesta 1pk8d	80.07	t	5pk1013	/static/images/gates.jpg		f		3	10	\N
2078	c/striee  5pk1023	84.91	t	5pk1023	/static/images/gates.jpg		f		3	10	\N
2079	c/striee  5pk1030	79.38	t	5pk1030	/static/images/gates.jpg		f		3	10	\N
2080	c/striee  5pk1040	64.89	t	5pk1040	/static/images/gates.jpg		f		3	10	\N
2081	c/striee  5pk1053	66.96	t	5pk1053	/static/images/gates.jpg		f		3	10	\N
2082	c/striee  5pk1063	71.79	t	5pk1063	/static/images/gates.jpg		f		3	10	\N
2083	c/striee  5pk1073	100.09	t	5pk1073	/static/images/gates.jpg		f		3	10	\N
2084	c/striee  5pk1083	88.36	t	5pk1083	/static/images/gates.jpg		f		3	10	\N
2085	c/striee  5pk1095	80.07	t	5pk1095	/static/images/gates.jpg		f		3	10	\N
2086	c/striee  5pk1103	67.65	t	5pk1103	/static/images/gates.jpg		f		3	10	\N
2087	c/striee  5pk1113 ren logan-sandero-clio2-megane ess	78	t	5pk1113	/static/images/gates.jpg		f		3	10	\N
2088	c/striee  5pk1123 ren rnt laguna1-2-trafic2-esp3-master2-corolla-lancer	91.81	t	5pk1123	/static/images/gates.jpg		f		3	10	\N
2089	c/striee  5pk1133 ren logan-sandero-clio2-kangoo 1pk5dci	90.43	t	5pk1133	/static/images/gates.jpg		f		3	10	\N
2031	c/dist ren 119d x 27 kangoo 1.5 dci  nissan qashqai nv400 mercedes citan cdi 1.5	242.3	t	5675xs	/static/images/5675xs.jpg		f		3	10	\N
2032	c/dist vw 082d x 24 touareg 3.0 v6 tdi (04-10)	182.93	t	5676xs	/static/images/5676xs.jpg		f		3	10	\N
2033	c/dist land rover 082d x 20 ranger rover sport 2.7 d 82d	126.32	t	5677xs	/static/images/5677xs.jpg		f		3	10	\N
2034	c/dist vw 145d x 25 golf vi/vii 2.0 tdi	384.5	t	5678xs	/static/images/5678xs.jpg		f		3	10	\N
2035	c/dist vw 163d x 20 golf vii 1.0 tsi	176.72	t	5680xs	/static/images/5680xs.jpg		f		3	10	\N
2036	c/dist vw 081d x 10 golf vi 1.2 tsi	62.13	t	5682xs	/static/images/5682xs.jpg		f		3	10	\N
2037	c/dist volvo 155d x 28 s60 2.0 d2 2013+	310.64	t	5686xs	/static/images/5686xs.jpg		f		3	10	\N
2038	c/dist pgt 141d x 20 partner 1.6 bleuhdi	213.99	t	5688xs	/static/images/5688xs.jpg		f		3	10	\N
2039	c/dist hyundai  142d x 25 tucson optima 142d	394.16	t	5696xs	/static/images/5696xs.jpg		f		3	10	\N
2090	c/striee  5pk1140 ren logan-sandero-clio2-kangoo 1pk5dci	73.17	t	5pk1140	/static/images/gates.jpg		f		3	10	\N
2091	c/striee  5pk1148	114.59	t	5pk1148	/static/images/gates.jpg		f		3	10	\N
2092	c/striee  5pk1153	84.22	t	5pk1153	/static/images/gates.jpg		f		3	10	\N
2093	c/striee  5pk1163	72.48	t	5pk1163	/static/images/gates.jpg		f		3	10	\N
2094	c/striee  5pk1173	71.79	t	5pk1173	/static/images/gates.jpg		f		3	10	\N
2095	c/striee  5pk1193	62.82	t	5pk1193	/static/images/gates.jpg		f		3	10	\N
2096	c/striee  5pk1200 ren logan-clio2-kangoo-1pk5dci-master 2pk5td	90.43	t	5pk1200	/static/images/gates.jpg		f		3	10	\N
2097	c/striee  5pk1210	69.72	t	5pk1210	/static/images/gates.jpg		f		3	10	\N
2098	c/striee  5pk1215	135.99	t	5pk1215	/static/images/gates.jpg		f		3	10	\N
2099	c/striee  5pk1220 pgt p405td-bx-306 ess-opel astra-corsa-polo	102.85	t	5pk1220	/static/images/gates.jpg		f		3	10	\N
2100	c/striee  5pk1230	78.69	t	5pk1230	/static/images/gates.jpg		f		3	10	\N
2101	c/striee  5pk1240xs	118.04	t	5pk1240xs	/static/images/gates.jpg		f		3	10	\N
2102	c/striee  5pk1243	76.62	t	5pk1243	/static/images/gates.jpg		f		3	10	\N
2103	c/striee  5pk1250	74.55	t	5pk1250	/static/images/gates.jpg		f		3	10	\N
2104	c/striee  5pk1255	98.02	t	5pk1255	/static/images/gates.jpg		f		3	10	\N
2105	c/striee  5pk1260	93.19	t	5pk1260	/static/images/gates.jpg		f		3	10	\N
2106	c/striee  5pk1270	80.77	t	5pk1270	/static/images/gates.jpg		f		3	10	\N
2107	c/striee  5pk1290	111.83	t	5pk1290	/static/images/gates.jpg		f		3	10	\N
2108	c/striee  5pk1303	81.46	t	5pk1303	/static/images/gates.jpg		f		3	10	\N
2109	c/striee  5pk1310	113.21	t	5pk1310	/static/images/gates.jpg		f		3	10	\N
2110	c/striee  5pk1330	113.9	t	5pk1330	/static/images/gates.jpg		f		3	10	\N
2111	c/striee  5pk1335	160.84	t	5pk1335	/static/images/gates.jpg		f		3	10	\N
2112	c/striee  5pk1343	118.73	t	5pk1343	/static/images/gates.jpg		f		3	10	\N
2113	c/striee  5pk1355	87.67	t	5pk1355	/static/images/gates.jpg		f		3	10	\N
2114	c/striee  5pk1368	157.39	t	5pk1368	/static/images/gates.jpg		f		3	10	\N
2115	c/striee  5pk1375	98.71	t	5pk1375	/static/images/gates.jpg		f		3	10	\N
2116	c/striee  5pk1390	91.81	t	5pk1390	/static/images/gates.jpg		f		3	10	\N
2117	c/striee  5pk1435	82.84	t	5pk1435	/static/images/gates.jpg		f		3	10	\N
2118	c/striee  5pk1453	100.78	t	5pk1453	/static/images/gates.jpg		f		3	10	\N
2119	c/striee  5pk1463	117.35	t	5pk1463	/static/images/gates.jpg		f		3	10	\N
2120	c/striee  5pk1495	99.4	t	5pk1495	/static/images/gates.jpg		f		3	10	\N
2121	c/striee  5pk1515	157.39	t	5pk1515	/static/images/gates.jpg		f		3	10	\N
2122	c/striee  5pk1545	93.88	t	5pk1545	/static/images/gates.jpg		f		3	10	\N
2123	c/striee  5pk1570	89.05	t	5pk1570	/static/images/gates.jpg		f		3	10	\N
2124	c/striee  5pk1590	97.33	t	5pk1590	/static/images/gates.jpg		f		3	10	\N
2125	c/striee  5pk1610	129.78	t	5pk1610	/static/images/gates.jpg		f		3	10	\N
2126	c/striee  5pk1645	86.29	t	5pk1645	/static/images/gates.jpg		f		3	10	\N
2127	c/striee  5pk1683	135.99	t	5pk1683	/static/images/gates.jpg		f		3	10	\N
2128	c/striee  5pk1715	88.36	t	5pk1715	/static/images/gates.jpg		f		3	10	\N
2129	c/striee  5pk1720	144.27	t	5pk1720	/static/images/gates.jpg		f		3	10	\N
2130	c/striee  5pk1745	120.8	t	5pk1745	/static/images/gates.jpg		f		3	10	\N
2131	c/striee  5pk1750 ren logan-sandero-clio2-megane1 ess	107.69	t	5pk1750	/static/images/gates.jpg		f		3	10	\N
2132	c/striee  5pk1770	104.24	t	5pk1770	/static/images/gates.jpg		f		3	10	\N
2133	c/striee  5pk1790	87.67	t	5pk1790	/static/images/gates.jpg		f		3	10	\N
2134	c/striee  5pk1800 ren megane-laguna-astra	148.41	t	5pk1800	/static/images/gates.jpg		f		3	10	\N
2135	c/striee  5pk1810	125.63	t	5pk1810	/static/images/gates.jpg		f		3	10	\N
2136	c/striee  5pk1815	113.9	t	5pk1815	/static/images/gates.jpg		f		3	10	\N
2137	c/striee  5pk1840	98.71	t	5pk1840	/static/images/gates.jpg		f		3	10	\N
2138	c/striee  5pk1850	108.38	t	5pk1850	/static/images/gates.jpg		f		3	10	\N
2139	c/striee  5pk1858	129.78	t	5pk1858	/static/images/gates.jpg		f		3	10	\N
2140	c/striee  5pk1885	162.22	t	5pk1885	/static/images/gates.jpg		f		3	10	\N
2141	c/striee  5pk2020	100.78	t	5pk2020	/static/images/gates.jpg		f		3	10	\N
2142	c/striee  5pk2030	118.73	t	5pk2030	/static/images/gates.jpg		f		3	10	\N
2143	c/striee  5pk2063	180.86	t	5pk2063	/static/images/gates.jpg		f		3	10	\N
2144	courroie dentee  10x0550	32.44	t	6202mc	/static/images/gates.jpg		f		3	10	\N
2145	courroie dentee  10x0600	46.25	t	6204mc	/static/images/gates.jpg		f		3	10	\N
2146	courroie dentee  10x0625	37.97	t	6205mc	/static/images/gates.jpg		f		3	10	\N
2147	courroie dentee  10x0650	31.06	t	6206mc	/static/images/gates.jpg		f		3	10	\N
2148	courroie dentee  10x0675	31.75	t	6207mc	/static/images/gates.jpg		f		3	10	\N
2149	courroie dentee  10x0700	35.21	t	6208mc	/static/images/gates.jpg		f		3	10	\N
2150	courroie dentee  10x0725	35.9	t	6209mc	/static/images/gates.jpg		f		3	10	\N
2151	courroie dentee  10x0750	39.35	t	6210mc	/static/images/gates.jpg		f		3	10	\N
2152	courroie dentee  10x0775	40.73	t	6211mc	/static/images/gates.jpg		f		3	10	\N
2155	courroie dentee  10x0850	45.56	t	6214mc	/static/images/gates.jpg		f		3	10	\N
2156	courroie dentee  10x0875	37.97	t	6215mc	/static/images/gates.jpg		f		3	10	\N
2157	courroie dentee  10x0900	35.9	t	6216mc	/static/images/gates.jpg		f		3	10	\N
2158	courroie dentee  10x0925	44.18	t	6217mc	/static/images/gates.jpg		f		3	10	\N
2159	courroie dentee  10x0950	43.49	t	6218mc	/static/images/gates.jpg		f		3	10	\N
2160	courroie dentee  10x0975	38.66	t	6219mc	/static/images/gates.jpg		f		3	10	\N
2161	courroie dentee  10x1000	40.04	t	6220mc	/static/images/gates.jpg		f		3	10	\N
2162	courroie dentee  10x1025	45.56	t	6221mc	/static/images/gates.jpg		f		3	10	\N
2163	courroie dentee  10x1050	51.08	t	6222mc	/static/images/gates.jpg		f		3	10	\N
2164	courroie dentee  10x1075	44.87	t	6223mc	/static/images/gates.jpg		f		3	10	\N
2165	courroie dentee  10x1100	44.18	t	6224mc	/static/images/gates.jpg		f		3	10	\N
2166	courroie dentee  10x1125	46.94	t	6225mc	/static/images/gates.jpg		f		3	10	\N
2167	courroie dentee  10x1150	46.25	t	6226mc	/static/images/gates.jpg		f		3	10	\N
2168	courroie dentee  10x1175	49.7	t	6227mc	/static/images/gates.jpg		f		3	10	\N
2169	courroie dentee  10x1200	57.99	t	6228mc	/static/images/gates.jpg		f		3	10	\N
2170	courroie dentee  10x1225	51.08	t	6229mc	/static/images/gates.jpg		f		3	10	\N
2171	courroie dentee  10x1250	57.99	t	6230mc	/static/images/gates.jpg		f		3	10	\N
2172	courroie dentee  10x1275	53.15	t	6231mc	/static/images/gates.jpg		f		3	10	\N
2173	courroie dentee  10x1300	61.44	t	6232mc	/static/images/gates.jpg		f		3	10	\N
2174	courroie dentee  10x1325	58.68	t	6233mc	/static/images/gates.jpg		f		3	10	\N
2175	courroie dentee  10x1350	49.7	t	6234mc	/static/images/gates.jpg		f		3	10	\N
2176	courroie dentee	70.41	t	6237esc	/static/images/gates.jpg		f		3	10	\N
2177	courroie dentee  10x1550	61.44	t	6242esc	/static/images/gates.jpg		f		3	10	\N
2178	courroie dentee  10x1575	56.6	t	6243esc	/static/images/gates.jpg		f		3	10	\N
2179	courroie dentee  10x1625	55.91	t	6245esc	/static/images/gates.jpg		f		3	10	\N
2180	courroie dentee  10x0732	36.59	t	6260mc	/static/images/gates.jpg		f		3	10	\N
2181	courroie dentee  10x0713	37.97	t	6261mc	/static/images/gates.jpg		f		3	10	\N
2182	courroie dentee  10x0813	37.28	t	6262mc	/static/images/gates.jpg		f		3	10	\N
2183	courroie dentee  10x0865	54.53	t	6263mc	/static/images/gates.jpg		f		3	10	\N
2184	courroie dentee  10x0888	49.01	t	6264mc	/static/images/gates.jpg		f		3	10	\N
2185	courroie dentee  10x0938	34.52	t	6265mc	/static/images/gates.jpg		f		3	10	\N
2186	courroie dentee  10x0960	45.56	t	6266mc	/static/images/gates.jpg		f		3	10	\N
2187	courroie dentee  10x0988	44.18	t	6267mc	/static/images/gates.jpg		f		3	10	\N
2188	courroie dentee  10x1113	46.25	t	6268mc	/static/images/gates.jpg		f		3	10	\N
2189	courroie dentee  10x1138	61.44	t	6269mc	/static/images/gates.jpg		f		3	10	\N
2190	courroie dentee  10x1213	57.29	t	6270mc	/static/images/gates.jpg		f		3	10	\N
2191	courroie dentee  10x0838	41.42	t	6271mc	/static/images/gates.jpg		f		3	10	\N
2192	courroie dentee  10x0913	39.35	t	6272mc	/static/images/gates.jpg		f		3	10	\N
2193	courroie dentee  10x0788	41.42	t	6273mc	/static/images/gates.jpg		f		3	10	\N
2194	courroie dentee  10x1013	42.11	t	6275mc	/static/images/gates.jpg		f		3	10	\N
2195	courroie dentee  10x0737	40.73	t	6276mc	/static/images/gates.jpg		f		3	10	\N
2196	courroie dentee  10x0666	35.21	t	6279mc	/static/images/gates.jpg		f		3	10	\N
2197	courroie dentee  10x0688	37.97	t	6280mc	/static/images/gates.jpg		f		3	10	\N
2198	courroie dentee  10x0613	31.75	t	6281mc	/static/images/gates.jpg		f		3	10	\N
2199	courroie dentee  10x1238	45.56	t	6282mc	/static/images/gates.jpg		f		3	10	\N
2200	courroie dentee  10x0638	37.28	t	6283mc	/static/images/gates.jpg		f		3	10	\N
2201	courroie dentee  10x1088	48.32	t	6284mc	/static/images/gates.jpg		f		3	10	\N
2202	courroie dentee  10x0763	35.21	t	6285mc	/static/images/gates.jpg		f		3	10	\N
2203	courroie dentee  10x1063	42.8	t	6287mc	/static/images/gates.jpg		f		3	10	\N
2204	courroie dentee  11x0528	43.49	t	6301mc	/static/images/gates.jpg		f		3	10	\N
2205	courroie dentee  11.5x0730	62.82	t	6309mc	/static/images/gates.jpg		f		3	10	\N
2206	courroie dentee  11.9x0950	77.31	t	6318mc	/static/images/gates.jpg		f		3	10	\N
2207	courroie dentee  11.5x0685	53.15	t	6380mc	/static/images/gates.jpg		f		3	10	\N
2208	courroie dentee  11.5x0755	53.84	t	6389mc	/static/images/gates.jpg		f		3	10	\N
2209	courroie dentee  11.5x0790	55.22	t	6390mc	/static/images/gates.jpg		f		3	10	\N
2210	courroie dentee  13x1145	76.62	t	6449mc	/static/images/gates.jpg		f		3	10	\N
2211	courroie dentee  13x0800	46.94	t	6462mc	/static/images/gates.jpg		f		3	10	\N
2212	courroie dentee  13x0825	47.63	t	6463mc	/static/images/gates.jpg		f		3	10	\N
2213	courroie dentee  13x0850	48.32	t	6464mc	/static/images/gates.jpg		f		3	10	\N
2214	courroie dentee  13x0875	60.06	t	6465mc	/static/images/gates.jpg		f		3	10	\N
2215	courroie dentee  13x0900	64.89	t	6466mc	/static/images/gates.jpg		f		3	10	\N
2216	courroie dentee  13x0925	63.51	t	6467mc	/static/images/gates.jpg		f		3	10	\N
2217	courroie dentee  13x0950	60.06	t	6468mc	/static/images/gates.jpg		f		3	10	\N
2218	courroie dentee  13x0975	55.22	t	6469mc	/static/images/gates.jpg		f		3	10	\N
2219	courroie dentee  13x1000	60.06	t	6470mc	/static/images/gates.jpg		f		3	10	\N
2220	courroie dentee  13x1025	60.06	t	6471mc	/static/images/gates.jpg		f		3	10	\N
2221	courroie dentee  13x1050	61.44	t	6472mc	/static/images/gates.jpg		f		3	10	\N
2222	courroie dentee  13x1125	73.86	t	6475exl	/static/images/gates.jpg		f		3	10	\N
2223	courroie dentee  13x1125	65.58	t	6475mc	/static/images/gates.jpg		f		3	10	\N
2224	courroie dentee  13x1150	69.72	t	6476mc	/static/images/gates.jpg		f		3	10	\N
2225	courroie dentee  13x1175	59.37	t	6477mc	/static/images/gates.jpg		f		3	10	\N
2226	courroie dentee  13x1200	69.72	t	6478mc	/static/images/gates.jpg		f		3	10	\N
2227	courroie dentee  13x1225	68.34	t	6479mc	/static/images/gates.jpg		f		3	10	\N
2228	courroie dentee  13x1250	78	t	6480mc	/static/images/gates.jpg		f		3	10	\N
2229	courroie dentee  13x1275	66.27	t	6481mc	/static/images/gates.jpg		f		3	10	\N
2230	courroie dentee  13x1300	89.05	t	6482mc	/static/images/gates.jpg		f		3	10	\N
2231	courroie dentee  13x1325	73.17	t	6483mc	/static/images/gates.jpg		f		3	10	\N
2232	courroie dentee  13x1350	79.38	t	6484mc	/static/images/gates.jpg		f		3	10	\N
2233	courroie dentee  13x1375	80.77	t	6485mc	/static/images/gates.jpg		f		3	10	\N
2234	courroie dentee  13x1425	108.38	t	6487mc	/static/images/gates.jpg		f		3	10	\N
2235	courroie dentee  13x1650	100.09	t	6496exl	/static/images/gates.jpg		f		3	10	\N
2236	courroie dentee  13x1700	114.59	t	6498exl	/static/images/gates.jpg		f		3	10	\N
2237	courroie dentee  13x1775	128.4	t	6501exl	/static/images/gates.jpg		f		3	10	\N
2238	courroie dentee  13x1013	73.86	t	6566exl	/static/images/gates.jpg		f		3	10	\N
2239	courroie dentee  17x1250	194.66	t	6727es	/static/images/gates.jpg		f		3	10	\N
2240	c/striee  6pkdpk1195 vw golf 4	176.03	t	6dpk1195	/static/images/gates.jpg		f		3	10	\N
2241	c/striee  6pk0700	83.53	t	6pk0700	/static/images/gates.jpg		f		3	10	\N
2242	c/striee  6pk0720	68.34	t	6pk0720	/static/images/gates.jpg		f		3	10	\N
2243	c/striee  6pk0730	75.93	t	6pk0730	/static/images/gates.jpg		f		3	10	\N
2244	c/striee  6pk0738	80.77	t	6pk0738	/static/images/gates.jpg		f		3	10	\N
2245	c/striee  6pk0745	71.79	t	6pk0745	/static/images/gates.jpg		f		3	10	\N
2246	c/striee  6pk0750	107	t	6pk0750	/static/images/gates.jpg		f		3	10	\N
2247	c/striee  6pk0760	63.51	t	6pk0760	/static/images/gates.jpg		f		3	10	\N
2248	c/striee  6pk0780	81.46	t	6pk0780	/static/images/gates.jpg		f		3	10	\N
2249	c/striee  6pk0780sf	159.46	t	6pk0780sf	/static/images/gates.jpg		f		3	10	\N
2250	c/striee  6pk0803	85.6	t	6pk0803	/static/images/gates.jpg		f		3	10	\N
2251	c/striee  6pk0815	104.93	t	6pk0815	/static/images/gates.jpg		f		3	10	\N
2252	c/striee  6pk0825	92.5	t	6pk0825	/static/images/gates.jpg		f		3	10	\N
2253	c/striee  6pk0843	78.69	t	6pk0843	/static/images/gates.jpg		f		3	10	\N
2254	c/striee  6pk0853	89.74	t	6pk0853	/static/images/gates.jpg		f		3	10	\N
2255	c/striee  6pk0860	73.17	t	6pk0860	/static/images/gates.jpg		f		3	10	\N
2256	c/striee  6pk0870 ren r19-21 1pk9d-p307-jumper-boxer hdi	82.84	t	6pk0870	/static/images/gates.jpg		f		3	10	\N
2257	c/striee  6pk0883 ren r19-exp-clio2 1pk9d	120.8	t	6pk0883	/static/images/gates.jpg		f		3	10	\N
2258	c/striee  6pk0893	92.5	t	6pk0893	/static/images/gates.jpg		f		3	10	\N
2259	c/striee  6pk0900 ren r19-exp-clio1-2-gojf5-6-corsa-astra	89.74	t	6pk0900	/static/images/gates.jpg		f		3	10	\N
2260	c/striee  6pk0905	75.93	t	6pk0905	/static/images/gates.jpg		f		3	10	\N
2261	c/striee  6pk0913 pgt jumper-ducato-boxer 2pk5tdi	74.55	t	6pk0913	/static/images/gates.jpg		f		3	10	\N
2262	c/striee  6pk0923 vw golf3 1pk9d-polo-ibiza-passat-caddy tdi	91.81	t	6pk0923	/static/images/gates.jpg		f		3	10	\N
2263	c/striee  6pk0925xs	71.79	t	6pk0925xs	/static/images/gates.jpg		f		3	10	\N
2264	c/striee  6pk0938	128.4	t	6pk0938	/static/images/gates.jpg		f		3	10	\N
2265	c/striee  6pk0948	84.91	t	6pk0948	/static/images/gates.jpg		f		3	10	\N
2266	c/striee  6pk0963	141.51	t	6pk0963	/static/images/gates.jpg		f		3	10	\N
2267	c/striee  6pk0965	91.81	t	6pk0965	/static/images/gates.jpg		f		3	10	\N
2268	c/striee  6pk0970	112.52	t	6pk0970	/static/images/gates.jpg		f		3	10	\N
2269	c/striee  6pk0975 pgt p206-307-c2-3-4 hdi-golf3-4-passat-focus tdci	100.09	t	6pk0975	/static/images/gates.jpg		f		3	10	\N
2270	c/striee  6pk0985 fiat palio-punto 1pk7td-ibiza-polo tdi-boxer-ducato	83.53	t	6pk0985	/static/images/gates.jpg		f		3	10	\N
2271	c/striee  6pk0995	91.81	t	6pk0995	/static/images/gates.jpg		f		3	10	\N
2272	c/striee  6pk1000	92.5	t	6pk1000	/static/images/gates.jpg		f		3	10	\N
2273	c/striee  6pk1010 m190-250-m207-310-boxer-jumper 2pk5td	72.48	t	6pk1010	/static/images/gates.jpg		f		3	10	\N
2274	c/striee  6pk1018 m190-250-m207-310-boxer-jumper 2pk5td	93.19	t	6pk1018	/static/images/gates.jpg		f		3	10	\N
2275	c/striee  6pk1019sf	110.45	t	6pk1019sf	/static/images/gates.jpg		f		3	10	\N
2276	c/striee  6pk1020emd	127.71	t	6pk1020emd	/static/images/gates.jpg		f		3	10	\N
2277	c/striee  6pk1028	129.78	t	6pk1028	/static/images/gates.jpg		f		3	10	\N
2278	c/striee  6pk1033	78	t	6pk1033	/static/images/gates.jpg		f		3	10	\N
2279	c/striee  6pk1038 pgt p306-307-ibiza-jumpy-xsara 1pk9d	89.74	t	6pk1038	/static/images/gates.jpg		f		3	10	\N
2280	c/striee  6pk1043	141.51	t	6pk1043	/static/images/gates.jpg		f		3	10	\N
2281	c/striee  6pk1053 vw golf 4-5-leon2 tdi-c2-3-4 ess-astra-vectra 1pk9cdti	93.19	t	6pk1053	/static/images/gates.jpg		f		3	10	\N
2282	c/striee  6pk1060	76.62	t	6pk1060	/static/images/gates.jpg		f		3	10	\N
2283	c/striee  6pk1070	75.24	t	6pk1070	/static/images/gates.jpg		f		3	10	\N
2284	c/striee  6pk1073 pgt p306-xsara-golf4-5-bora-ibiza ess	106.31	t	6pk1073	/static/images/gates.jpg		f		3	10	\N
2285	c/striee  6pk1078 pgt p306-406-golf4-5-a4-polo-ibiza ess	68.34	t	6pk1078	/static/images/gates.jpg		f		3	10	\N
2286	c/striee  6pk1088	75.93	t	6pk1088	/static/images/gates.jpg		f		3	10	\N
2287	c/striee  6pk1090sf	88.36	t	6pk1090sf	/static/images/gates.jpg		f		3	10	\N
2288	c/striee  6pk1093	85.6	t	6pk1093	/static/images/gates.jpg		f		3	10	\N
2289	c/striee  6pk1098 pgt p306-clio1-megane1-ibiza2-leon2 ess	75.93	t	6pk1098	/static/images/gates.jpg		f		3	10	\N
2290	c/striee  6pk1103	134.61	t	6pk1103	/static/images/gates.jpg		f		3	10	\N
2291	c/striee  6pk1113 pgt p306-406 d-a3-golf5-jetta3	120.11	t	6pk1113	/static/images/gates.jpg		f		3	10	\N
2292	c/striee  6pk1123 pgt p307-clio2-laguna1-megane1-a3-4-c4 ess	101.47	t	6pk1123	/static/images/gates.jpg		f		3	10	\N
2293	c/striee  6pk1130 ren logan-kangoo-clio2-megane2- 1pk5dci-p306 1pk9d	78.69	t	6pk1130	/static/images/gates.jpg		f		3	10	\N
2294	c/striee  6pk1138	84.91	t	6pk1138	/static/images/gates.jpg		f		3	10	\N
2295	c/striee  6pk1148 pgt p306-307-boxer 1pk9d-trafi2-ibiza2-golf4	100.78	t	6pk1148	/static/images/gates.jpg		f		3	10	\N
2296	c/striee  6pk1153 pgt p306-307-boxer 1pk9d-trafi2-ibiza2-golf4	125.63	t	6pk1153	/static/images/gates.jpg		f		3	10	\N
2297	c/striee  6pk1163 ren r19-21d-clio1-p306-406-boxer-jumper hdi	73.86	t	6pk1163	/static/images/gates.jpg		f		3	10	\N
2298	c/striee  6pk1173 ren r19-p306-boxer hdi-punto-a6-ibiza3-polo7 tdi	134.61	t	6pk1173	/static/images/gates.jpg		f		3	10	\N
2299	c/striee 6pk1175 dacia duster +2010 logane ii +2012 ii	115.97	t	6pk1175	/static/images/gates.jpg		f		3	10	\N
2300	c/striee  6pk1183 pgt boxer ducato	80.07	t	6pk1183	/static/images/gates.jpg		f		3	10	\N
2301	c/striee  6pk1190	80.07	t	6pk1190	/static/images/gates.jpg		f		3	10	\N
2302	c/striee  6pk1193xs	178.79	t	6pk1193xs	/static/images/gates.jpg		f		3	10	\N
2303	c/striee  6pk1195 golf vi	88.36	t	6pk1195	/static/images/gates.jpg		f		3	10	\N
2304	c/striee  6pk1198	95.26	t	6pk1198	/static/images/gates.jpg		f		3	10	\N
2305	c/striee  6pk1203 ren logan-sandero-clio-kangoo-megane 1pk5dci	95.95	t	6pk1203	/static/images/gates.jpg		f		3	10	\N
2306	c/striee  6pk1208	134.61	t	6pk1208	/static/images/gates.jpg		f		3	10	\N
2307	c/striee  6pk1210	86.98	t	6pk1210	/static/images/gates.jpg		f		3	10	\N
2308	c/striee  6pk1218	85.6	t	6pk1218	/static/images/gates.jpg		f		3	10	\N
2309	c/striee  6pk1225	113.9	t	6pk1225	/static/images/gates.jpg		f		3	10	\N
2310	c/striee  6pk1228	91.81	t	6pk1228	/static/images/gates.jpg		f		3	10	\N
2311	c/striee  6pk1238	67.65	t	6pk1238	/static/images/gates.jpg		f		3	10	\N
2312	c/striee  6pk1245	156.7	t	6pk1245	/static/images/gates.jpg		f		3	10	\N
2313	c/striee  6pk1250	81.46	t	6pk1250	/static/images/gates.jpg		f		3	10	\N
2314	c/striee  6pk1255	104.24	t	6pk1255	/static/images/gates.jpg		f		3	10	\N
2315	c/striee  6pk1263	85.6	t	6pk1263	/static/images/gates.jpg		f		3	10	\N
2316	c/striee  6pk1270	88.36	t	6pk1270	/static/images/gates.jpg		f		3	10	\N
2317	c/striee  6pk1275	82.84	t	6pk1275	/static/images/gates.jpg		f		3	10	\N
2318	c/striee  6pk1285	124.25	t	6pk1285	/static/images/gates.jpg		f		3	10	\N
2319	c/striee  6pk1290	120.11	t	6pk1290	/static/images/gates.jpg		f		3	10	\N
2320	c/striee  6pk1305	128.4	t	6pk1305	/static/images/gates.jpg		f		3	10	\N
2321	c/striee  6pk1310	152.56	t	6pk1310	/static/images/gates.jpg		f		3	10	\N
2322	c/striee  6pk1328	127.02	t	6pk1328	/static/images/gates.jpg		f		3	10	\N
2323	c/striee  6pk1340	115.97	t	6pk1340	/static/images/gates.jpg		f		3	10	\N
2324	c/striee  6pk1345xs	86.98	t	6pk1345xs	/static/images/gates.jpg		f		3	10	\N
2325	c/striee  6pk1353	86.98	t	6pk1353	/static/images/gates.jpg		f		3	10	\N
2326	c/striee  6pk1360	120.8	t	6pk1360	/static/images/gates.jpg		f		3	10	\N
2327	c/striee  6pk1368	120.11	t	6pk1368	/static/images/gates.jpg		f		3	10	\N
2328	c/striee  6pk1375	91.12	t	6pk1375	/static/images/gates.jpg		f		3	10	\N
2329	c/striee  6pk1390	120.8	t	6pk1390	/static/images/gates.jpg		f		3	10	\N
2330	c/striee  6pk1395	83.53	t	6pk1395	/static/images/gates.jpg		f		3	10	\N
2331	c/striee  6pk1400 ren kangoo-clio2 1pk9d65-i30-accent crdi	92.5	t	6pk1400	/static/images/gates.jpg		f		3	10	\N
2332	c/striee  6pk1413	127.71	t	6pk1413	/static/images/gates.jpg		f		3	10	\N
2333	c/striee  6pk1420	95.26	t	6pk1420	/static/images/gates.jpg		f		3	10	\N
2334	c/striee  6pk1428	138.06	t	6pk1428	/static/images/gates.jpg		f		3	10	\N
2335	c/striee  6pk1438 pgt part-berl-p206-306-xsara 1pk9d	93.19	t	6pk1438	/static/images/gates.jpg		f		3	10	\N
2336	c/striee  6pk1445	89.05	t	6pk1445	/static/images/gates.jpg		f		3	10	\N
2337	c/striee  6pk1453	147.72	t	6pk1453	/static/images/gates.jpg		f		3	10	\N
2338	c/striee  6pk1460 ren r19-21-astra-corsa-vectra ess	115.97	t	6pk1460	/static/images/gates.jpg		f		3	10	\N
2339	c/striee  6pk1463 ren r19-21-astra-corsa-vectra ess	112.52	t	6pk1463	/static/images/gates.jpg		f		3	10	\N
2340	c/striee  6pk1470 pgt p206-306-406-xsara-c5-boxer-jumpy hdi	132.54	t	6pk1470	/static/images/gates.jpg		f		3	10	\N
2341	c/striee  6pk1488	123.56	t	6pk1488	/static/images/gates.jpg		f		3	10	\N
2342	c/striee  6pk1495	135.3	t	6pk1495	/static/images/gates.jpg		f		3	10	\N
2343	c/striee  6pk1503	107.69	t	6pk1503	/static/images/gates.jpg		f		3	10	\N
2344	c/striee  6pk1513	138.06	t	6pk1513	/static/images/gates.jpg		f		3	10	\N
2345	c/striee  6pk1515 hy elantra-santafe-tucson-carens-cerato-sportage	118.73	t	6pk1515	/static/images/gates.jpg		f		3	10	\N
2346	c/striee  6pk1520	123.56	t	6pk1520	/static/images/gates.jpg		f		3	10	\N
2347	c/striee  6pk1530	93.88	t	6pk1530	/static/images/gates.jpg		f		3	10	\N
2348	c/striee  6pk1540	142.2	t	6pk1540	/static/images/gates.jpg		f		3	10	\N
2349	c/striee  6pk1548 ren r19td-golf4-bora-focus-bmw-x5	149.8	t	6pk1548	/static/images/gates.jpg		f		3	10	\N
2350	c/striee  6pk1555	157.39	t	6pk1555	/static/images/gates.jpg		f		3	10	\N
2351	c/striee  6pk1560	121.49	t	6pk1560	/static/images/gates.jpg		f		3	10	\N
2352	c/striee  6pk1565	93.88	t	6pk1565	/static/images/gates.jpg		f		3	10	\N
2353	c/striee  6pk1573	165.67	t	6pk1573	/static/images/gates.jpg		f		3	10	\N
2354	c/striee  6pk1583	127.71	t	6pk1583	/static/images/gates.jpg		f		3	10	\N
2355	c/striee  6pk1590	95.26	t	6pk1590	/static/images/gates.jpg		f		3	10	\N
2356	c/striee  6pk1595	145.65	t	6pk1595	/static/images/gates.jpg		f		3	10	\N
2357	c/striee  6pk1600	142.89	t	6pk1600	/static/images/gates.jpg		f		3	10	\N
2358	c/striee  6pk1605	138.75	t	6pk1605	/static/images/gates.jpg		f		3	10	\N
2359	c/striee  6pk1613	146.34	t	6pk1613	/static/images/gates.jpg		f		3	10	\N
2360	c/striee  6pk1620xs	104.24	t	6pk1620xs	/static/images/gates.jpg		f		3	10	\N
2361	c/striee  6pk1623	154.63	t	6pk1623	/static/images/gates.jpg		f		3	10	\N
2362	c/striee  6pk1633	158.08	t	6pk1633	/static/images/gates.jpg		f		3	10	\N
2363	c/striee  6pk1640	102.16	t	6pk1640	/static/images/gates.jpg		f		3	10	\N
2364	c/striee  6pk1655 ren laguna-megane 2pk0 i	138.75	t	6pk1655	/static/images/gates.jpg		f		3	10	\N
2365	c/striee  6pk1660	131.16	t	6pk1660	/static/images/gates.jpg		f		3	10	\N
2366	c/striee  6pk1670	156.7	t	6pk1670	/static/images/gates.jpg		f		3	10	\N
2367	c/striee  6pk1678	119.42	t	6pk1678	/static/images/gates.jpg		f		3	10	\N
2368	c/striee  6pk1685 ren r19-21 ess-fiesta-mondeo tdci-bmw	104.93	t	6pk1685	/static/images/gates.jpg		f		3	10	\N
2369	c/striee  6pk1693	149.8	t	6pk1693	/static/images/gates.jpg		f		3	10	\N
2370	c/striee  6pk1700 pgt p206-306-307-405 1pk9td-c5-golf6 2pk0i	118.04	t	6pk1700	/static/images/gates.jpg		f		3	10	\N
2371	c/striee  6pk1708	124.25	t	6pk1708	/static/images/gates.jpg		f		3	10	\N
2372	c/striee  6pk1718	130.47	t	6pk1718	/static/images/gates.jpg		f		3	10	\N
2373	c/striee  6pk1725	131.16	t	6pk1725	/static/images/gates.jpg		f		3	10	\N
2374	c/striee  6pk1735 vw golf5-c5-xsara-a3-4-6-bmw	135.3	t	6pk1735	/static/images/gates.jpg		f		3	10	\N
2375	c/striee  6pk1740 pgt part-p406-berl-xsara-c5 2,0 hdi	123.56	t	6pk1740	/static/images/gates.jpg		f		3	10	\N
2376	c/striee  6pk1745	111.14	t	6pk1745	/static/images/gates.jpg		f		3	10	\N
2377	c/striee  6pk1750	192.59	t	6pk1750	/static/images/gates.jpg		f		3	10	\N
2378	c/striee  6pk1753	118.04	t	6pk1753	/static/images/gates.jpg		f		3	10	\N
2379	c/striee  6pk1763	111.14	t	6pk1763	/static/images/gates.jpg		f		3	10	\N
2380	c/striee  6pk1768	168.43	t	6pk1768	/static/images/gates.jpg		f		3	10	\N
2381	c/striee  6pk1778	111.83	t	6pk1778	/static/images/gates.jpg		f		3	10	\N
2382	c/striee  6pk1780	120.8	t	6pk1780	/static/images/gates.jpg		f		3	10	\N
2383	c/striee  6pk1795	180.17	t	6pk1795	/static/images/gates.jpg		f		3	10	\N
2384	c/striee  6pk1803	123.56	t	6pk1803	/static/images/gates.jpg		f		3	10	\N
2385	c/striee  6pk1818	120.8	t	6pk1818	/static/images/gates.jpg		f		3	10	\N
2386	c/striee  6pk1830xs	112.52	t	6pk1830xs	/static/images/gates.jpg		f		3	10	\N
2387	c/striee  6pk1835	121.49	t	6pk1835	/static/images/gates.jpg		f		3	10	\N
2388	c/striee  6pk1840	146.34	t	6pk1840	/static/images/gates.jpg		f		3	10	\N
2389	c/striee  6pk1845	183.62	t	6pk1845	/static/images/gates.jpg		f		3	10	\N
2390	c/striee  6pk1845xs	162.91	t	6pk1845xs	/static/images/gates.jpg		f		3	10	\N
2391	c/striee  6pk1853	123.56	t	6pk1853	/static/images/gates.jpg		f		3	10	\N
2392	c/striee  6pk1863	131.16	t	6pk1863	/static/images/gates.jpg		f		3	10	\N
2393	c/striee  6pk1873	133.92	t	6pk1873	/static/images/gates.jpg		f		3	10	\N
2394	c/striee  6pk1873xs	236.77	t	6pk1873xs	/static/images/gates.jpg		f		3	10	\N
2395	c/striee  6pk1880	124.94	t	6pk1880	/static/images/gates.jpg		f		3	10	\N
2396	c/striee  6pk1888	169.81	t	6pk1888	/static/images/gates.jpg		f		3	10	\N
2397	c/striee  6pk1893	129.78	t	6pk1893	/static/images/gates.jpg		f		3	10	\N
2398	c/striee  6pk1903	119.42	t	6pk1903	/static/images/gates.jpg		f		3	10	\N
2399	c/striee  6pk1910	142.2	t	6pk1910	/static/images/gates.jpg		f		3	10	\N
2400	c/striee  6pk1920	126.32	t	6pk1920	/static/images/gates.jpg		f		3	10	\N
2401	c/striee  6pk1928	128.4	t	6pk1928	/static/images/gates.jpg		f		3	10	\N
2402	c/striee  6pk1938	143.58	t	6pk1938	/static/images/gates.jpg		f		3	10	\N
2403	c/striee  6pk1950	129.78	t	6pk1950	/static/images/gates.jpg		f		3	10	\N
2404	c/striee  6pk1955	146.34	t	6pk1955	/static/images/gates.jpg		f		3	10	\N
2405	c/striee  6pk1965	141.51	t	6pk1965	/static/images/gates.jpg		f		3	10	\N
2406	c/striee  6pk1973	111.83	t	6pk1973	/static/images/gates.jpg		f		3	10	\N
2407	c/striee  6pk1980	127.71	t	6pk1980	/static/images/gates.jpg		f		3	10	\N
2408	c/striee  6pk1985	211.92	t	6pk1985	/static/images/gates.jpg		f		3	10	\N
2409	c/striee  6pk1986emd	537.05	t	6pk1986emd	/static/images/gates.jpg		f		3	10	\N
2410	c/striee  6pk1990	121.49	t	6pk1990	/static/images/gates.jpg		f		3	10	\N
2411	c/striee  6pk2000 m207-210-307-310-sprinter	144.96	t	6pk2000	/static/images/gates.jpg		f		3	10	\N
2412	c/striee  6pk2005	229.18	t	6pk2005	/static/images/gates.jpg		f		3	10	\N
2413	c/striee  6pk2013	113.9	t	6pk2013	/static/images/gates.jpg		f		3	10	\N
2414	c/striee  6pk2020	167.74	t	6pk2020	/static/images/gates.jpg		f		3	10	\N
2415	c/striee  6pk2033 m190-250 2pk5d-m207-310-vito-sprinter-classec	160.84	t	6pk2033	/static/images/gates.jpg		f		3	10	\N
2416	c/striee  6pk2040	155.32	t	6pk2040	/static/images/gates.jpg		f		3	10	\N
2417	c/striee  6pk2053 m190 2pk0d-m207-310-classec	164.29	t	6pk2053	/static/images/gates.jpg		f		3	10	\N
2418	c/striee  6pk2063	198.12	t	6pk2063	/static/images/gates.jpg		f		3	10	\N
2419	c/striee  6pk2075	128.4	t	6pk2075	/static/images/gates.jpg		f		3	10	\N
2420	c/striee  6pk2083 m207-310-sprinter-vito-classe c	164.29	t	6pk2083	/static/images/gates.jpg		f		3	10	\N
2421	c/striee  6pk2090	115.97	t	6pk2090	/static/images/gates.jpg		f		3	10	\N
2422	c/striee  6pk2100 m190 2pk5td-m207-310-sprinter-classec-e	175.34	t	6pk2100	/static/images/gates.jpg		f		3	10	\N
2423	c/striee  6pk2120	156.01	t	6pk2120	/static/images/gates.jpg		f		3	10	\N
2424	c/striee  6pk2138	122.87	t	6pk2138	/static/images/gates.jpg		f		3	10	\N
2425	c/striee  6pk2143	180.86	t	6pk2143	/static/images/gates.jpg		f		3	10	\N
2426	c/striee  6pk2145	142.89	t	6pk2145	/static/images/gates.jpg		f		3	10	\N
2427	c/striee  6pk2153	145.65	t	6pk2153	/static/images/gates.jpg		f		3	10	\N
2428	c/striee  6pk2160	144.27	t	6pk2160	/static/images/gates.jpg		f		3	10	\N
2429	c/striee  6pk2175	179.48	t	6pk2175	/static/images/gates.jpg		f		3	10	\N
2430	c/striee  6pk2193	180.17	t	6pk2193	/static/images/gates.jpg		f		3	10	\N
2431	c/striee  6pk2198	168.43	t	6pk2198	/static/images/gates.jpg		f		3	10	\N
2432	c/striee  6pk2203	145.65	t	6pk2203	/static/images/gates.jpg		f		3	10	\N
2433	c/striee  6pk2213	202.26	t	6pk2213	/static/images/gates.jpg		f		3	10	\N
2434	c/striee  6pk2223	121.49	t	6pk2223	/static/images/gates.jpg		f		3	10	\N
2435	c/striee  6pk2228	173.96	t	6pk2228	/static/images/gates.jpg		f		3	10	\N
2436	c/striee  6pk2238	151.18	t	6pk2238	/static/images/gates.jpg		f		3	10	\N
2437	c/striee  6pk2245	171.19	t	6pk2245	/static/images/gates.jpg		f		3	10	\N
2438	c/striee  6pk2253	126.32	t	6pk2253	/static/images/gates.jpg		f		3	10	\N
2439	c/striee  6pk2260	158.08	t	6pk2260	/static/images/gates.jpg		f		3	10	\N
2440	c/striee  6pk2270	151.18	t	6pk2270	/static/images/gates.jpg		f		3	10	\N
2441	c/striee  6pk2285	195.35	t	6pk2285	/static/images/gates.jpg		f		3	10	\N
2442	c/striee  6pk2305	196.05	t	6pk2305	/static/images/gates.jpg		f		3	10	\N
2443	c/striee  6pk2315	132.54	t	6pk2315	/static/images/gates.jpg		f		3	10	\N
2444	c/striee  6pk2330	105.62	t	6pk2330	/static/images/gates.jpg		f		3	10	\N
2445	c/striee  6pk2345	169.12	t	6pk2345	/static/images/gates.jpg		f		3	10	\N
2446	c/striee  6pk2358	200.88	t	6pk2358	/static/images/gates.jpg		f		3	10	\N
2447	c/striee  6pk2373	152.56	t	6pk2373	/static/images/gates.jpg		f		3	10	\N
2448	c/striee  6pk2380	158.77	t	6pk2380	/static/images/gates.jpg		f		3	10	\N
2449	c/striee  6pk2390	242.3	t	6pk2390	/static/images/gates.jpg		f		3	10	\N
2450	c/striee  6pk2403	138.75	t	6pk2403	/static/images/gates.jpg		f		3	10	\N
2451	c/striee  6pk2413	125.63	t	6pk2413	/static/images/gates.jpg		f		3	10	\N
2452	c/striee  6pk2425	151.18	t	6pk2425	/static/images/gates.jpg		f		3	10	\N
2453	c/striee  6pk2425es	167.05	t	6pk2425es	/static/images/gates.jpg		f		3	10	\N
2454	c/striee  6pk2448	185.69	t	6pk2448	/static/images/gates.jpg		f		3	10	\N
2455	c/striee  6pk2460	133.92	t	6pk2460	/static/images/gates.jpg		f		3	10	\N
2456	c/striee  6pk2465	130.47	t	6pk2465	/static/images/gates.jpg		f		3	10	\N
2457	c/striee  6pk2478	106.31	t	6pk2478	/static/images/gates.jpg		f		3	10	\N
2458	c/striee  6pk2490	231.25	t	6pk2490	/static/images/gates.jpg		f		3	10	\N
2459	c/striee  6pk2500	225.04	t	6pk2500	/static/images/gates.jpg		f		3	10	\N
2460	c/striee  6pk2513	160.15	t	6pk2513	/static/images/gates.jpg		f		3	10	\N
2461	c/striee  6pk2520	351.36	t	6pk2520	/static/images/gates.jpg		f		3	10	\N
2462	c/striee  6pk2535	135.3	t	6pk2535	/static/images/gates.jpg		f		3	10	\N
2463	c/striee  6pk2550	198.12	t	6pk2550	/static/images/gates.jpg		f		3	10	\N
2464	c/striee  6pk2585	185.69	t	6pk2585	/static/images/gates.jpg		f		3	10	\N
2465	c/striee  6pk2603	229.87	t	6pk2603	/static/images/gates.jpg		f		3	10	\N
2466	c/striee  6pk2613	125.63	t	6pk2613	/static/images/gates.jpg		f		3	10	\N
2467	c/striee  6pk2625	138.06	t	6pk2625	/static/images/gates.jpg		f		3	10	\N
2468	c/striee  6pk2650	189.14	t	6pk2650	/static/images/gates.jpg		f		3	10	\N
2469	c/striee  6pk2680	236.77	t	6pk2680	/static/images/gates.jpg		f		3	10	\N
2470	c/striee 6pk0678	81.46	t	6pk678	/static/images/gates.jpg		f		3	10	\N
2471	c/striee 6pk905	75.93	t	6pk905	/static/images/gates.jpg		f		3	10	\N
2472	c/striee  7pk0880	113.21	t	7pk0880	/static/images/gates.jpg		f		3	10	\N
2473	c/striee  7pk0935	119.42	t	7pk0935	/static/images/gates.jpg		f		3	10	\N
2474	c/striee  7pk1035	93.19	t	7pk1035	/static/images/gates.jpg		f		3	10	\N
2475	c/striee  7pk1043	115.28	t	7pk1043	/static/images/gates.jpg		f		3	10	\N
2476	c/striee  7pk1078	91.81	t	7pk1078	/static/images/gates.jpg		f		3	10	\N
2477	c/striee  7pk1095	98.02	t	7pk1095	/static/images/gates.jpg		f		3	10	\N
2478	c/striee  7pk1103	90.43	t	7pk1103	/static/images/gates.jpg		f		3	10	\N
2479	c/striee  7pk1113	127.71	t	7pk1113	/static/images/gates.jpg		f		3	10	\N
2480	c/striee  7pk1125	116.66	t	7pk1125	/static/images/gates.jpg		f		3	10	\N
2481	c/striee  7pk1135	101.47	t	7pk1135	/static/images/gates.jpg		f		3	10	\N
2482	c/striee  7pk1140	134.61	t	7pk1140	/static/images/gates.jpg		f		3	10	\N
2483	c/striee  7pk1148	102.16	t	7pk1148	/static/images/gates.jpg		f		3	10	\N
2484	c/striee  7pk1153	154.63	t	7pk1153	/static/images/gates.jpg		f		3	10	\N
2485	c/striee  7pk1165	114.59	t	7pk1165	/static/images/gates.jpg		f		3	10	\N
2486	c/striee  7pk1178	102.85	t	7pk1178	/static/images/gates.jpg		f		3	10	\N
2487	c/striee  7pk1179sf	431.44	t	7pk1179sf	/static/images/gates.jpg		f		3	10	\N
2488	c/striee  7pk1243	167.05	t	7pk1243	/static/images/gates.jpg		f		3	10	\N
2489	c/striee  7pk1260	182.24	t	7pk1260	/static/images/gates.jpg		f		3	10	\N
2490	c/striee  7pk1275	106.07	t	7pk1275	/static/images/gates.jpg		f		3	10	\N
2491	c/striee  7pk1275t	96.64	t	7pk1275t	/static/images/gates.jpg		f		3	10	\N
2492	c/striee  7pk1290	93.88	t	7pk1290	/static/images/gates.jpg		f		3	10	\N
2493	c/striee  7pk1325	107	t	7pk1325	/static/images/gates.jpg		f		3	10	\N
2494	c/striee  7pk1338	107	t	7pk1338	/static/images/gates.jpg		f		3	10	\N
2495	c/striee  7pk1350	165.67	t	7pk1350	/static/images/gates.jpg		f		3	10	\N
2496	c/striee  7pk1370	96.64	t	7pk1370	/static/images/gates.jpg		f		3	10	\N
2497	c/striee  7pk1380	99.4	t	7pk1380	/static/images/gates.jpg		f		3	10	\N
2498	c/striee  7pk1388	139.44	t	7pk1388	/static/images/gates.jpg		f		3	10	\N
2499	c/striee  7pk1395	111.14	t	7pk1395	/static/images/gates.jpg		f		3	10	\N
2500	c/striee  7pk1440	111.83	t	7pk1440	/static/images/gates.jpg		f		3	10	\N
2501	c/striee  7pk1453	136.68	t	7pk1453	/static/images/gates.jpg		f		3	10	\N
2502	c/striee  7pk1473	102.85	t	7pk1473	/static/images/gates.jpg		f		3	10	\N
2503	c/striee  7pk1515 toy hilux3 vigo 05+ s/c	120.11	t	7pk1515	/static/images/gates.jpg		f		3	10	\N
2504	c/striee  7pk1580	118.04	t	7pk1580	/static/images/gates.jpg		f		3	10	\N
2505	c/striee  7pk1593	113.21	t	7pk1593	/static/images/gates.jpg		f		3	10	\N
2506	c/striee  7pk1605	112.52	t	7pk1605	/static/images/gates.jpg		f		3	10	\N
2507	c/striee  7pk1620	274.74	t	7pk1620	/static/images/gates.jpg		f		3	10	\N
2508	c/striee  7pk1633	118.73	t	7pk1633	/static/images/gates.jpg		f		3	10	\N
2509	c/striee  7pk1640	120.8	t	7pk1640	/static/images/gates.jpg		f		3	10	\N
2510	c/striee  7pk1645	307.18	t	7pk1645	/static/images/gates.jpg		f		3	10	\N
2511	c/striee  7pk1668	148.41	t	7pk1668	/static/images/gates.jpg		f		3	10	\N
2512	c/striee  7pk1675	141.51	t	7pk1675	/static/images/gates.jpg		f		3	10	\N
2513	c/striee  7pk1678	115.28	t	7pk1678	/static/images/gates.jpg		f		3	10	\N
2514	c/striee  7pk1685	172.58	t	7pk1685	/static/images/gates.jpg		f		3	10	\N
2515	c/striee  7pk1690es	162.22	t	7pk1690es	/static/images/gates.jpg		f		3	10	\N
2516	c/striee  7pk1705	180.86	t	7pk1705	/static/images/gates.jpg		f		3	10	\N
2517	c/striee  7pk1715	129.09	t	7pk1715	/static/images/gates.jpg		f		3	10	\N
2518	c/striee  7pk1730	168.43	t	7pk1730	/static/images/gates.jpg		f		3	10	\N
2519	c/striee  7pk1735	200.19	t	7pk1735	/static/images/gates.jpg		f		3	10	\N
2520	c/striee  7pk1740	307.87	t	7pk1740	/static/images/gates.jpg		f		3	10	\N
2521	c/striee  7pk1750	118.73	t	7pk1750	/static/images/gates.jpg		f		3	10	\N
2522	c/striee  7pk1760	153.25	t	7pk1760	/static/images/gates.jpg		f		3	10	\N
2523	c/striee  7pk1770	147.03	t	7pk1770	/static/images/gates.jpg		f		3	10	\N
2524	c/striee  7pk1785	168.43	t	7pk1785	/static/images/gates.jpg		f		3	10	\N
2525	c/striee  7pk1793	220.21	t	7pk1793	/static/images/gates.jpg		f		3	10	\N
2526	c/striee  7pk1800	138.06	t	7pk1800	/static/images/gates.jpg		f		3	10	\N
2527	c/striee  7pk1810	153.94	t	7pk1810	/static/images/gates.jpg		f		3	10	\N
2528	c/striee  7pk1818	155.32	t	7pk1818	/static/images/gates.jpg		f		3	10	\N
2529	c/striee  7pk1855	136.68	t	7pk1855	/static/images/gates.jpg		f		3	10	\N
2530	c/striee  7pk1870	141.51	t	7pk1870	/static/images/gates.jpg		f		3	10	\N
2531	c/striee  7pk1888	187.07	t	7pk1888	/static/images/gates.jpg		f		3	10	\N
2532	c/striee  7pk1920	170.5	t	7pk1920	/static/images/gates.jpg		f		3	10	\N
2533	c/striee  7pk1933	149.1	t	7pk1933	/static/images/gates.jpg		f		3	10	\N
2534	c/striee  7pk1953	238.15	t	7pk1953	/static/images/gates.jpg		f		3	10	\N
2535	c/striee  7pk1973	168.43	t	7pk1973	/static/images/gates.jpg		f		3	10	\N
2536	c/striee  7pk1980	144.96	t	7pk1980	/static/images/gates.jpg		f		3	10	\N
2537	c/striee  7pk1988	171.19	t	7pk1988	/static/images/gates.jpg		f		3	10	\N
2538	c/striee  7pk2005	267.15	t	7pk2005	/static/images/gates.jpg		f		3	10	\N
2539	c/striee  7pk2035	217.44	t	7pk2035	/static/images/gates.jpg		f		3	10	\N
2540	c/striee  7pk2045	199.5	t	7pk2045	/static/images/gates.jpg		f		3	10	\N
2541	c/striee  7pk2053	165.67	t	7pk2053	/static/images/gates.jpg		f		3	10	\N
2542	c/striee  7pk2060	134.61	t	7pk2060	/static/images/gates.jpg		f		3	10	\N
2543	c/striee  7pk2120	167.74	t	7pk2120	/static/images/gates.jpg		f		3	10	\N
2544	c/striee  7pk2238	134.61	t	7pk2238	/static/images/gates.jpg		f		3	10	\N
2545	c/striee  7pk2255	172.58	t	7pk2255	/static/images/gates.jpg		f		3	10	\N
2546	c/striee  7pk2265	142.2	t	7pk2265	/static/images/gates.jpg		f		3	10	\N
2547	c/striee  7pk2275	256.1	t	7pk2275	/static/images/gates.jpg		f		3	10	\N
2548	c/striee  7pk2285	183.62	t	7pk2285	/static/images/gates.jpg		f		3	10	\N
2549	c/striee  7pk2320	146.34	t	7pk2320	/static/images/gates.jpg		f		3	10	\N
2550	c/striee  7pk2328	281.64	t	7pk2328	/static/images/gates.jpg		f		3	10	\N
2551	c/striee  7pk2335	172.58	t	7pk2335	/static/images/gates.jpg		f		3	10	\N
2552	c/striee  7pk2365	169.81	t	7pk2365	/static/images/gates.jpg		f		3	10	\N
2553	c/striee  7pk2418	216.06	t	7pk2418	/static/images/gates.jpg		f		3	10	\N
2554	c/striee  7pk2535	243.68	t	7pk2535	/static/images/gates.jpg		f		3	10	\N
2555	c/striee  7pk2660	304.42	t	7pk2660	/static/images/gates.jpg		f		3	10	\N
2556	c/striee  7pk2683	205.02	t	7pk2683	/static/images/gates.jpg		f		3	10	\N
2557	c/striee  7pk2710xs	231.25	t	7pk2710xs	/static/images/gates.jpg		f		3	10	\N
2558	c/striee  7pk2843	218.13	t	7pk2843	/static/images/gates.jpg		f		3	10	\N
2559	c/striee  7pk2875xs	254.03	t	7pk2875xs	/static/images/gates.jpg		f		3	10	\N
2560	c/striee  7pk2968	413.49	t	7pk2968	/static/images/gates.jpg		f		3	10	\N
2561	c/striee  8pk1005es	104.93	t	8pk1005es	/static/images/gates.jpg		f		3	10	\N
2562	c/striee  8pk1035es	116.66	t	8pk1035es	/static/images/gates.jpg		f		3	10	\N
2563	c/striee  8pk1075es	118.04	t	8pk1075es	/static/images/gates.jpg		f		3	10	\N
2564	c/striee  8pk1173	88.36	t	8pk1173	/static/images/gates.jpg		f		3	10	\N
2565	c/striee  8pk1183esxs	158.08	t	8pk1183esxs	/static/images/gates.jpg		f		3	10	\N
2566	c/striee  8pk1230es	113.21	t	8pk1230es	/static/images/gates.jpg		f		3	10	\N
2567	c/striee  8pk1235es	160.15	t	8pk1235es	/static/images/gates.jpg		f		3	10	\N
2568	c/striee  8pk1275es	106.31	t	8pk1275es	/static/images/gates.jpg		f		3	10	\N
2569	c/striee  8pk1375es	129.09	t	8pk1375es	/static/images/gates.jpg		f		3	10	\N
2570	c/striee  8pk1420es	117.35	t	8pk1420es	/static/images/gates.jpg		f		3	10	\N
2571	c/striee  8pk1553es	119.42	t	8pk1553es	/static/images/gates.jpg		f		3	10	\N
2572	c/striee  8pk1635es	151.18	t	8pk1635es	/static/images/gates.jpg		f		3	10	\N
2573	c/striee  8pk1668es	156.01	t	8pk1668es	/static/images/gates.jpg		f		3	10	\N
2574	c/striee  8pk1700es	190.52	t	8pk1700es	/static/images/gates.jpg		f		3	10	\N
2575	c/striee  8pk1715es	133.23	t	8pk1715es	/static/images/gates.jpg		f		3	10	\N
2576	c/striee  8pk1985es	159.46	t	8pk1985es	/static/images/gates.jpg		f		3	10	\N
2577	c/striee  8pk1995es	162.22	t	8pk1995es	/static/images/gates.jpg		f		3	10	\N
2578	c/striee  8pk2035	158.77	t	8pk2035	/static/images/gates.jpg		f		3	10	\N
2579	c/striee  8pk2080es	153.94	t	8pk2080es	/static/images/gates.jpg		f		3	10	\N
2580	c/striee  8pk2093	171.88	t	8pk2093	/static/images/gates.jpg		f		3	10	\N
2581	c/striee  8pk2188	211.23	t	8pk2188	/static/images/gates.jpg		f		3	10	\N
2582	c/striee  8pk2275	422.46	t	8pk2275	/static/images/gates.jpg		f		3	10	\N
2583	c/striee  8pk2320es	292	t	8pk2320es	/static/images/gates.jpg		f		3	10	\N
2584	c/striee  8pk2325es	292	t	8pk2325es	/static/images/gates.jpg		f		3	10	\N
2585	c/striee  8pk2335	185	t	8pk2335	/static/images/gates.jpg		f		3	10	\N
2586	c/striee  8pk2380es	185.69	t	8pk2380es	/static/images/gates.jpg		f		3	10	\N
2587	c/striee  8pk2440	318.23	t	8pk2440	/static/images/gates.jpg		f		3	10	\N
2588	c/striee  8pk2465	220.21	t	8pk2465	/static/images/gates.jpg		f		3	10	\N
2589	c/striee  8pk2485	454.22	t	8pk2485	/static/images/gates.jpg		f		3	10	\N
2590	c/striee  8pk2575es	365.17	t	8pk2575es	/static/images/gates.jpg		f		3	10	\N
2591	c/striee  8pk2630es	188.45	t	8pk2630es	/static/images/gates.jpg		f		3	10	\N
2592	c/striee  8pk2643es	367.59	t	8pk2643es	/static/images/gates.jpg		f		3	10	\N
2593	courroie dentee  10x1375	62.13	t	avx10x1375hd	/static/images/gates.jpg		f		3	10	\N
2594	courroie dentee  10x1400	75.93	t	avx10x1400hd	/static/images/gates.jpg		f		3	10	\N
2595	courroie dentee  10x1425	70.41	t	avx10x1425hd	/static/images/gates.jpg		f		3	10	\N
2596	courroie dentee  10x1450	66.96	t	avx10x1450hd	/static/images/gates.jpg		f		3	10	\N
2597	courroie dentee  10x1475	57.99	t	avx10x1475hd	/static/images/gates.jpg		f		3	10	\N
2598	courroie dentee  10x1500	71.79	t	avx10x1500hd	/static/images/gates.jpg		f		3	10	\N
2599	courroie dentee  10x1525	55.22	t	avx10x1525hd	/static/images/gates.jpg		f		3	10	\N
2600	courroie dentee  10x1650	89.05	t	avx10x1650hd	/static/images/gates.jpg		f		3	10	\N
2601	courroie dentee  13x1075	71.79	t	avx13x1075hd	/static/images/gates.jpg		f		3	10	\N
2602	courroie dentee  13x1100	75.24	t	avx13x1100hd	/static/images/gates.jpg		f		3	10	\N
2603	courroie dentee  13x1400	63.51	t	avx13x1400hd	/static/images/gates.jpg		f		3	10	\N
2604	courroie dentee  13x1450	104.93	t	avx13x1450hd	/static/images/gates.jpg		f		3	10	\N
2605	courroie dentee 13x1550	98.02	t	avx13x1550hd	/static/images/gates.jpg		f		3	10	\N
2606	courroie dentee  13x0725	51.77	t	avx13x725hd	/static/images/gates.jpg		f		3	10	\N
2607	courroie dentee  13x0775	44.18	t	avx13x775hd	/static/images/gates.jpg		f		3	10	\N
2608	kit de distribution  peugeot  136 x 25.4 p205d	601.94	t	k015049xs	/static/images/K015049XS.jpg		f		3	10	\N
2609	kit de distribution  peugeot 113x17  p405  1.6	514.27	t	k015050xs	/static/images/K015050XS.jpg		f		3	10	\N
2610	kit de distribution  renault  96 x 17  renault logan 1.4	180.86	t	k015473xs	/static/images/K015473XS.jpg		f		3	10	\N
2611	kit de distribution  fiat  124x22 doblo- fiat 500	502.54	t	k015503xs	/static/images/K015503XS.jpg		f		3	10	\N
2612	kit de distribution  peugeot  141 x 25.4  peugeot hdi 1.6 poulie t41140	536.36	t	k015524xs	/static/images/K015524XS.jpg		f		3	10	\N
2613	kit de distribution  honda 103x22 civic 1.4	523.94	t	k015529xs	/static/images/gates.jpg		f		3	10	\N
2614	kit de distribution  fiat 125x15 palio 1.1 - panda	159.46	t	k015544xs	/static/images/K015544XS.jpg		f		3	10	\N
2615	kit de distribution  fiat 129x15 palio 1.2	259.55	t	k015545xs	/static/images/K015544XS.jpg		f		3	10	\N
2616	kit de distribution  peugeot 146x25.4  p406 2.2 hdi	472.86	t	k015558xs	/static/images/K015558XS.jpg		f		3	10	\N
2617	kit de distribution  vw 141x25 golf iv 1.9 tdi	1701.59	t	k015559xs	/static/images/K015559XS.jpg		f		3	10	\N
2618	kit de distribution  renault 153x26  megane ii  clio ii - special	1262.56	t	k015561xs	/static/images/K015561XS.jpg		f		3	10	\N
2619	kit de distribution  opel 131d x 25 astra 1.7 cdti corsa zafira 2010+	967.8	t	k015563xs	/static/images/K015563XS.jpg		f		3	10	\N
2620	kit de distribution  vw 137x23 caddy - polo iii	548.79	t	k015564xs	/static/images/K015564XS.jpg		f		3	10	\N
2621	kit de distribution  ford 130d x 25 transit 2.5 di (95-00) 2.5 td	673.04	t	k015571xs	/static/images/K015571XS.jpg		f		3	10	\N
2622	kit de distribution  ren 089d x 25 laguna 2.2 dci trafic 2.5 dci   89d	659.24	t	k015573xs	/static/images/K015573XS.jpg		f		3	10	\N
2623	kit de distribution  peugeot  100 x 17  peugeot 1.1 i	291.31	t	k015574xs	/static/images/K015574XS.jpg		f		3	10	\N
2624	kit de distribution renault essence 95 x 23.4 renault 1.2 16v	346.53	t	k015577xs	/static/images/K015577XS.jpg		f		3	10	\N
2625	kit de distribution  renault 123 dents renault logan dci	390.02	t	k015578xs	/static/images/K015578XS.jpg		f		3	10	\N
2626	kit de distribution  hyundai  123 x 28  hyundai kia 1.5 crdi	1436.51	t	k015579xs	/static/images/K015579XS.jpg		f		3	10	\N
2627	kit de distribution  volvo 132d x 28 s60 2.4 d4 2010+	1464.13	t	k015580xs	/static/images/K015580XS.jpg		f		3	10	\N
2628	kit de distribution  peugeot  144 x 25.4  peugeot hdi 1.4	572.26	t	k015587xs	/static/images/K015587XS.jpg		f		3	10	\N
2629	kit de distribution  fiat  178 x 30	808.34	t	k015592xs	/static/images/K015592XS.jpg		f		3	10	\N
2630	kit de distribution  opel 129d x 25 astra 1.7 cdti (04-10)	628.17	t	k015595xs	/static/images/K015595XS.jpg		f		3	10	\N
2631	kit de distribution  pgt 137d x 25 partner 1.6 hdi ford focus fiesta 1.6 tdci 20	644.05	t	k015598xs	/static/images/K015598XS.jpg		f		3	10	\N
2632	kit de distribution  pgt 116d x 25.4 p407 2.0 hdi ford focus  2.0 tdci	667.52	t	k015606xs	/static/images/K015606XS.jpg		f		3	10	\N
2633	kit de distribution  vw  141 x 30  vw golf v 2.0 tdi	1293.62	t	k015607xs	/static/images/K015607XS.jpg		f		3	10	\N
2634	kit de distribution  ren 133x26 megane ii - nissan	581.92	t	k015610xs	/static/images/K015610XS.jpg		f		3	10	\N
2635	kit de distribution  vw 137d x 25 polo iii 1.9 sdi ford caddy ii 1.9 sdi (95-04)	628.17	t	k015622xs	/static/images/K015622XS.jpg		f		3	10	\N
2636	kit de distribution  fiat 125d x 22 panda 1.1 125d	470.09	t	k015626xs	/static/images/K015626XS.jpg		f		3	10	\N
2637	kit de distribution  fiat 129d x 22 doblo 1.4 punto 1.2 129d	351.36	t	k015627xs	/static/images/K015626XS.jpg		f		3	10	\N
2638	kit de distribution  suzuki 106d x 25.4 alto 1.1	510.13	t	k015637xs	/static/images/K015637XS.jpg		f		3	10	\N
2639	kit de distribution  mitsibushi  99 x 19	920.86	t	k015641xs	/static/images/K015641XS.jpg		f		3	10	\N
2640	kit de distribution  fiat  194 x 24	668.9	t	k015646xs	/static/images/K015646XS.jpg		f		3	10	\N
2641	kit de distribution  vw  160 x 30  vw golf vi  2.0 tdi	1352.3	t	k015648xs	/static/images/K015648XS.jpg		f		3	10	\N
2642	kit de distribution  ren 133x26 megane iii 1.9 dci	508.75	t	k015654xs	/static/images/K015654XS.jpg		f		3	10	\N
2643	kit de distribution  peugeot  141 x 25.4  peugeot hdi 2.0 poulie t43230	521.87	t	k015656xs	/static/images/K015656XS.jpg		f		3	10	\N
2644	kit de distribution  ford 117d x 22 fiesta 1.6 focus mazda 2 (03-07)	344.46	t	k015669xs	/static/images/K015669XS.jpg		f		3	10	\N
2855	ah mot dacia logan ar	35	t	ah.93.108.8	/static/images/AH.93.108.8.jpg		f		4	11	\N
2645	kit de distribution  ren 132d x 27.4 clio iii 1.6 ess logan 1.6 ess 126d	835.26	t	k015671xs	/static/images/K015671XS.jpg		f		3	10	\N
2646	kit de distribution  pgt 116d x 25 p308 2.0 bleuhdi ford focus 2.0 tdci	880.82	t	k015672xs	/static/images/K015672XS.jpg		f		3	10	\N
2647	kit de distribution  ren 119d x 27 kangoo 1.5 dci  nissan qashqai nv400 mercedes	860.11	t	k015675xs	/static/images/K015675XS.jpg		f		3	10	\N
2648	kit de distribution  vw 145d x 25 golf vi/vii 2.0 tdi	860.11	t	k015678xs	/static/images/K015678XS.jpg		f		3	10	\N
2649	kit de distribution  volvo 155d x 28 s60 2.0 d2 2013+	2068.14	t	k015686xs	/static/images/K015686XS.jpg		f		3	10	\N
2650	kit de courroie  renault  5pk1200 kangoo	546.03	t	k015pk1200	/static/images/K015PK1200.jpg		f		3	10	\N
2651	kit de courroie  vw 6pk1138  caddy	537.05	t	k016pk1138	/static/images/K016PK1138.jpg		f		3	10	\N
2652	kit de courroie  peugeot 6pk1163  partner 1.9 d	416.94	t	k016pk1163	/static/images/K016PK1163.jpg		f		3	10	\N
2653	kit de courroie  peugeot 6pk1438  partner 1.9	793.85	t	k016pk1438	/static/images/K016PK1438.jpg		f		3	10	\N
2654	kit de distribution  ren 118d x 19 r21 ess 2.2  p505 2.2 ess 118d	582.61	t	k025059xs	/static/images/K025059XS.jpg		f		3	10	\N
2655	kit de distribution  renault 153 x 30   renault master 2.5 dt	689.61	t	k025335xs	/static/images/K025335XS.jpg		f		3	10	\N
2656	kit de distribution  mitsibushi  163 x 25.4	873.23	t	k025435xs	/static/images/K025435XS.jpg		f		3	10	\N
2657	kit de distribution  peugeot  140 x 25.4  peugeot 1.9 d	569.5	t	k025523xs	/static/images/K025523XS.jpg		f		3	10	\N
2658	kit de distribution vw golf iv	1531.78	t	k025559xs	/static/images/K025559XS.jpg		f		3	10	\N
2659	kit de distribution  vw  130 x 20  vw 1.4 16v	813.86	t	k025565xs	/static/images/K025565XS.jpg		f		3	10	\N
2660	kit de distribution  vw  120 x 30  vw iv 1.9 tdi  115ch poulie (72x35)	1677.43	t	k025569xs	/static/images/K025569XS.jpg		f		3	10	\N
2661	kit de distribution  vw  160 x 25  vw golf vi  1.6 tdi - caddy	1457.22	t	k025649xs	/static/images/K025649XS.jpg		f		3	10	\N
2662	kit de courroie  renault  6pk1203  kangoo	638.53	t	k026pk1203	/static/images/K026PK1203.jpg		f		3	10	\N
2663	kit de distribution  vw  137 x 25  vw golf iii  1.9 tdi   90ch	820.77	t	k035223xs	/static/images/K035223XS.jpg		f		3	10	\N
2664	kit de distribution  ford  116 x 20 /  85 x 22	865.64	t	k035251xs	/static/images/K035251XS.jpg		f		3	10	\N
2665	kit de distribution  ford  116 x 22 /  85 x 22	1194.22	t	k035451xs	/static/images/K035451XS.jpg		f		3	10	\N
2666	kit de distribution  fiat  199 x 24	1066.51	t	k035623xs	/static/images/K035623XS.jpg		f		3	10	\N
2667	kit de courroie  peugeot 6pk1053 p306 1.8 d	385.88	t	k036pk1053	/static/images/K036PK1053.jpg		f		3	10	\N
2668	kit de courroie  vw 6pk1070  golf 6 - caddy	500.47	t	k036pk1070	/static/images/K036PK1070.jpg		f		3	10	\N
2669	kit de courroie  renault 6pk1203  logan kangoo dci	1155.6	t	k036pk1203	/static/images/K036PK1203.jpg		f		3	10	\N
2670	kit de courroie  peugeot 6pk1740 p306 1.9 d	849.07	t	k036pk1740	/static/images/K036PK1740.jpg		f		3	10	\N
2671	kit de distribution  vw  122 x 26.5 vw transporter	1042.35	t	k045323xs	/static/images/K045323XS.jpg		f		3	10	\N
2672	kit de distribution  vw  120 x 30  vw sharan 1.9 tdi - ford galaxy poulie (72x35	1435.13	t	k045569xs	/static/images/K045569XS.jpg		f		3	10	\N
2673	kit de courroie  peugeot 6pk1740 partner 1.9 d avec amortisseur	1114.14	t	k046pk1740	/static/images/K046PK1740.jpg		f		3	10	\N
2674	kit distribution vw golf iv bora passat	813.86	t	k055569xs	/static/images/K055569XS.jpg		f		3	10	\N
2675	kit de distribution  vw  120 x 30  vw iv 1.9 tdi  101ch poulie (72.5x35.5)	942.26	t	k065569xs	/static/images/K065569XS.jpg		f		3	10	\N
2676	kit de distribution  vw  120 x 30  vw iv 1.9 tdi  101ch poulie (72.5x35.5) avec	168.43	t	k075569xs	/static/images/K075569XS.jpg		f		3	10	\N
2677	kit de distribution  a/pompe pgt  141d x 25.4 partner 2.0 hdi 2000+ 141d	546.03	t	kp15524xs	/static/images/KP15524XS.jpg		f		3	10	\N
2678	kit de distribution  a/pompe pgt  144d x 25.4 p206 p307 1.4 hdi ford fiesta 1.4	666.83	t	kp15587xs	/static/images/KP15587XS.jpg		f		3	10	\N
2679	kit de distribution  a/pompe  peugeot partner 1.6 hdi	827.67	t	kp15598xs	/static/images/KP15598XS.jpg		f		3	10	\N
2680	tendeur strie cit xsara 1.8 1.6 ac	265.08	t	t38236	/static/images/T38236.jpg		f		3	10	\N
2681	tendeur strie cit c4 focus fiesta mazda3 2006 307	316.85	t	t38331	/static/images/T38331.jpg		f		3	10	\N
2682	poulie distribution renault logan dci	251.96	t	t43014	/static/images/T43014.jpg		f		3	10	\N
1920	c/dist pgt 113d x 17 p205 1.2 ess	109.07	t	5050xs	/static/images/5050xs.jpg		f		3	10	\N
1922	c/dist ren 116d x 19 r21 ess 2.0  p505 2.0 ess 116d	94.57	t	5058xs	/static/images/5058xs.jpg		f		3	10	\N
1926	c/dist ren 095d x 17 r19 ess 1.4 clio i essence megane ess  95d	86.29	t	5192xs	/static/images/5192xs.jpg		f		3	10	\N
1945	c/dist honda 103d x 23.4 civic iv 1.4 civic 1.5 i (95-01)	145.65	t	5409xs	/static/images/5409xs.jpg		f		3	10	\N
1979	c/dist ren 126d x 27 clio iii 2.0 ess 126d	153.94	t	5550xs	/static/images/5550xs.jpg		f		3	10	\N
1984	c/dist toyota 097d x 25 hillux 2.5 d d-4d hiace 2004+ land cruiser	98.71	t	5560xs	/static/images/5560xs.jpg		f		3	10	\N
2021	c/dist fiat 194d x 24 doblo 1.6 multijet grand punto 1.6 multijet suzuki opel je	259.55	t	5646xs	/static/images/5646xs.jpg		f		3	10	\N
2030	c/dist pgt 116d x 25 p308 2.0 bleuhdi ford focus 2.0 tdci	189.14	t	5672xs	/static/images/5672xs.jpg		f		3	10	\N
2980	refregirant bmw x5 e53 00-2006	480	t	1720750075	/static/images/1720750075.jpg		f		6	\N	\N
2981	refregirant bmw3 e46-98-2003	360	t	11422247015	/static/images/11422247015.jpg		f		6	\N	\N
2982	refregirant bmw3-e46-e39 -00-2005	540	t	5989070141	/static/images/5989070141.jpg		f		6	\N	\N
2983	refrigerant bmw3-e60-e90-x3-x5 -03-2013	426	t	11427788462	/static/images/11427788462.jpg		f		6	\N	\N
2984	refrigerant bmw serie1-2-3-5-6-7-x3-x4-x5-11-2019	834	t	17218514515	/static/images/17218514515.jpg		f		6	\N	\N
2985	refrigerant bmw serie 1-2-3-4-5-6-7-x3-x5-09-2019	468	t	11428574005	/static/images/11428574005.jpg		f		6	\N	\N
2986	refrigerant bmw serie 1-2-3-4-5-6-7-x3-x5-06-2019	402	t	11428507627	/static/images/11428507627.jpg		f		6	\N	\N
2987	refrigerant bmw5 bmw7 bmw x3 02-2010	720	t	17217803830	/static/images/17217803830.jpg		f		6	\N	\N
2988	refrigerant bmw x5 bmw x6 08-2010	1152	t	17217553389	/static/images/17217553389.jpg		f		6	\N	\N
2989	refrigerant bmw e46-98-2005-bmw x3-04-2007	480	t	17227505826	/static/images/17227505826.jpg		f		6	\N	\N
2990	refregirant bmw serie3-serie5 bmw -x1-06-2011	456	t	11427525333	/static/images/11427525333.jpg		f		6	\N	\N
2991	refrigirant comp bmw f10-f12-f22-e91-09-2017	1380	t	11428507696	/static/images/11428507696.jpg		f		6	\N	\N
2992	refrigirant comp bmw f10-f12-f22-e91-11-2019	852	t	11428596283	/static/images/11428596283.jpg		f		6	\N	\N
2993	refrigirant bmw se e90-e93-x5-x6-08-2017	594	t	17217800408	/static/images/17217800408.jpg		f		6	\N	\N
2994	refrigirant bmw f45-f46-x1-x2-13-2018	984	t	11428585235	/static/images/11428585235.jpg		f		6	\N	\N
2995	refrigirant bmw5-bmw x5-x6-10-2018	456	t	20105924	/static/images/20105924.jpg		f		6	\N	\N
2996	refrigirant bmw s3-e93-x5-x6-s5-05-2016	510	t	11428512435	/static/images/11428512435.jpg		f		6	\N	\N
2997	refrigirant comp polo 09-2014	480	t	03p115389a	/static/images/03P115389A.jpg		f		6	\N	\N
2998	refrigirant polo caddy3 golf5 seat 2001-2010	228	t	o28117021	/static/images/O28117021.jpg		f		6	\N	\N
2999	refrigerant touareg audi q7 2007-2018	594	t	7p0317037	/static/images/7P0317037.jpg		f		6	\N	\N
3000	refrigerant touareg audi q7 2006-2007	336	t	o59117021j	/static/images/O59117021J.jpg		f		6	\N	\N
3001	refrigerant touareg 2003-2010	312	t	o70117021j	/static/images/O70117021J.jpg		f		6	\N	\N
3002	refrigirant audi a6 a7 2010-2018	908	t	4g0317021y	/static/images/4G0317021Y.jpg		f		6	\N	\N
3003	refrigirant audi a3 polo 1996-2003	330	t	o96409061g	/static/images/O96409061G.jpg		f		6	\N	\N
3004	refrigirant a3 polo golf6 skoda oktavia 2004-2013	300	t	o3l117021j	/static/images/O3L117021J.jpg		f		6	\N	\N
3005	refrigirant a3 golf6 golf5 scoda octavia 2003-2013	348	t	o2e409061b	/static/images/O2E409061B.jpg		f		6	\N	\N
3006	refrigirant a4-a5 a6 a8 q5-q7 2010-2018	420	t	o59117021r	/static/images/O59117021R.jpg		f		6	\N	\N
3007	refrigirant a4-a6-a8-2000-2005	336	t	o59117021b	/static/images/O59117021B.jpg		f		6	\N	\N
3008	refrigirant audi a6-a7 2010-2018	948	t	33171432301	/static/images/33171432301.jpg		f		6	\N	\N
3009	refrigirant audi a5 a6 q5 q7 v12 2012-2017	384	t	o59117021k	/static/images/O59117021K.jpg		f		6	\N	\N
3010	refrigirant audi a3 q5 seat skoda octavia 2008-2017	264	t	o6j117021j	/static/images/O6J117021J.jpg		f		6	\N	\N
3011	refrigirant comp land rover discovery jaguar 09-2015	1027	t	lr040738	/static/images/LR040738.jpg		f		6	\N	\N
3012	refrigirant land rover jaquar xf c6-c5-2014-2018	438	t	lr009570	/static/images/LR009570.jpg		f		6	\N	\N
3013	refrigirant land rover discovery 2009-2018	582	t	ubc500101	/static/images/UBC500101.jpg		f		6	\N	\N
3014	refrigerant comp land rover discovery sport jaquar-04-2018	1198	t	lr009570h	/static/images/LR009570H.jpg		f		6	\N	\N
3015	refrigerant land rover discovery jaguar xf c5 c6 2009-2017	588	t	lr013149	/static/images/LR013149.jpg		f		6	\N	\N
3016	refrigerant land rover sport jaguar xj xe 2012-2017	414	t	lr036354	/static/images/LR036354.jpg		f		6	\N	\N
3017	refrigerant range rover volvo 2006-2014	414	t	lr032173	/static/images/LR032173.jpg		f		6	\N	\N
3018	refrigerant volvo c30 c70 s60 v80 s80-2007-2017	510	t	31325045	/static/images/31325045.jpg		f		6	\N	\N
3019	refrigerant jeep grand cherokee 2011++	462	t	68211440aa	/static/images/68211440AA.jpg		f		6	\N	\N
3020	refrigerant amarok crafter 2010-2016	1380	t	o3l131511q	/static/images/O3L131511Q.jpg		f		6	\N	\N
3021	refrigerant hyundai santafee sportag 2009-2015	474	t	26410-2f000	/static/images/26410-2F000.jpg		f		6	\N	\N
3022	refrigerant hyundai i30 kia ceed accent 2005-2011	264	t	26410-2a150	/static/images/26410-2A150.jpg		f		6	\N	\N
3023	refregirant hyundai i20 i30-i35-kia ceed 2009-2011	264	t	26410-2a501	/static/images/26410-2A501.jpg		f		6	\N	\N
3024	refregirant toyota rav4 corolla 2007-2012	378	t	15710-0r011	/static/images/15710-0R011.jpg		f		6	\N	\N
3025	refrigirant opel antara chevrolet 2010-2015	384	t	96868256	/static/images/96868256.jpg		f		6	\N	\N
3026	refrigerant fiat doblo 2010-2016	420	t	55220558	/static/images/55220558.jpg		f		6	\N	\N
3027	refrigerant fiat doblo fiat 500 2010-2014	264	t	55273043	/static/images/55273043.jpg		f		6	\N	\N
3028	refrigerant fiat doblo punto opel 2003-2006	300	t	5519374	/static/images/5519374.jpg		f		6	\N	\N
3029	refrigirant fiat doblo alfa romeo guilietta 500x 2008-2016	480	t	55273044	/static/images/55273044.jpg		f		6	\N	\N
3030	refrigirant seat polo golf3 golf6-11197-2005	228	t	o68117021b	/static/images/O68117021B.jpg		f		6	\N	\N
3031	refrigirant skoda octavia 2013	276	t	o3n11702	/static/images/O3N11702.jpg		f		6	\N	\N
3032	refrigirant dacia logan kangoo megane 2003-2012	252	t	8200923115	/static/images/8200923115.jpg		f		6	\N	\N
3033	refrigirant comp nissan qashqai nv250-2013-2019	876	t	213058627r	/static/images/213058627R.jpg		f		6	\N	\N
3034	refrigirant nissan qashqai dokker lodgy 2013-2019	312	t	213058627r	/static/images/213058627R.jpg		f		6	\N	\N
3035	refrigirant ford transit 2006-2014	300	t	bk3q-6b624-cb	/static/images/BK3Q-6B624-CB.jpg		f		6	\N	\N
3036	refrigirant comp ford focus 2003-2012	768	t	9m5q6l625aa	/static/images/9M5Q6L625AA.jpg		f		6	\N	\N
3037	refrigirant ford mondeo 2008	351	t	4m5q6b624bd	/static/images/4M5Q6B624BD.jpg		f		6	\N	\N
3038	refrigirant ford transit 2,4 tdci 2006-2014	351	t	7c166b624bb	/static/images/7C166B624BB.jpg		f		6	\N	\N
3039	refregirant ford transit 2000-2006	300	t	1211772	/static/images/1211772.jpg		f		6	\N	\N
3040	refrigirant ford c max focus c5 c4 p3008 2009-2018	300	t	ds7q6l625ca	/static/images/DS7Q6L625CA.jpg		f		6	\N	\N
3041	refregirant dacia logan doker 2012+	240	t	213059324r	/static/images/213059324R.jpg		f		6	\N	\N
3042	refregirant kangoo dci logan megane2-2001-2010	222	t	8200068115	/static/images/8200068115.jpg		f		6	\N	\N
3043	refrigerant master2 nissan 2011-2016	474	t	8201005235	/static/images/8201005235.jpg		f		6	\N	\N
3044	refregirant dacia logan kangoo 2005-2008	222	t	7700853915	/static/images/7700853915.jpg		f		6	\N	\N
3045	refregirant megane1 1196-2003	222	t	7700114036	/static/images/7700114036.jpg		f		6	\N	\N
3046	refregirant megane kangoo 1996-2003	240	t	820077974	/static/images/820077974.jpg		f		6	\N	\N
3047	refregirant megane logan clio 2003-2010	240	t	8200267937	/static/images/8200267937.jpg		f		6	\N	\N
3048	refregirant master2 opel movan 2000-2003	660	t	8200969622	/static/images/8200969622.jpg		f		6	\N	\N
3049	refregirant master trafic nissan 2010-2014	396	t	820100524	/static/images/820100524.jpg		f		6	\N	\N
3050	refregirant p206 p3008-p5008 2014-2016	288	t	1103-t7-t5	/static/images/1103-T7-T5.jpg		f		6	\N	\N
3051	refregirant p308-p508-p3008-c4 c5 2007-2018	234	t	2275-71	/static/images/2275-71.jpg		f		6	\N	\N
3052	refregirant peugeot partner	216	t	1103m0	/static/images/1103M0.jpg		f		6	\N	\N
3053	refregirant partner kuga focus 2010-2011	216	t	1103-l3-t3	/static/images/1103-L3-T3.jpg		f		6	\N	\N
3054	referigirant p4008-p4007 ranger rover 2007-2013	300	t	1103p4	/static/images/1103P4.jpg		f		6	\N	\N
3055	refrigerant boxer jumper 2006-2016	300	t	1103q1	/static/images/1103Q1.jpg		f		6	\N	\N
3056	refrigerant berlingo c4 citroen p206 2004-2011	228	t	1103k2	/static/images/1103K2.jpg		f		6	\N	\N
3057	refrigirant berlingo c3 c4 c5 p206 p508 p307 2004-2014	276	t	1103l1	/static/images/1103L1.jpg		f		6	\N	\N
3058	joint refrigerant p107 p206 p208 c4 c3 focus	60	t	1103k2	/static/images/1103K2.jpg		f		6	\N	\N
3059	refregirant golg6 bora a3 touran skoda 	300	t	o38117021b	/static/images/O38117021B.jpg		f		6	\N	\N
3060	refregirant golf6 passat a4 a6 1197-2005	252	t	o28117021	/static/images/O28117021.jpg		f		6	\N	\N
3061	refrgirant golf5 golg4 a3 ibiza passat-1993-2010	396	t	o9640906	/static/images/O9640906.jpg		f		6	\N	\N
3062	refrgirant golf6 golg5 touran skoda a3 2006-2014	480	t	o3c117021j	/static/images/O3C117021J.jpg		f		6	\N	\N
3063	refrgirant golf6skoda seat polo  caddy3	330	t	o3f117021a	/static/images/O3F117021A.jpg		f		6	\N	\N
3064	refrigerant comp golf6 golf7 passat 2010-2015	648	t	o3n115389a	/static/images/O3N115389A.jpg		f		6	\N	\N
3065	refrigerant golf6 a3 q3 skoda leon 2004-2018	1788	t	o3l131512ap	/static/images/O3L131512AP.jpg		f		6	\N	\N
3066	refrigirant golf3 golf6 polo passat ibiza 1990-2004	210	t	o69118021b	/static/images/O69118021B.jpg		f		6	\N	\N
3067	refrigirant comp passat skoda octavia 2088-2015	564	t	o3l115389h	/static/images/O3L115389H.jpg		f		6	\N	\N
3147	scania	382.78	t	qr25313	/static/images/QR25313.jpg		f		7	13	\N
3148	inter scania	226.28	t	qr25969	/static/images/QR25969.jpg		f		7	13	\N
3149	kit scania	584.56	t	kit25313/969	/static/images/KIT25313.969.jpg		f		7	13	\N
3150	scania 360	338.95	t	qr25614	/static/images/QR25614.jpg		f		7	13	\N
3151	scania 380	491.76	t	qr27940	/static/images/QR27940.jpg		f		7	13	\N
3152	scania mercedes	383.06	t	qr26242	/static/images/QR26242.jpg		f		7	13	\N
3153	scania interieur	262.2	t	qr59847	/static/images/QR59847.jpg		f		7	13	\N
3154	kit scania	618.88	t	kit26242/59847	/static/images/KIT26242.59847.jpg		f		7	13	\N
3155	scania nm	546.75	t	qr1001	/static/images/QR1001.jpg		f		7	13	\N
3156	scania nm hp	371.71	t	qr4319	/static/images/QR4319.jpg		f		7	13	\N
3157	scania	382.78	t	qr7099	/static/images/QR7099.jpg		f		7	13	\N
3158	scania nm 2020>	913.48	t	qr41657	/static/images/QR41657.jpg		f		7	13	\N
3159	scania nm 2019>	869.43	t	qr55128	/static/images/QR55128.jpg		f		7	13	\N
3160	scania jcb	63.48	t	bg1201	/static/images/BG1201.jpg		f		7	13	\N
3161	scania nm	214.7	t	bg1202	/static/images/BG1202.jpg		f		7	13	\N
3162	inter scania	213.35	t	qr27995	/static/images/QR27995.jpg		f		7	13	\N
3163	scania 410 8x4 nm	913.48	t	qr14658	/static/images/QR14658.jpg		f		7	13	\N
3164	inter scania 410 8x4 nm	475.38	t	qr14659	/static/images/QR14659.jpg		f		7	13	\N
3165	kit scania 410 8x4 nm	1347.18	t	kit14658/659	/static/images/KIT14658.659.jpg		f		7	13	\N
3166	scania	607.65	t	qr8513	/static/images/QR8513.jpg		f		7	13	\N
3167	scania	449.38	t	qr25627	/static/images/QR25627.jpg		f		7	13	\N
3168	renault 400/440	327.72	t	qr25333	/static/images/QR25333.jpg		f		7	13	\N
3169	rvi 440 400 210 (inter)	156.28	t	qr25634	/static/images/QR25634.jpg		f		7	13	\N
3170	kit renault 440 400\n210	464.68	t	kit25333/25634	/static/images/KIT25333.25634.jpg		f		7	13	\N
3171	renault 440	344.1	t	qr25382	/static/images/QR25382.jpg		f		7	13	\N
3172	rvi 440 400 210\n(inter)	161.82	t	qr25439	/static/images/QR25439.jpg		f		7	13	\N
2808	a.h 33x55x10 - mot av - bv l200	23.86	t	ah/33.55.10	/static/images/ah/33.55.10.jpg		f		4	11	\N
2809	a.h 105x120x11 isu fsr mot ar	27	t	ah/105.120.11	/static/images/ah/105.120.11.jpg		f		4	11	\N
2810	a.h 15x32x8 fsr alternateur	10	t	ah.15.32.8	/static/images/ah.15.32.8.jpg		f		4	11	\N
2811	a.h 20x 47x 7 suz bv -pn av	14	t	ah/20.47.7	/static/images/AH/20.47.7.jpg		f		4	11	\N
2812	a.h 34.93x53.98x7.95 - bv mits l200 tfr - kb26	14	t	ah/34.93.53.9	/static/images/ah/34.93.53.9.jpg		f		4	11	\N
2813	a.h 38x63x10/13 pont ar tfr	22	t	ah/38.63.10/1	/static/images/AH/38.63.10/1.jpg		f		4	11	\N
2814	a.h 48x62x7/9 assist isufsr	13.5	t	ah/48.62.7/9	/static/images/AH/48.62.7/9.jpg		f		4	11	\N
2815	a.h 49x100x8/10.5 npr nm/ nkr	36	t	ah/49.100.8	/static/images/AH/49.100.8.jpg		f		4	11	\N
2816	a.h 50x100x10 npr roue ar	23	t	ah/50.100.10	/static/images/AH/50.100.10.jpg		f		4	11	\N
2817	a.h 56,122.8/10.5 isu fsr roue	35	t	ah/56.122.8/1	/static/images/ah/56.122.8/1.jpg		f		4	11	\N
2818	a.h isu pn ar l200 - tfr japon	15	t	ah/30.55.7	/static/images/ah/30.55.7.jpg		f		4	11	\N
2819	a.h l200-toyota-isuzu ar ext alternateur l200	9	t	ah/12.25.5	/static/images/aH/12.25.5.jpg		f		4	11	\N
2820	a.h mot ar fiat tracteur moteur isuz fsr	53	t	ah/105.135.12	/static/images/AH/105.135.12.jpg		f		4	11	\N
2821	a.h 15x 32x 7.5/8 - tacy fsr	8.5	t	ah/15.32.75/8	/static/images/AH/15.32.75/8.jpg		f		4	11	\N
2822	a.h de roue ar isuzu fsr	40	t	ah/95.132.12	/static/images/AH/95.132.12.jpg		f		4	11	\N
2823	ah 85x110x10	29	t	ah.85.110.10	/static/images/AH.85.110.10.jpg		f		4	11	\N
2824	ah mot ar fiat 80/66 11413514- iveco	75	t	ah/114.135.13	/static/images/AH/114.135.13.jpg		f		4	11	\N
2825	a.h_roue av fiat 80/66 508210	25	t	ah/50.82.10	/static/images/AH/50.82.10.jpg		f		4	11	\N
2826	a.h 27.8x41.4x9.5 b/v m/f p/m	15	t	ah.27.8x41.4x	/static/images/AH.27.8X41.4X.jpg		f		4	11	\N
2827	a.h 38x80x10 agricol mahrt	20	t	ah/38.80.10	/static/images/AH/38.80.10.jpg		f		4	11	\N
2828	a.h 40x80x10 agricol	15	t	ah/40.80.10	/static/images/AH/40.80.10.jpg		f		4	11	\N
2829	a.h 42.56x72.11x13 agricol	27	t	ah/42.56.72.1	/static/images/AH/42.56.72.1.jpg		f		4	11	\N
2830	a.h 44.5x63.5x12.7 agricol	18	t	ah/44.63.12	/static/images/AH/44.63.12.jpg		f		4	11	\N
2831	a.h 48x80x14 agricol	20	t	ah/48.80.14	/static/images/AH/48.80.14.jpg		f		4	11	\N
2832	a.h 48x82x12 agricol	22	t	ah/48.82.12	/static/images/AH/48.82.12.jpg		f		4	11	\N
2833	a.h 48x85x10 agricol	20	t	ah/48.85.10	/static/images/AH/48.85.10.jpg		f		4	11	\N
2834	a.h 48x90x10 agricol	20	t	ah/48.90.10	/static/images/AH/48.90.10.jpg		f		4	11	\N
2835	ah 60x75x8 - toyota- nissan	25	t	ah/60.75.8	/static/images/AH/60.75.8.jpg		f		4	11	\N
2836	a.h 28x40x7 nis sd22 bv	16	t	ah/28.40.7	/static/images/AH/28.40.7.jpg		f		4	11	\N
2837	a.h 42x72.5x12 nis sd22 pn ar	16.5	t	ah/42.72.5.12	/static/images/AH/42.72.5.12.jpg		f		4	11	\N
2838	a.h 45x68.8.5 nis sd22 pon ar ext am	14	t	ah/45.68.8.5	/static/images/AH/45.68.8.5.jpg		f		4	11	\N
2839	a.h 57x73x7 nis sd22 roue av am	25	t	ah/57.73.7	/static/images/AH/57.73.7.jpg		f		4	11	\N
2840	a.h nis sd22 ar nm	12	t	ah/38.47.10	/static/images/AH/38.47.10.jpg		f		4	11	\N
2841	a.h 28x38x7 honda acty pom gazoil mf	9.5	t	ah/28.38.7	/static/images/AH/28.38.7.jpg		f		4	11	\N
2842	a.h 30x42x8 acty mt nm	12	t	ah/30.42.8a	/static/images/AH/30.42.8A.jpg		f		4	11	\N
2843	ah 35x48x10 audi	23	t	ah/35.48.10	/static/images/AH/35.48.10.jpg		f		4	11	\N
2844	a.h 85x105x6.8/11 golf mot ar original	38	t	ah/85.105.6.8	/static/images/AH/85.105.6.8.jpg		f		4	11	\N
2845	a.h 21.9x40x8 b/v golf	12	t	ah/21.9.40.8	/static/images/AH/21.9.40.8.jpg		f		4	11	\N
2846	a.h 40x25x6.1 golf	15	t	ah/40.25.6.1	/static/images/AH/40.25.6.1.jpg		f		4	11	\N
2847	a.h 40x52/58x7.5 roue ar golf	15	t	ah/40.52/58.7	/static/images/AH/40.52/58.7.jpg		f		4	11	\N
2848	a.h 8x14x8 a.h tgr golf force	12	t	ah/8.14.8	/static/images/AH/8.14.8.jpg		f		4	11	\N
2849	a.h b/v golf metal + plast 1/2	14.5	t	ah/8.14.4t	/static/images/AH/8.14.4T.jpg		f		4	11	\N
2850	a.h golf -honda mot av	11	t	ah/32.47.8	/static/images/AH/32.47.8.jpg		f		4	11	\N
2851	a.h mot golf jetta passat audi	12	t	ah/32.47.10	/static/images/AH/32.47.10.jpg		f		4	11	\N
2852	a.h renault mits l200-golf f4147	20	t	ah/50.65.10	/static/images/AH/50.65.10.jpg		f		4	11	\N
2853	ah/48.65.10 - rnt golf mot av	25	t	ah/48.65.10	/static/images/AH/48.65.10.jpg		f		4	11	\N
2854	ah 95x 115x 13 mot ar se 160 camion	35	t	ah.95.115.13	/static/images/AH.95.115.13.jpg		f		4	11	\N
28	filtre air daf 265045	175.15	t	qr4832	/static/images/fltrair/qr4832.jpg		f		1	13	\N
29	filtre air daf xf cf 1317409 - af25426	384.61	t	qr25426	/static/images/fltrair/qr25426.jpg		f		1	13	\N
30	filtre daf  1854407- af4247	447.84	t	qr26024	/static/images/fltrair/qr26024.jpg		f		1	13	\N
31	filtre daf - 1657522- af25976	358.09	t	qr25976	/static/images/fltrair/qr25976.jpg		f		1	13	\N
32	filtre daf 95 xf - 1295090- af25437	406.29	t	qr25437	/static/images/fltrair/qr25437.jpg		f		1	13	\N
33	filtre daf cf65 lf45 lf55 - 1679397	471.81	t	qr27878	/static/images/fltrair/qr27878.jpg		f		1	13	\N
34	filtre daf euro 2021 nm - 2144993	930.34	t	qr44993	/static/images/fltrair/qr44993.jpg		f		1	13	\N
36	filtre interier daf - 1735595	252.87	t	qr35595	/static/images/fltrair/qr35595.jpg		f		1	13	\N
2856	a.h 65x85x9 agrigole rnt se160 moteur av	23.5	t	ah/65.85.10	/static/images/AH/65.85.10.jpg		f		4	11	\N
2857	a.h 80x100x13 r18 distr ar	30	t	ah/80.100.13t	/static/images/AH/80.100.13T.jpg		f		4	11	\N
2858	a.h 80x100x9 mot ar dacia laugan	28	t	ah/80.100.9	/static/images/AH/80.100.9.jpg		f		4	11	\N
2859	a.h 85x105.x13 r9/r19 express / golf dist	24	t	ah/85.105.13	/static/images/AH/85.105.13.jpg		f		4	11	\N
2860	a.h mot ar r9-19-18-20-21 = 13118	28	t	ah/85.105.9	/static/images/AH/85.105.9.jpg		f		4	11	\N
2861	a.h mot ar r9-r19-r18--21	28	t	ah/85.105.8	/static/images/AH/85.105.8.jpg		f		4	11	\N
2862	a.h ren r18-r1-r21	30	t	ah.90.110.13	/static/images/AH.90.110.13.jpg		f		4	11	\N
2863	a.h ren r18-r9-r21-r25 = 13840	30	t	ah/90.110.10	/static/images/ah/90.110.10.jpg		f		4	11	\N
2864	a.h renault se160 camion se160-isuzu lisieu kharije	53	t	ah/125.160.13	/static/images/ah/125.160.13.jpg		f		4	11	\N
2865	ah 80x 100x 8 dacia logan	28	t	ah.80.100.8	/static/images/AH.80.100.8.jpg		f		4	11	\N
2866	mot ar r12-r4-3 disc agrigole	22	t	ah.70.90.10	/static/images/ah.70.90.10.jpg		f		4	11	\N
2867	ah 42x65x8	20	t	ah.42.65.8	/static/images/AH.42.65.8.jpg		f		4	11	\N
2868	ah 90x110x15 mot av	35	t	ah/90.110.15	/static/images/AH/90.110.15.jpg		f		4	11	\N
2869	ah toyota hilux 2l mt av	18.5	t	ah/42.60.7n	/static/images/AH/42.60.7N.jpg		f		4	11	\N
2870	a.h_ p205 s:wire mits fk415-6d14-2a bv av	19.5	t	ah/40.58.8	/static/images/AH/40.58.8.jpg		f		4	11	\N
2871	a.h 19x28x6	10	t	ah/19.28.6	/static/images/AH/19.28.6.jpg		f		4	11	\N
2872	a.h 23x36x6/7 b/v p205-p309-p405-c15	16.5	t	ah/23.36.6/7v	/static/images/AH/23.36.6/7V.jpg		f		4	11	\N
2873	a.h 24x36x7	26	t	ah/24.36.7t	/static/images/AH/24.36.7T.jpg		f		4	11	\N
2874	a.h 29x46x10 j5-c25-j9- decato mot av	14.5	t	ah/29.46.10	/static/images/AH/29.46.10.jpg		f		4	11	\N
2875	a.h 32x50x8 cardan p605-xm-p806 ivazion	12	t	ah/32.50.8	/static/images/AH/32.50.8.jpg		f		4	11	\N
2876	a.h 40x58x10 cardan p205-c15	12.5	t	ah/40.58.10h	/static/images/AH/40.58.10H.jpg		f		4	11	\N
2877	a.h 40x62x10	13.5	t	ah/40.62.10s	/static/images/AH/40.62.10S.jpg		f		4	11	\N
2878	a.h 40x65x10 p504	14	t	ah/40.65.10	/static/images/AH/40.65.10.jpg		f		4	11	\N
2879	a.h 45x60x10	16.5	t	ah/45.60.10	/static/images/AH/45.60.10.jpg		f		4	11	\N
2880	a.h 45x62x10 peugeot	15	t	ah/45.62.10	/static/images/AH/45.62.10.jpg		f		4	11	\N
2881	a.h 50x70x13.5/8 toyota pont ar 11857 hilux	15	t	ah/50.70.13.5	/static/images/AH/50.70.13.5.jpg		f		4	11	\N
2882	a.h 32.x46x6 toy pontn ar/hilx	13.5	t	ah/32.46.6	/static/images/AH/32.46.6.jpg		f		4	11	\N
2883	a.h 33x44x7 toyoyta mot av hilux	14.5	t	ah/33.44.7	/static/images/AH/33.44.7.jpg		f		4	11	\N
2884	a.h 35x49x6 - toyota corola	20	t	ah/35.49.6	/static/images/AH/35.49.6.jpg		f		4	11	\N
2885	a.h 38x65x12/19 po ar hilux	20	t	ah/38.65.12/1	/static/images/AH/38.65.12/1.jpg		f		4	11	\N
2886	a.h 38x74x11/18 pot ar toyota hilux	22	t	ah/38.74.11	/static/images/AH/38.74.11.jpg		f		4	11	\N
2887	a.h de roue merc 207 - toyota hilux	20	t	ah/55.70.8	/static/images/AH/55.70.8.jpg		f		4	11	\N
2888	a.h roue ar toyota hilux	24	t	ah/48.62.9/24	/static/images/AH/48.62.9/24.jpg		f		4	11	\N
2889	a.h roue toyota hilux	17	t	ah.48.62.9	/static/images/AH.48.62.9.jpg		f		4	11	\N
2890	a.h 90x110x13 r18/ r21 trafic distr ar	30	t	ah/90.110.13t	/static/images/AH/90.110.13T.jpg		f		4	11	\N
2891	a.h 90x110x11 special hscl 11077	33	t	ah/90.110.11s	/static/images/AH/90.110.11S.jpg		f		4	11	\N
2892	a.h 90x110x7 c15-partner p205-307 palier ar	32	t	ah/90.110.7	/static/images/AH/90.110.7.jpg		f		4	11	\N
2893	a.h assister pgt partner 2199	8.5	t	ah/20.30.7t	/static/images/AH/20.30.7T.jpg		f		4	11	\N
2894	a.h cardan g/m p205-405-c15 sa1269	18	t	ah/40.58.11.3	/static/images/AH/40.58.11.3.jpg		f		4	11	\N
2895	a.h cardan p205 p/m	15	t	ah/29.85.47.1	/static/images/AH/29.85.47.1.jpg		f		4	11	\N
2896	a.h cardan p205-c15-simple original	11	t	ah.30.47.7	/static/images/AH.30.47.7.jpg		f		4	11	\N
2897	a.h dist p205-c15-p309	19	t	ah/42.62.8	/static/images/AH/42.62.8.jpg		f		4	11	\N
2898	a.h lisieu c15 ar	13	t	ah/30.41.7x11	/static/images/AH/30.41.7X11.jpg		f		4	11	\N
2899	a.h lissieu p405-205 309 ar	17	t	ah/48.9x63x10	/static/images/AH/48.9x63x10.jpg		f		4	11	\N
2900	a.h mot j5-c25-j9-citroen 95x112x12.5	29	t	ah/95.112.12	/static/images/AH/95.112.12.jpg		f		4	11	\N
2901	a.h mot r4-r&2-r9-r11-r18 htgr	11	t	ah/35.50.8	/static/images/AH/35.50.8.jpg		f		4	11	\N
2902	a.h moteur r12-r18-p205 c/dist	12	t	ah/35.50.10	/static/images/AH/35.50.10.jpg		f		4	11	\N
2903	a.h p504 arbre ar -ford tracteur	20	t	ah/52.75.12	/static/images/AH/52.75.12.jpg		f		4	11	\N
2904	ah.35x50x7	10	t	ah/35.50.7	/static/images/AH/35.50.7.jpg		f		4	11	\N
2905	a.h 28x38x10/15-suzuki b/vitesse st90 ar 12749	18	t	ah/28.38.10/1	/static/images/AH/28.38.10/1.jpg		f		4	11	\N
2906	a.h tete couchon fk -suz f8a-f10a vilbr	18	t	ah/42.55.7	/static/images/AH/42.55.7.jpg		f		4	11	\N
2907	a.h 35x48x7 daewoo	14	t	ah/35.48.7	/static/images/AH/35.48.7.jpg		f		4	11	\N
2908	a.h suzuki carre b/vitesse	18	t	ah/32.42.10/1	/static/images/AH/32.42.10/1.jpg		f		4	11	\N
2909	ah 70x80x8 mot ar fiat	23	t	ah/70.80.8l	/static/images/AH/70.80.8L.jpg		f		4	11	\N
2910	a.h_ b/v fiat uno	16	t	ah/22.8.40.6/	/static/images/AH/22.8.40.6/.jpg		f		4	11	\N
2911	ah mot ar fiat 80/66 114x135x14- iveco	75	t	ah/144.135.13	/static/images/AH/144.135.13.jpg		f		4	11	\N
2912	a.h_ reflage mf ford fiat volvo - 12455 - 10211	23	t	ah/17.30.7d	/static/images/AH/17.30.7D.jpg		f		4	11	\N
2913	a.h 110x135x13- 80/66 iveco decato c25 - j5	75	t	ah/110.135.13	/static/images/AH/110.135.13.jpg		f		4	11	\N
2914	a.h 14x22x4 sc fiat doblo assist personel	8	t	ah/14.22.4	/static/images/AH/14.22.4.jpg		f		4	11	\N
2915	a.h 14x22x7 fiat palio assist	8.5	t	ah/14.22.7	/static/images/AH/14.22.7.jpg		f		4	11	\N
2916	a.h 22x40x6/7 bv fiat	25	t	ah/22.40.6/7	/static/images/AH/22.40.6/7.jpg		f		4	11	\N
2917	a.h 28x42x7 tc fiat mot av	11	t	ah/28.42.7	/static/images/AH/28.42.7.jpg		f		4	11	\N
2918	a.h 30x52x7	18	t	ah/30.52.7h	/static/images/AH/30.52.7H.jpg		f		4	11	\N
2919	a.h 36x54x11/12 r12 cardan uno palio	12	t	ah/36.54.11/1	/static/images/AH/36.54.11/1.jpg		f		4	11	\N
2920	a.h 57x86.1x12.9 mf fuse av 390	20	t	ah/57.86.1.12	/static/images/AH/57.86.1.12.jpg		f		4	11	\N
2921	a.h agrigole 3 disc ar - mit	15	t	ah/31.75.50.8	/static/images/AH/31.75.50.8.jpg		f		4	11	\N
2922	a.h b.v g/m m/f 39.3x49.3x6.3 bv	15	t	ah/39.23.49.3	/static/images/AH/39.23.49.3.jpg		f		4	11	\N
2923	a.h mits 4d55 t p.huile pompe	12	t	ah/17.28.7	/static/images/AH/17.28.7.jpg		f		4	11	\N
2924	a.h mot av deutz 912	20	t	ah/60.80.10t	/static/images/AH/60.80.10T.jpg		f		4	11	\N
2925	ah 80x 110x 10 mot ar fiat 80/66	39	t	ah.80.110.10	/static/images/AH.80.110.10.jpg		f		4	11	\N
2926	ah mf 185 m290 moteur av	23	t	ah/56.68.79.9	/static/images/AH/56.68.79.9.jpg		f		4	11	\N
2927	ah 17x28x28.5x 7 rouvlage mf	15	t	ah.17.28.28.5	/static/images/AH.17.28.28.5.jpg		f		4	11	\N
2928	ah/47.6x73.1x11.9 lester-peter-ford tracteur	15	t	ah.13088	/static/images/AH.13088.jpg		f		4	11	\N
2929	ah/36.3x63.8x9/4 lester-peter-ford tracteur am	15	t	ah.12377	/static/images/AH.12377.jpg		f		4	11	\N
2930	ah/41x73x16 pot ar ford double rssort	20	t	ah.12383	/static/images/AH.12383.jpg		f		4	11	\N
2931	a.h 50x85x8 agricol	20	t	ah/50.85.8	/static/images/AH/50.85.8.jpg		f		4	11	\N
2932	a.h 55x82x10 agricol	25	t	ah/55.82.10	/static/images/AH/55.82.10.jpg		f		4	11	\N
427	filtre air daf cf 1931684       - af27689	469.99	t	qr27689	/static/images/fltrair/qr27689.jpg		f		1	13	\N
429	filtre daf cf 85- 1933740 - af4184	356.83	t	qr4184	/static/images/fltrair/qr4184.jpg		f		1	13	\N
430	filtre daf xf 95-cf-75 cf 85 - af25623	384.62	t	qr25623	/static/images/fltrair/qr25623.jpg		f		1	13	\N
3173	kit renault 440 400\n210\n	485.32	t	kit25382/25439	/static/images/KIT25382.25439.jpg		f		7	13	\N
3174	renault volvo\nplasma	524.35	t	qr37557	/static/images/QR37557.jpg		f		7	13	\N
3175	inter renault- volvo plasma	182.76	t	qr37449	/static/images/QR37449.jpg		f		7	13	\N
3176	kit renault-volvo plasma	678.7	t	kit37557/449	/static/images/KIT37557.449.jpg		f		7	13	\N
3177	rvi	191.53	t	qr25065	/static/images/QR25065.jpg		f		7	13	\N
3178	rvi	273.23	t	qr424m	/static/images/QR424M.jpg		f		7	13	\N
3179	rvi 210	262.44	t	qr4927	/static/images/QR4927.jpg		f		7	13	\N
3180	rvi volvo	371.31	t	qr26244	/static/images/QR26244.jpg		f		7	13	\N
3181	rvi 280	108.81	t	bg1401	/static/images/BG1401.jpg		f		7	13	\N
3182	renault trucks	416.94	t	qr25626	/static/images/QR25626.jpg		f		7	13	\N
3183	renault maxity	125.1	t	qr26475	/static/images/QR26475.jpg		f		7	13	\N
3184	renault trucks- volvo	325.98	t	qr25898	/static/images/QR25898.jpg		f		7	13	\N
3203	volvo fl10 fl7	384.32	t	qr25294	/static/images/QR25294.jpg		f		7	13	\N
3204	jhon deere ford	160.72	t	qr1823k	/static/images/QR1823K.jpg		f		7	13	\N
3205	volvo poclain	371.08	t	qr25748	/static/images/KIT25313.969.jpg		f		7	13	\N
3206	volvo -- renault kerax 500	785.46	t	qr48742	/static/images/QR48742.jpg		f		7	13	\N
3207	volvo scania	412.55	t	qr26401	/static/images/KIT26242.59847.jpg		f		7	13	\N
3208	volvo penta	410.79	t	qr26249	/static/images/QR26249.jpg		f		7	13	\N
3219	kit man king long hitachi	538.32	t	kit25876/ 026	/static/images/KIT25876.026.jpg		f		7	13	\N
3220	man mercedes\nm.	474.86	t	qr27974	/static/images/QR27974.jpg		f		7	13	\N
3221	Adblue-cuve IBC 1000L	8500	t	adb1000	/static/images/default.jpg	\N	f	\N	5	12	\N
3223	croisillon gu1000	45.51	t	gu1000	/static/images/GU1000.jpg		f		8	15	\N
3224	croisillon gu1100	45.51	t	gu1100	/static/images/GU1100.jpg		f		8	15	\N
3225	croisillon gu2050	71.51	t	gu2050	/static/images/GU2050.jpg		f		8	15	\N
3226	croisillon gu2200	71.51	t	gu2200	/static/images/GU2200.jpg		f		8	15	\N
3227	croisillon gu2300	78.01	t	gu2300	/static/images/GU2300.jpg		f		8	15	\N
3228	croisillon gu350	23.41	t	gu350	/static/images/GU350.jpg		f		8	15	\N
3229	croisillon gu3500	97.51	t	gu3500	/static/images/GU3500.jpg		f		8	15	\N
3230	croisillon gu500	39.01	t	gu500	/static/images/GU500.jpg		f		8	15	\N
3231	croisillon gu728/3	35.11	t	gu728_3	/static/images/GU728_3.jpg		f		8	15	\N
3222	Adblue 10L	95	t	adb10	/static/images/default.jpg	\N	f	\N	5	12	\N
3232	croisillon gu7280/4	41.61	t	gu7280_4	/static/images/GU7280_4.jpg		f		8	15	\N
3233	croisillon guis52	49.41	t	guis52	/static/images/GUIS52.jpg		f		8	15	\N
3234	croisillon guis62	78.01	t	guis62	/static/images/GUIS62.jpg		f		8	15	\N
3235	croisillon gum76	49.41	t	gum76	/static/images/GUM76.jpg		f		8	15	\N
3236	croisillon gum82	97.51	t	gum82	/static/images/GUM82.jpg		f		8	15	\N
3237	croisillon gum93	55.91	t	gum93	/static/images/GUM93.jpg		f		8	15	\N
3238	croisillon gun27	36.41	t	gun27	/static/images/GUN27.jpg		f		8	15	\N
3239	croisillon gun34	32.51	t	gun34	/static/images/GUN34.jpg		f		8	15	\N
3240	croisillon gut12	44.21	t	gut12	/static/images/GUT12.jpg		f		8	15	\N
3241	croisillon gut14	58.51	t	gut14	/static/images/GUT14.jpg		f		8	15	\N
3242	croisilon- cr- 30*86	71.91	t	cr-30dx86	/static/images/CR-30dx86.jpg		f		8	15	\N
3243	croisilon- cr- 30*88	79.11	t	cr-30dx88	/static/images/CR-30dx88.jpg		f		8	15	\N
3244	croisilon- cr- 32*86	74.81	t	cr-32dx86	/static/images/CR-32dx86.jpg		f		8	15	\N
3245	croisilon- cr- 35*106	98.91	t	cr-35dx106	/static/images/CR-35dx106.jpg		f		8	15	\N
3246	croisilon- cr- 35*97	89.91	t	cr-35dx97	/static/images/CR-35dx97.jpg		f		8	15	\N
3247	croisilon- cr- 5-153x	59.33	t	cr-5-153x	/static/images/CR-5-153X.jpg		f		8	15	\N
3248	croisilon- cr- cr11 30,2*80	75.52	t	cr-cr1130,2dx80	/static/images/CR-CR1130,2dx80.jpg		f		8	15	\N
3249	croisilon- cr- cr18 27*74,6	59.33	t	cr-cr1827dx74,6	/static/images/CR-CR1827dx74,6.jpg		f		8	15	\N
3250	croisilon- cr- cr194 19*48	34.16	t	cr-cr19419dx48	/static/images/CR-CR19419dx48.jpg		f		8	15	\N
3251	croisilon- cr- cr2 22*54	34.16	t	cr-cr222dx54	/static/images/CR-CR222dx54.jpg		f		8	15	\N
3252	croisilon- cr- cr23 34,92*106,5	97.11	t	cr-cr2334,92dx106,5	/static/images/CR-CR2334,92dx106,5.jpg		f		8	15	\N
3253	croisilon- cr- cr27 36*89	109.69	t	cr-cr2736dx89	/static/images/CR-CR2736dx89.jpg		f		8	15	\N
3254	croisilon- cr- cr29 32*76	79.11	t	cr-cr2932dx76	/static/images/CR-CR2932dx76.jpg		f		8	15	\N
3255	croisilon- cr- cr375 28,5*70,6	68.32	t	cr-cr37528,5dx70,6	/static/images/CR-CR37528,5dx70,6.jpg		f		8	15	\N
3256	croisilon- cr- cr40 19*44	27.31	t	cr-cr4019dx44	/static/images/CR-CR4019dx44.jpg		f		8	15	\N
3257	croisilon- cr- cr6 30,2*92	75.52	t	cr-cr630,2dx92	/static/images/CR-CR630,2dx92.jpg		f		8	15	\N
3258	croisilon- cr- cr7 30,2*106,5	97.11	t	cr-cr730,2dx106,5	/static/images/CR-CR730,2dx106,5.jpg		f		8	15	\N
3259	croisilon- cr- cr70 34,92*94	97.11	t	cr-cr7034,92dx94	/static/images/CR-CR7034,92dx94.jpg		f		8	15	\N
3260	croisilon- cr-22-57	31.21	t	cr-22-57	/static/images/CR-22-57.jpg		f		8	15	\N
3261	croisilon- cr123 27*70	54.61	t	cr123	/static/images/CR123.jpg		f		8	15	\N
3262	croisilon- cr29	58.51	t	cr29	/static/images/CR29.jpg		f		8	15	\N
3263	croisilon- cr40	16.38	t	cr40	/static/images/CR40.jpg		f		8	15	\N
3264	croisilon- gum85 22*63	39.01	t	gum85	/static/images/GUM85.jpg		f		8	15	\N
3265	pompe eau toyota elevateur t-61-16110-18010-fp3301	126	t	gwt31a	/static/images/GWT31A.jpg		f		9	16	\N
3266	pompe eau toyota 16100-25010-fp3310	175	t	gwt01a	/static/images/GWT01A.jpg		f		9	16	\N
3267	pompe eau honda legend 19200ph7003-fp3362	177	t	gwh025a	/static/images/GWH025A.jpg		f		9	16	\N
3268	pompe eau honda accord h23-19200p14a00-fp3363	134	t	gwh034a	/static/images/GWH034A.jpg		f		9	16	\N
3269	pompe eau honda accord h6-19200pb2000-fp3359	123	t	gwh010a	/static/images/GWH010A.jpg		f		9	16	\N
3270	pompe eau honda accord a20a-fp3356	112	t	gwh023a	/static/images/GWH023A.jpg		f		9	16	\N
3271	pompe eau toyota 1610078300-fp3311	280	t	gwt104a	/static/images/GWT104A.jpg		f		9	16	\N
3272	pompe eau mits lancer hyundai -fp3340	123	t	gwm53a	/static/images/GWM53A.jpg		f		9	16	\N
3273	pompe eau daihatsu s60 -1610287780-fp3375	128	t	gwd16a	/static/images/GWD16A.jpg		f		9	16	\N
3274	pompe eau toyota celica corolla-1611079045-fp3372	128	t	gwt77a	/static/images/GWT77A.jpg		f		9	16	\N
3275	pompe eau daihatsu s60-1610087185-fp3368	132	t	gwd35a	/static/images/GWD35A.jpg		f		9	16	\N
3276	pompe eau nissan maxima-2101031u25-fp3328	172	t	gwn51a	/static/images/GWN51A.jpg		f		9	16	\N
3277	pompe eau nis bluebird-21010g5510-fp3327	248	t	gwn57a	/static/images/GWN57A.jpg		f		9	16	\N
3278	pompe eau honda legend-19200pr4003-fp3364	128	t	gwh027a	/static/images/GWH027A.jpg		f		9	16	\N
3279	pompe eau kia sportage-251003x000-fp33917	108	t	gwk19a	/static/images/GWK19A.jpg		f		9	16	\N
3280	pompe eau toyota-1610059245-fp3312	280	t	gwt110a	/static/images/GWT110A.jpg		f		9	16	\N
3281	pompe eau kia sephia-ok24a15010-fp3314	98	t	gwk17a	/static/images/GWK17A.jpg		f		9	16	\N
3282	pompe eau isuzu-894387613-fp3317	140	t	gwis36a	/static/images/GWIS36A.jpg		f		9	16	\N
3283	pompe eau isuzu-8941185011-fp3319	123	t	gwis28a	/static/images/GWIS28A.jpg		f		9	16	\N
3284	pompe eau suzuki alto swift-1740082820-fp3326	280	t	gws15a	/static/images/GWS15A.jpg		f		9	16	\N
3285	pompe eau toyota land cruiser -1610059075-fp3378	198	t	gwt109a	/static/images/GWT109A.jpg		f		9	16	\N
3286	pompe eau honda legend-fp3380	198	t	gwh035a	/static/images/GWH035A.jpg		f		9	16	\N
3287	pompe eau mazda	279	t	fp3354	/static/images/FP3354.jpg		f		9	16	\N
3288	pompe eau mits pajero	390	t	fp3345	/static/images/FP3345.jpg		f		9	16	\N
3289	pompe eau mits galant	219	t	fp3341	/static/images/FP3341.jpg		f		9	16	\N
3290	pompe eau daewoo lanos	118	t	fp3371	/static/images/FP3371.jpg		f		9	16	\N
3291	pompe huile p205-309-405-100156	130	t	fp3394	/static/images/FP3394.jpg		f		9	16	\N
3292	pompe eau mazda	265	t	fp3355	/static/images/FP3355.jpg		f		9	16	\N
3293	pompe eau 5518408046	185	t	s261	/static/images/S261.jpg		f		9	16	\N
3294	pompe eau vw golf2-golg3 diesel  a151	138	t	a151	/static/images/A151.jpg		f		9	16	\N
3295	pompe eau part berl p306 xsara c15-c120	145	t	c120	/static/images/C120.jpg		f		9	16	\N
3296	pompe eau p205 c15 -t136	135	t	120139	/static/images/120139.jpg		f		9	16	\N
3297	pompe eau fiat doblo 	169	t	46526243	/static/images/46526243.jpg		f		9	16	\N
3298	pompe eau pgt partner c119	148	t	1611896680	/static/images/1611896680.jpg		f		9	16	\N
3299	pompe a eau p205- p206- p106-120160	125	t	c110	/static/images/C110.jpg		f		9	16	\N
3300	pompe a eau c129	185	t	c129	/static/images/C129.jpg		f		9	16	\N
3301	pompe eau golf i diesel-a150	117	t	a150	/static/images/A150.jpg		f		9	16	\N
3302	pompe eau p205d bx citroen -120139	131	t	t-136	/static/images/T-136.jpg		f		9	16	\N
3303	pompe eau  p205d -n206	169	t	120160	/static/images/120160.jpg		f		9	16	\N
3304	pompe eau p405 essence-n405	143	t	n-405	/static/images/N-405.jpg		f		9	16	\N
3305	pompe eau p504-n504d	144	t	n-504	/static/images/N-504.jpg		f		9	16	\N
3306	pompe  eau r112	148	t	r112	/static/images/R112.jpg		f		9	16	\N
3307	pompe eau r25-r21 ess trafic*7701464030	164	t	r131	/static/images/R131.jpg		f		9	16	\N
3308	pompe  eau r19 chamade clio ess-7700736091	156	t	r-124	/static/images/R-124.jpg		f		9	16	\N
3309	pompe eau r25 ess r21 a/poulie r122	195	t	7701460145	/static/images/7701460145.jpg		f		9	16	\N
3310	pompe eau r18 diesel r178	180	t	7701349446	/static/images/7701349446.jpg		f		9	16	\N
3311	pompe eau r217	156	t	r217	/static/images/R217.jpg		f		9	16	\N
3312	pompe eau ford transit nm f124	248	t	f124	/static/images/F124.jpg		f		9	16	\N
3313	pompe eau r227	183	t	r227	/static/images/R227.jpg		f		9	16	\N
3314	pompe gasoil deutz 1969/5	176	t	pfp2172	/static/images/PFP2172.jpg		f		10	16	\N
3315	pompe gasoil fiat tractor 1947/6	172	t	pfp2107	/static/images/PFP2107.jpg		f		10	16	\N
3316	pompe gasoil land rover 2574	223	t	pfp2010	/static/images/PFP2010.jpg		f		10	16	\N
3317	pompe gasoil perkins jcb 2 trou 1693/1	195	t	pfp2023	/static/images/PFP2023.jpg		f		10	16	\N
3318	pompe gasoil perkins jcb 2 trou 1812	164	t	pfp2029	/static/images/PFP2029.jpg		f		10	16	\N
3319	pompe gasoil perkins jcb 2 tube 2733	273	t	pfp2132	/static/images/PFP2132.jpg		f		10	16	\N
3320	rouelemtn 1310	93.6	t	1310	/static/images/default.jpg		f		2	17	\N
3321	rouelemtn 1311	124.8	t	1311	/static/images/default.jpg		f		2	17	\N
3322	rouelemtn 1312	142.99	t	1312	/static/images/default.jpg		f		2	17	\N
3323	rouelemtn 22312 kmw 33c3	292.5	t	22312kmw33c3	/static/images/default.jpg		f		2	17	\N
3324	rouelemtn 22313 kmw 33c3	327.6	t	22313kmw33c3	/static/images/default.jpg		f		2	17	\N
3325	rouelemtn 30214	97.5	t	30214	/static/images/default.jpg		f		2	17	\N
3326	rouelemtn 359/254	57.19	t	359/254	/static/images/default.jpg		f		2	17	\N
3327	rouelemtn 6202 2rs c3   	12.98	t	62022rsc3	/static/images/default.jpg		f		2	17	\N
3328	rouelemtn 6203 2rs c3  	13.88	t	62032rsc3	/static/images/default.jpg		f		2	17	\N
3329	rouelemtn 6204 2rs c3   	17.79	t	62042rsc3	/static/images/default.jpg		f		2	17	\N
3330	rouelemtn 6205 2rs c3   	20.34	t	62052rsc3	/static/images/default.jpg		f		2	17	\N
3331	rouelemtn 6206 2rs c3  	29.53	t	62062rsc3	/static/images/default.jpg		f		2	17	\N
3332	rouelemtn 6207 2rs c3  	40.33	t	62072rsc3	/static/images/default.jpg		f		2	17	\N
3333	rouelemtn 6208 2rs c3  	48.19	t	62082rsc3	/static/images/default.jpg		f		2	17	\N
3334	rouelemtn 6209 2rs c3    	57.95	t	62092rsc3	/static/images/default.jpg		f		2	17	\N
3335	rouelemtn 6212 2rs c3   	110.58	t	62122rsc3	/static/images/default.jpg		f		2	17	\N
3336	rouelemtn 6213 2rs c3  	58.5	t	62132rsc3	/static/images/default.jpg		f		2	17	\N
3337	rouelemtn nki 3030	39	t	nki3030	/static/images/default.jpg		f		2	17	\N
3338	rouelemtn pf204	6.69	t	pf204	/static/images/default.jpg		f		2	17	\N
3339	rouelemtn pf205	8.07	t	pf205	/static/images/default.jpg		f		2	17	\N
3340	rouelemtn pf206	14.29	t	pf206	/static/images/default.jpg		f		2	17	\N
3341	rouelemtn pf207	15.6	t	pf207	/static/images/default.jpg		f		2	17	\N
3342	rouelemtn pf208	27.84	t	pf208	/static/images/default.jpg		f		2	17	\N
3343	rouelemtn pf209	42.9	t	pf209	/static/images/default.jpg		f		2	17	\N
3344	rouelemtn pf210	47.92	t	pf210	/static/images/default.jpg		f		2	17	\N
3345	rouelemtn pfl204	9.1	t	pfl204	/static/images/default.jpg		f		2	17	\N
3346	rouelemtn pfl205	7.24	t	pfl205	/static/images/default.jpg		f		2	17	\N
3347	rouelemtn pfl206	11.69	t	pfl206	/static/images/default.jpg		f		2	17	\N
3348	rouelemtn pfl207	12.81	t	pfl207	/static/images/default.jpg		f		2	17	\N
3349	rouelemtn pfl208	28.41	t	pfl208	/static/images/default.jpg		f		2	17	\N
3350	rouelemtn pfl209	32.31	t	pfl209	/static/images/default.jpg		f		2	17	\N
3351	rouelemtn pfl210	47.91	t	pfl210	/static/images/default.jpg		f		2	17	\N
3352	rouelemtn pft204	6.97	t	pft204	/static/images/default.jpg		f		2	17	\N
3353	rouelemtn pft205	7.53	t	pft205	/static/images/default.jpg		f		2	17	\N
3354	rouelemtn pft206	11.69	t	pft206	/static/images/default.jpg		f		2	17	\N
3355	rouelemtn pft207	17.84	t	pft207	/static/images/default.jpg		f		2	17	\N
3356	rouelemtn pft208	27.85	t	pft208	/static/images/default.jpg		f		2	17	\N
3357	rouelemtn pft209	36.22	t	pft209	/static/images/default.jpg		f		2	17	\N
3358	rouelemtn pft210	52.94	t	pft210	/static/images/default.jpg		f		2	17	\N
3359	rouelemtn t 113	31.45	t	t113	/static/images/default.jpg		f		2	17	\N
3360	rouelemtn t126	31.45	t	t126	/static/images/default.jpg		f		2	17	\N
3361	roulement 07100s/07210 x	54.6	t	07100s/07210x	/static/images/default.jpg		f		2	17	\N
3362	roulement 09067  /09195 	25.74	t	09067/09195	/static/images/default.jpg		f		2	17	\N
3363	roulement 104948/10	93.6	t	104948/10	/static/images/default.jpg		f		2	17	\N
3364	roulement 11162  /11300 	31.2	t	11162/11300	/static/images/default.jpg		f		2	17	\N
3365	roulement 1204c	16.9	t	1204c	/static/images/default.jpg		f		2	17	\N
3366	roulement 1204k	18.85	t	1204k	/static/images/default.jpg		f		2	17	\N
3367	roulement 1205c	20.02	t	1205c	/static/images/default.jpg		f		2	17	\N
3368	roulement 1205k	20.8	t	1205k	/static/images/default.jpg		f		2	17	\N
3369	roulement 1206c	31.2	t	1206c	/static/images/default.jpg		f		2	17	\N
3370	roulement 1206k	22.75	t	1206k	/static/images/default.jpg		f		2	17	\N
3371	roulement 1207c	26	t	1207c	/static/images/default.jpg		f		2	17	\N
3372	roulement 1207k	36.4	t	1207k	/static/images/default.jpg		f		2	17	\N
3373	roulement 1208c	39	t	1208c	/static/images/default.jpg		f		2	17	\N
3374	roulement 1208k	45.49	t	1208k	/static/images/default.jpg		f		2	17	\N
3375	roulement 1209c	39	t	1209c	/static/images/default.jpg		f		2	17	\N
3376	roulement 1209k	54.6	t	1209k	/static/images/default.jpg		f		2	17	\N
3377	roulement 1210c	41.59	t	1210c	/static/images/default.jpg		f		2	17	\N
3378	roulement 1210k	58.5	t	1210k	/static/images/default.jpg		f		2	17	\N
3379	roulement 1211c	52	t	1211c	/static/images/default.jpg		f		2	17	\N
3380	roulement 1211k	62.4	t	1211k	/static/images/default.jpg		f		2	17	\N
3381	roulement 1212c	67.6	t	1212c	/static/images/default.jpg		f		2	17	\N
3382	roulement 1212k	61.1	t	1212k	/static/images/default.jpg		f		2	17	\N
3383	roulement 1213c	80.6	t	1213c	/static/images/default.jpg		f		2	17	\N
3384	roulement 1213k	80.6	t	1213k	/static/images/default.jpg		f		2	17	\N
3385	roulement 1214c	97.5	t	1214c	/static/images/default.jpg		f		2	17	\N
3386	roulement 1214k	84.5	t	1214k	/static/images/default.jpg		f		2	17	\N
3387	roulement 1215 k	106.6	t	1215k	/static/images/default.jpg		f		2	17	\N
3388	roulement 1216 k	117	t	1216k	/static/images/default.jpg		f		2	17	\N
3389	roulement 1309	82.94	t	1309	/static/images/default.jpg		f		2	17	\N
3390	roulement 1313k	242.76	t	1313k	/static/images/default.jpg		f		2	17	\N
3391	roulement 141137a/276	140.4	t	141137a/276	/static/images/default.jpg		f		2	17	\N
3392	roulement 14136a/276	93.6	t	14136a/276	/static/images/default.jpg		f		2	17	\N
3393	roulement 14138a/276	140.4	t	14138a/276	/static/images/default.jpg		f		2	17	\N
3394	roulement 15103s/45	140.4	t	15103s/45	/static/images/default.jpg		f		2	17	\N
3395	roulement 15112/15245 	17.16	t	15112/15245	/static/images/default.jpg		f		2	17	\N
3396	roulement 15123  /15245 	22.62	t	15123/15245	/static/images/default.jpg		f		2	17	\N
3397	roulement 15579/10	23.4	t	15579	/static/images/default.jpg		f		2	17	\N
3398	roulement 15585/20	39	t	15585/20	/static/images/default.jpg		f		2	17	\N
3399	roulement 15590/20	39	t	15590/20	/static/images/default.jpg		f		2	17	\N
3400	roulement 15880/20	140.4	t	15880/20	/static/images/default.jpg		f		2	17	\N
3401	roulement 16015-2rs	117	t	16015-2rs	/static/images/default.jpg		f		2	17	\N
3402	roulement 16024	533.52	t	16024	/static/images/default.jpg		f		2	17	\N
3403	roulement 16030	715	t	16030	/static/images/default.jpg		f		2	17	\N
3404	roulement 16100-2rs	20.28	t	16100-2rs	/static/images/default.jpg		f		2	17	\N
3405	roulement 1620/1680	154.44	t	1620/1680	/static/images/default.jpg		f		2	17	\N
3406	roulement 18590/20	140.4	t	18590/20	/static/images/default.jpg		f		2	17	\N
3407	roulement 1988/22	140.4	t	1988/22	/static/images/default.jpg		f		2	17	\N
3408	roulement 203kr03	21.45	t	203kr03	/static/images/default.jpg		f		2	17	\N
3409	roulement 203krr02	19.5	t	203krr02	/static/images/default.jpg		f		2	17	\N
3410	roulement 206krrb6	61.43	t	206krrb6	/static/images/default.jpg		f		2	17	\N
3411	roulement 207krrb17	102.38	t	207krrb17	/static/images/default.jpg		f		2	17	\N
3412	roulement 208nppbah05	129.68	t	208nppbah05	/static/images/default.jpg		f		2	17	\N
3413	roulement 2204c	45.5	t	2204c	/static/images/default.jpg		f		2	17	\N
3414	roulement 2204k	45.5	t	2204k	/static/images/default.jpg		f		2	17	\N
3415	roulement 2205c	35.75	t	2205c	/static/images/default.jpg		f		2	17	\N
3416	roulement 2205k	48.1	t	2205k	/static/images/default.jpg		f		2	17	\N
3417	roulement 2206c	35.1	t	2206c	/static/images/default.jpg		f		2	17	\N
3418	roulement 2206k	52	t	2206k	/static/images/default.jpg		f		2	17	\N
3419	roulement 2207c	58.5	t	2207c	/static/images/default.jpg		f		2	17	\N
3420	roulement 2207k	58.5	t	2207k	/static/images/default.jpg		f		2	17	\N
3421	roulement 2208c	62.4	t	2208c	/static/images/default.jpg		f		2	17	\N
3422	roulement 2208k	62.4	t	2208k	/static/images/default.jpg		f		2	17	\N
3423	roulement 2209c	67.61	t	2209c	/static/images/default.jpg		f		2	17	\N
3424	roulement 2209k	67.6	t	2209k	/static/images/default.jpg		f		2	17	\N
3425	roulement 2210c	71.5	t	2210c	/static/images/default.jpg		f		2	17	\N
3426	roulement 2210k	71.5	t	2210k	/static/images/default.jpg		f		2	17	\N
3427	roulement 2211c	80.6	t	2211c	/static/images/default.jpg		f		2	17	\N
3428	roulement 2211k	80.6	t	2211k	/static/images/default.jpg		f		2	17	\N
3429	roulement 2212c	81.9	t	2212c	/static/images/default.jpg		f		2	17	\N
3430	roulement 2212k	81.9	t	2212k	/static/images/default.jpg		f		2	17	\N
3431	roulement 2213c	104	t	2213c	/static/images/default.jpg		f		2	17	\N
3432	roulement 2213k	91	t	2213k	/static/images/default.jpg		f		2	17	\N
3433	roulement 2214c	117	t	2214c	/static/images/default.jpg		f		2	17	\N
3434	roulement 2214k	97.5	t	2214k	/static/images/default.jpg		f		2	17	\N
3435	roulement 2215c	130	t	2215c	/static/images/default.jpg		f		2	17	\N
3436	roulement 2215k	117	t	2215k	/static/images/default.jpg		f		2	17	\N
3437	roulement 22205 c	91	t	22205c	/static/images/default.jpg		f		2	17	\N
3438	roulement 22205k	91	t	22205k	/static/images/default.jpg		f		2	17	\N
3439	roulement 22206 c	88.4	t	22206c	/static/images/default.jpg		f		2	17	\N
3440	roulement 22206k	80.6	t	22206k	/static/images/default.jpg		f		2	17	\N
3441	roulement 22207 c	97.5	t	22207c	/static/images/default.jpg		f		2	17	\N
3442	roulement 22207k	84.5	t	22207k	/static/images/default.jpg		f		2	17	\N
3443	roulement 22208 c	91	t	22208c	/static/images/default.jpg		f		2	17	\N
3444	roulement 22208k	91	t	22208k	/static/images/default.jpg		f		2	17	\N
3445	roulement 22209 c	97.5	t	22209c	/static/images/default.jpg		f		2	17	\N
3446	roulement 22209k	97.5	t	22209k	/static/images/default.jpg		f		2	17	\N
3447	roulement 22210 c	104	t	22210c	/static/images/default.jpg		f		2	17	\N
3448	roulement 22210k	127.14	t	22210k	/static/images/default.jpg		f		2	17	\N
3449	roulement 22211 c	156	t	22211c	/static/images/default.jpg		f		2	17	\N
3450	roulement 22211k	136.5	t	22211k	/static/images/default.jpg		f		2	17	\N
3451	roulement 22212 c	163.8	t	22212c	/static/images/default.jpg		f		2	17	\N
3452	roulement 22212e	169	t	22212e	/static/images/default.jpg		f		2	17	\N
3453	roulement 22212k	179.4	t	22212k	/static/images/default.jpg		f		2	17	\N
3454	roulement 22213 c	156	t	22213c	/static/images/default.jpg		f		2	17	\N
3455	roulement 22213k	195	t	22213k	/static/images/default.jpg		f		2	17	\N
3456	roulement 22214 c	162.5	t	22214c	/static/images/default.jpg		f		2	17	\N
3457	roulement 22214k	156	t	22214k	/static/images/default.jpg		f		2	17	\N
3458	roulement 22215 c	224.25	t	22215c	/static/images/default.jpg		f		2	17	\N
3459	roulement 22215k	208	t	22215k	/static/images/default.jpg		f		2	17	\N
3460	roulement 22216 c	247	t	22216c	/static/images/default.jpg		f		2	17	\N
3461	roulement 22216k	269.1	t	22216k	/static/images/default.jpg		f		2	17	\N
3462	roulement 22217 c	315.9	t	22217c	/static/images/default.jpg		f		2	17	\N
3463	roulement 22217k	260	t	22217k	/static/images/default.jpg		f		2	17	\N
3464	roulement 22218 c	325	t	22218c	/static/images/default.jpg		f		2	17	\N
3465	roulement 22218k	325	t	22218k	/static/images/default.jpg		f		2	17	\N
3466	roulement 22309cmw33c3	421.2	t	22309cmw33c3	/static/images/default.jpg		f		2	17	\N
3467	roulement 22310cmw33c3	248.04	t	22310cmw33c3	/static/images/default.jpg		f		2	17	\N
3468	roulement 22311kmw33c3	260.52	t	22311kmw33c3	/static/images/default.jpg		f		2	17	\N
3469	roulement 22311w33	279.24	t	22311w33	/static/images/default.jpg		f		2	17	\N
3531	roulement 32004	11.05	t	32004	/static/images/default.jpg		f		2	17	\N
3470	roulement 22314cmw33c3	487.5	t	22314cmw33c3	/static/images/default.jpg		f		2	17	\N
3471	roulement 22315kw33c3	520	t	22315kw33c3	/static/images/default.jpg		f		2	17	\N
3472	roulement 22318cmw33c3	972.15	t	22318cmw33c3	/static/images/default.jpg		f		2	17	\N
3473	roulement 22318kmw33c3	989.43	t	22318kmw33c3	/static/images/default.jpg		f		2	17	\N
3474	roulement 22324cmw33c3	2315.31	t	22324cmw33c3	/static/images/default.jpg		f		2	17	\N
3475	roulement 22324kmw33c3	2354.39	t	22324kmw33c3	/static/images/default.jpg		f		2	17	\N
3476	roulement 22328cmw33c3	2730	t	22328cmw33c3	/static/images/default.jpg		f		2	17	\N
3477	roulement 22328kmw33c3	2730	t	22328kmw33c3	/static/images/default.jpg		f		2	17	\N
3478	roulement 22330cmw33c3	3042	t	22330cmw33c3	/static/images/default.jpg		f		2	17	\N
3479	roulement 22330kmw33c3	4212	t	22330kmw33c3	/static/images/default.jpg		f		2	17	\N
3480	roulement 22332cmw33c3	3471	t	22332cmw33c3	/static/images/default.jpg		f		2	17	\N
3481	roulement 22332kmw33c3	3471	t	22332kmw33c3	/static/images/default.jpg		f		2	17	\N
3482	roulement 22334cmw33c3	6220.19	t	22334cmw33c3	/static/images/default.jpg		f		2	17	\N
3483	roulement 22334kmw33c3	6318	t	22334kmw33c3	/static/images/default.jpg		f		2	17	\N
3484	roulement 22336cmw33c3	7624.3	t	22336cmw33c3	/static/images/default.jpg		f		2	17	\N
3485	roulement 22336kmw33c3	7688.85	t	22336kmw33c3	/static/images/default.jpg		f		2	17	\N
3486	roulement 23152kmbw33c3	8066.76	t	23152kmbw33c3	/static/images/default.jpg		f		2	17	\N
3487	roulement 23160cac/w33	21926.31	t	23160cac/w33	/static/images/default.jpg		f		2	17	\N
3488	roulement 23164c	17160	t	23164c	/static/images/default.jpg		f		2	17	\N
3489	roulement 23180kmc3	20800	t	23180kmc3	/static/images/default.jpg		f		2	17	\N
3490	roulement 23244k	7800	t	23244k	/static/images/default.jpg		f		2	17	\N
3491	roulement 23252mcc3w33	23023.01	t	23252mcc3w33	/static/images/default.jpg		f		2	17	\N
3492	roulement 23252mkc3w33	23297.08	t	23252mkc3w33	/static/images/default.jpg		f		2	17	\N
3493	roulement 23256k	19500	t	23256k	/static/images/default.jpg		f		2	17	\N
3494	roulement 24020	1046.76	t	24020	/static/images/default.jpg		f		2	17	\N
3495	roulement 24052cmbw33c3	7476.3	t	24052cmbw33c3	/static/images/default.jpg		f		2	17	\N
3496	roulement 24056cc3	13704.13	t	24056cc3	/static/images/default.jpg		f		2	17	\N
3497	roulement 24056kmbw33c3	7136.22	t	24056kmbw33c3	/static/images/default.jpg		f		2	17	\N
3498	roulement 24122	1196.01	t	24122	/static/images/default.jpg		f		2	17	\N
3499	roulement 24140kmc3	9592.92	t	24140kmc3	/static/images/default.jpg		f		2	17	\N
3500	roulement 24152	21626.66	t	24152	/static/images/default.jpg		f		2	17	\N
3501	roulement 24152kmc3	22474.84	t	24152kmc3	/static/images/default.jpg		f		2	17	\N
3502	roulement 24156kmbw33c3	11790.48	t	24156kmbw33c3	/static/images/default.jpg		f		2	17	\N
3503	roulement 248180	2145	t	248180	/static/images/default.jpg		f		2	17	\N
3504	roulement 25580/20	40.17	t	25580/20	/static/images/default.jpg		f		2	17	\N
3505	roulement 25590/20	32.76	t	25590/20	/static/images/default.jpg		f		2	17	\N
3506	roulement 2580  /2520 	19.5	t	2580/2520	/static/images/default.jpg		f		2	17	\N
3507	roulement 25880/25820	23.4	t	25880/25820	/static/images/default.jpg		f		2	17	\N
3508	roulement 2788  /2720 	46.8	t	2788/2720	/static/images/default.jpg		f		2	17	\N
3509	roulement 29685/20	71.76	t	29685/20	/static/images/default.jpg		f		2	17	\N
3510	roulement 30203	9.98	t	30203	/static/images/default.jpg		f		2	17	\N
3511	roulement 30204	14.43	t	30204	/static/images/default.jpg		f		2	17	\N
3512	roulement 30205	14.3	t	30205	/static/images/default.jpg		f		2	17	\N
3513	roulement 30206	24.06	t	30206	/static/images/default.jpg		f		2	17	\N
3514	roulement 30207	29.91	t	30207	/static/images/default.jpg		f		2	17	\N
3515	roulement 30208	22.62	t	30208	/static/images/default.jpg		f		2	17	\N
3516	roulement 30209	35.1	t	30209	/static/images/default.jpg		f		2	17	\N
3517	roulement 30210	39	t	30210	/static/images/default.jpg		f		2	17	\N
3518	roulement 30211	41.61	t	30211	/static/images/default.jpg		f		2	17	\N
3519	roulement 30212	45.61	t	30212	/static/images/default.jpg		f		2	17	\N
3520	roulement 30213	66.3	t	30213	/static/images/default.jpg		f		2	17	\N
3521	roulement 30302	14.82	t	30302	/static/images/default.jpg		f		2	17	\N
3522	roulement 30303	15.6	t	30303	/static/images/default.jpg		f		2	17	\N
3523	roulement 30304	20.15	t	30304	/static/images/default.jpg		f		2	17	\N
3524	roulement 30305	15.6	t	30305	/static/images/default.jpg		f		2	17	\N
3525	roulement 30306	39	t	30306	/static/images/default.jpg		f		2	17	\N
3526	roulement 30307	31.2	t	30307	/static/images/default.jpg		f		2	17	\N
3527	roulement 30308	35.1	t	30308	/static/images/default.jpg		f		2	17	\N
3528	roulement 30309	54.6	t	30309	/static/images/default.jpg		f		2	17	\N
3529	roulement 30310	58.5	t	30310	/static/images/default.jpg		f		2	17	\N
3530	roulement 320/32	17.16	t	320/32	/static/images/default.jpg		f		2	17	\N
3532	roulement 32005	14.43	t	32005	/static/images/default.jpg		f		2	17	\N
3533	roulement 32006	19.12	t	32006	/static/images/default.jpg		f		2	17	\N
3534	roulement 32007	29.25	t	32007	/static/images/default.jpg		f		2	17	\N
3535	roulement 32008	35.75	t	32008	/static/images/default.jpg		f		2	17	\N
3536	roulement 32009	36.4	t	32009	/static/images/default.jpg		f		2	17	\N
3537	roulement 32010	45.51	t	32010	/static/images/default.jpg		f		2	17	\N
3538	roulement 32011	50.7	t	32011	/static/images/default.jpg		f		2	17	\N
3539	roulement 32012	54.6	t	32012	/static/images/default.jpg		f		2	17	\N
3540	roulement 32013	70.2	t	32013	/static/images/default.jpg		f		2	17	\N
3541	roulement 32014	78	t	32014	/static/images/default.jpg		f		2	17	\N
3542	roulement 32015	81.9	t	32015	/static/images/default.jpg		f		2	17	\N
3543	roulement 32019	156	t	32019	/static/images/default.jpg		f		2	17	\N
3544	roulement 32024	327.37	t	32024	/static/images/default.jpg		f		2	17	\N
3545	roulement 32026x	429	t	32026x	/static/images/default.jpg		f		2	17	\N
3546	roulement 32028	780	t	32028	/static/images/default.jpg		f		2	17	\N
3547	roulement 32030	975	t	32030	/static/images/default.jpg		f		2	17	\N
3548	roulement 32032	1170	t	32032	/static/images/default.jpg		f		2	17	\N
3549	roulement 3206 zz	42.9	t	3206zz	/static/images/default.jpg		f		2	17	\N
3550	roulement 32205	21.06	t	32205	/static/images/default.jpg		f		2	17	\N
3551	roulement 32206	26	t	32206	/static/images/default.jpg		f		2	17	\N
3552	roulement 32207	35.76	t	32207	/static/images/default.jpg		f		2	17	\N
3553	roulement 32208	32.76	t	32208	/static/images/default.jpg		f		2	17	\N
3554	roulement 32209	32.76	t	32209	/static/images/default.jpg		f		2	17	\N
3555	roulement 32210	45.51	t	32210	/static/images/default.jpg		f		2	17	\N
3556	roulement 32211	54.6	t	32211	/static/images/default.jpg		f		2	17	\N
3557	roulement 32212	78	t	32212	/static/images/default.jpg		f		2	17	\N
3558	roulement 32213	87.1	t	32213	/static/images/default.jpg		f		2	17	\N
3559	roulement 32214	93.6	t	32214	/static/images/default.jpg		f		2	17	\N
3560	roulement 32215	85.8	t	32215	/static/images/default.jpg		f		2	17	\N
3561	roulement 32218	208	t	32218	/static/images/default.jpg		f		2	17	\N
3562	roulement 32304	27.78	t	32304	/static/images/default.jpg		f		2	17	\N
3563	roulement 32305	24.96	t	32305	/static/images/default.jpg		f		2	17	\N
3564	roulement 32306	46.8	t	32306	/static/images/default.jpg		f		2	17	\N
3565	roulement 32307	46.8	t	32307	/static/images/default.jpg		f		2	17	\N
3566	roulement 32312	261.69	t	32312	/static/images/default.jpg		f		2	17	\N
3567	roulement 32314	221	t	32314	/static/images/default.jpg		f		2	17	\N
3568	roulement 33262/462	93.6	t	33262/462	/static/images/default.jpg		f		2	17	\N
3569	roulement 33275/462	65.01	t	33275/462	/static/images/default.jpg		f		2	17	\N
3570	roulement 33281/462	65.01	t	33281/462	/static/images/default.jpg		f		2	17	\N
3571	roulement 33287/462	106.47	t	33287/462	/static/images/default.jpg		f		2	17	\N
3572	roulement 3490  /3420 	39	t	3490/3420	/static/images/default.jpg		f		2	17	\N
3573	roulement 3577/25	45.51	t	3577/25	/static/images/default.jpg		f		2	17	\N
3574	roulement 3578/25	52.01	t	3578/25	/static/images/default.jpg		f		2	17	\N
3575	roulement 37425/625	212.16	t	37425/625	/static/images/default.jpg		f		2	17	\N
3576	roulement 37431/625	212.16	t	37431/625	/static/images/default.jpg		f		2	17	\N
3577	roulement 3776/20	62.4	t	3776/20	/static/images/default.jpg		f		2	17	\N
3578	roulement 3780	58.5	t	3780/3720	/static/images/default.jpg		f		2	17	\N
3579	roulement 3782/20	66.3	t	3782/20	/static/images/default.jpg		f		2	17	\N
3580	roulement 395  /394a 	58.5	t	395/394a	/static/images/default.jpg		f		2	17	\N
3581	roulement 3982/20	71.5	t	3982/20	/static/images/default.jpg		f		2	17	\N
3582	roulement 3984/20	71.76	t	3984/20	/static/images/default.jpg		f		2	17	\N
3583	roulement 399a/394a	107.25	t	399a/394a	/static/images/default.jpg		f		2	17	\N
3584	roulement 4202-2rs	66.3	t	4202-2rs	/static/images/default.jpg		f		2	17	\N
3585	roulement 51104	7.8	t	51104	/static/images/default.jpg		f		2	17	\N
3586	roulement 51108	9.75	t	51108	/static/images/default.jpg		f		2	17	\N
3587	roulement 51111	8.46	t	51111	/static/images/default.jpg		f		2	17	\N
3588	roulement 51112	20.28	t	51112	/static/images/default.jpg		f		2	17	\N
3589	roulement 51115	45.5	t	51115	/static/images/default.jpg		f		2	17	\N
3590	roulement 6000	4.68	t	6000	/static/images/default.jpg		f		2	17	\N
3591	roulement 6001	5.07	t	6001	/static/images/default.jpg		f		2	17	\N
3592	roulement 6002	5.85	t	6002	/static/images/default.jpg		f		2	17	\N
3593	roulement 6003	6.24	t	6003	/static/images/default.jpg		f		2	17	\N
3594	roulement 6004	7.8	t	6004	/static/images/default.jpg		f		2	17	\N
3595	roulement 6005	9.36	t	6005	/static/images/default.jpg		f		2	17	\N
3596	roulement 6006	10.72	t	6006	/static/images/default.jpg		f		2	17	\N
3597	roulement 6007	17.55	t	6007	/static/images/default.jpg		f		2	17	\N
3598	roulement 6008	19.5	t	6008	/static/images/default.jpg		f		2	17	\N
3599	roulement 6009	17.16	t	6009	/static/images/default.jpg		f		2	17	\N
3600	roulement 6010	23.4	t	6010	/static/images/default.jpg		f		2	17	\N
3601	roulement 6011	39	t	6011	/static/images/default.jpg		f		2	17	\N
3602	roulement 6012	46.8	t	6012	/static/images/default.jpg		f		2	17	\N
3603	roulement 6013	50.7	t	6013	/static/images/default.jpg		f		2	17	\N
3604	roulement 6014	78	t	6014	/static/images/default.jpg		f		2	17	\N
3605	roulement 6015	62.4	t	6015	/static/images/default.jpg		f		2	17	\N
3606	roulement 6016	93.6	t	6016	/static/images/default.jpg		f		2	17	\N
3607	roulement 6019 zz	156	t	6019zz	/static/images/default.jpg		f		2	17	\N
3608	roulement 6024	234	t	6024	/static/images/default.jpg		f		2	17	\N
3609	roulement 6026 mc4	750.24	t	6026mc4	/static/images/default.jpg		f		2	17	\N
3610	roulement 6028 2rsc3	493.35	t	6028 2rsc3	/static/images/default.jpg		f		2	17	\N
3611	roulement 6028zz	429	t	6028zz	/static/images/default.jpg		f		2	17	\N
3612	roulement 604zz	7.02	t	604zz	/static/images/default.jpg		f		2	17	\N
3613	roulement 608	3.12	t	608	/static/images/default.jpg		f		2	17	\N
3614	roulement 6200	4.68	t	6200	/static/images/default.jpg		f		2	17	\N
3615	roulement 6201	5.46	t	6201	/static/images/default.jpg		f		2	17	\N
3616	roulement 6202	4.81	t	6202	/static/images/default.jpg		f		2	17	\N
3617	roulement 6203	7.28	t	6203	/static/images/default.jpg		f		2	17	\N
3618	roulement 6204	7.86	t	6204	/static/images/default.jpg		f		2	17	\N
3619	roulement 6205	10.53	t	6205	/static/images/default.jpg		f		2	17	\N
3620	roulement 6206	14.95	t	6206	/static/images/default.jpg		f		2	17	\N
3621	roulement 6207	19.89	t	6207	/static/images/default.jpg		f		2	17	\N
3622	roulement 6208	32.76	t	6208	/static/images/default.jpg		f		2	17	\N
3623	roulement 6209	29.25	t	6209	/static/images/default.jpg		f		2	17	\N
3624	roulement 6209-40-2rs	61.43	t	6209-40-2rs	/static/images/default.jpg		f		2	17	\N
3625	roulement 6210	27.82	t	6210	/static/images/default.jpg		f		2	17	\N
3626	roulement 6211	41.61	t	6211	/static/images/default.jpg		f		2	17	\N
3627	roulement 6212	52	t	6212	/static/images/default.jpg		f		2	17	\N
3628	roulement 6213 2rs	66.3	t	62132rs	/static/images/default.jpg		f		2	17	\N
3629	roulement 6213 zzc3	71.51	t	6213zzc3	/static/images/default.jpg		f		2	17	\N
3630	roulement 6214 2rs	78	t	62142rs	/static/images/default.jpg		f		2	17	\N
3631	roulement 6214 zzc3	85.8	t	6214zzc3	/static/images/default.jpg		f		2	17	\N
3632	roulement 6215 2rs	377.52	t	62152rs	/static/images/default.jpg		f		2	17	\N
3633	roulement 6216 zz	229.32	t	6216zz	/static/images/default.jpg		f		2	17	\N
3634	roulement 6217 2rs	136.5	t	62172rs	/static/images/default.jpg		f		2	17	\N
3635	roulement 6218 2 rs	171.6	t	62182rs	/static/images/default.jpg		f		2	17	\N
3636	roulement 6220 mc4	534.26	t	6220mc4	/static/images/default.jpg		f		2	17	\N
3637	roulement 62201-2rs	11.6	t	62201-2rs	/static/images/default.jpg		f		2	17	\N
3638	roulement 62202 2rs	9.36	t	622022rs	/static/images/default.jpg		f		2	17	\N
3639	roulement 62203 2rs	11.7	t	622032rs	/static/images/default.jpg		f		2	17	\N
3640	roulement 62204 2rs	19.5	t	622042rs	/static/images/default.jpg		f		2	17	\N
3641	roulement 62205 2rs	20.8	t	622052rs	/static/images/default.jpg		f		2	17	\N
3642	roulement 62206 2rs	35.1	t	622062rs	/static/images/default.jpg		f		2	17	\N
3643	roulement 62301-2rs	19.11	t	62301-2rs	/static/images/default.jpg		f		2	17	\N
3644	roulement 62304-2rs	29.95	t	62304-2rs	/static/images/default.jpg		f		2	17	\N
3645	roulement 62305 2rs	141.18	t	623052rs	/static/images/default.jpg		f		2	17	\N
3646	roulement 62306 2rs	41.61	t	623062rs	/static/images/default.jpg		f		2	17	\N
3647	roulement 62310 2rs	195	t	623102rs	/static/images/default.jpg		f		2	17	\N
3648	roulement 626	3.12	t	626	/static/images/default.jpg		f		2	17	\N
3649	roulement 627	3.74	t	627	/static/images/default.jpg		f		2	17	\N
3650	roulement 629	3.74	t	629	/static/images/default.jpg		f		2	17	\N
3651	roulement 6300	7.15	t	6300	/static/images/default.jpg		f		2	17	\N
3652	roulement 63002-2rs	15.99	t	63002-2rs	/static/images/default.jpg		f		2	17	\N
3653	roulement 63006-2rs	27.3	t	63006-2rs	/static/images/default.jpg		f		2	17	\N
3654	roulement 6301	7.8	t	6301	/static/images/default.jpg		f		2	17	\N
3655	roulement 6302	6.02	t	6302	/static/images/default.jpg		f		2	17	\N
3656	roulement 6303	7.8	t	6303	/static/images/default.jpg		f		2	17	\N
3657	roulement 6304	15.6	t	6304	/static/images/default.jpg		f		2	17	\N
3658	roulement 6305	12.74	t	6305	/static/images/default.jpg		f		2	17	\N
3659	roulement 6305 zz	16.77	t	6305zz	/static/images/default.jpg		f		2	17	\N
3660	roulement 6306	28.6	t	6306	/static/images/default.jpg		f		2	17	\N
3661	roulement 6306 2rs	32.5	t	63062rs	/static/images/default.jpg		f		2	17	\N
3662	roulement 6306 zzc3	39	t	6306zzc3	/static/images/default.jpg		f		2	17	\N
3663	roulement 6307	46.8	t	6307	/static/images/default.jpg		f		2	17	\N
3664	roulement 6307 2rs	39	t	63072rs	/static/images/default.jpg		f		2	17	\N
3665	roulement 6307 zzc3	45.5	t	6307zzc3	/static/images/default.jpg		f		2	17	\N
3666	roulement 6308	54.6	t	6308	/static/images/default.jpg		f		2	17	\N
3667	roulement 6308 2rs	44.2	t	63082rs	/static/images/default.jpg		f		2	17	\N
3668	roulement 6308 zzc3	54.6	t	6308zzc3	/static/images/default.jpg		f		2	17	\N
3669	roulement 6309	58.5	t	6309	/static/images/default.jpg		f		2	17	\N
3670	roulement 6309 2rs	46.8	t	63092rs	/static/images/default.jpg		f		2	17	\N
3671	roulement 6309 zzc3	65	t	6309zzc3	/static/images/default.jpg		f		2	17	\N
3672	roulement 6310	66.3	t	6310	/static/images/default.jpg		f		2	17	\N
3673	roulement 6310 2rs	65	t	63102rs	/static/images/default.jpg		f		2	17	\N
3674	roulement 6310 zzc3	78	t	6310zzc3	/static/images/default.jpg		f		2	17	\N
3675	roulement 6311 2rs	97.5	t	63112rs	/static/images/default.jpg		f		2	17	\N
3676	roulement 6312 2rs	117	t	63122rs	/static/images/default.jpg		f		2	17	\N
3677	roulement 6313 2rs	97.5	t	63132rs	/static/images/default.jpg		f		2	17	\N
3678	roulement 6314 2rs	221	t	63142rs	/static/images/default.jpg		f		2	17	\N
3679	roulement 6315 2rs	210.6	t	63152rs	/static/images/default.jpg		f		2	17	\N
3680	roulement 903249/10	89.7	t	903249/10	/static/images/default.jpg		f		2	17	\N
3681	roulement 99600/99100	2145	t	99600/99100	/static/images/default.jpg		f		2	17	\N
3682	roulement aoh3180	14300	t	aoh3180	/static/images/default.jpg		f		2	17	\N
3683	roulement ge120ers	1315.6	t	ge120ers	/static/images/default.jpg		f		2	17	\N
3684	roulement ge16	25.74	t	ge16	/static/images/default.jpg		f		2	17	\N
3685	roulement ge20es2rs	59.28	t	ge20es2rs	/static/images/default.jpg		f		2	17	\N
3686	roulement ge25es2rs	83.46	t	ge25es2rs	/static/images/default.jpg		f		2	17	\N
3687	roulement ge25sx	82.7	t	ge25sx	/static/images/default.jpg		f		2	17	\N
3688	roulement ge28s	139.62	t	ge28s	/static/images/default.jpg		f		2	17	\N
3689	roulement ge30es2rs	117.78	t	ge30es2rs	/static/images/default.jpg		f		2	17	\N
3690	roulement ge30sx	107.9	t	ge30sx	/static/images/default.jpg		f		2	17	\N
3691	roulement ge35es2rs	148.98	t	ge35es2rs	/static/images/default.jpg		f		2	17	\N
3692	roulement ge40es2rs	243.36	t	ge40es2rs	/static/images/default.jpg		f		2	17	\N
3693	roulement ge40sx	156.44	t	ge40sx	/static/images/default.jpg		f		2	17	\N
3694	roulement ge45gs	260.52	t	ge45gs	/static/images/default.jpg		f		2	17	\N
3695	roulement ge50es2rs	341.64	t	ge50es2rs	/static/images/default.jpg		f		2	17	\N
3696	roulement ge60es2rs	527.28	t	ge60es2rs	/static/images/default.jpg		f		2	17	\N
3697	roulement ge70es2rs	620.88	t	ge70es2rs	/static/images/default.jpg		f		2	17	\N
3698	roulement ge80gs	862.68	t	ge80gs	/static/images/default.jpg		f		2	17	\N
3699	roulement h 209	26.01	t	h209	/static/images/default.jpg		f		2	17	\N
3700	roulement h 210	15.6	t	h210	/static/images/default.jpg		f		2	17	\N
3701	roulement h 211	15.6	t	h211	/static/images/default.jpg		f		2	17	\N
3702	roulement h 212	18.2	t	h212	/static/images/default.jpg		f		2	17	\N
3703	roulement h 213	19.5	t	h213	/static/images/default.jpg		f		2	17	\N
3704	roulement h 214	42.9	t	h214	/static/images/default.jpg		f		2	17	\N
3705	roulement h 215	44.2	t	h215	/static/images/default.jpg		f		2	17	\N
3706	roulement h 216	52	t	h216	/static/images/default.jpg		f		2	17	\N
3707	roulement hk 1312	4.09	t	hk1312	/static/images/default.jpg		f		2	17	\N
3708	roulement hk 1412	5.85	t	hk1412	/static/images/default.jpg		f		2	17	\N
3709	roulement hk 1514	8.19	t	hk1514	/static/images/default.jpg		f		2	17	\N
3710	roulement hk 1812	6.83	t	hk1812	/static/images/default.jpg		f		2	17	\N
3711	roulement hk 2010	5.73	t	hk2010	/static/images/default.jpg		f		2	17	\N
3712	roulement hk 2012	5.73	t	hk2012	/static/images/default.jpg		f		2	17	\N
3713	roulement hk 2220	7.37	t	hk2220	/static/images/default.jpg		f		2	17	\N
3714	roulement hk 2512	7.37	t	hk2512	/static/images/default.jpg		f		2	17	\N
3715	roulement hk 2518	10.24	t	hk2518	/static/images/default.jpg		f		2	17	\N
3716	roulement hk 2520	10.92	t	hk2520	/static/images/default.jpg		f		2	17	\N
3717	roulement hk 2526	14.33	t	hk2526	/static/images/default.jpg		f		2	17	\N
3718	roulement hk 2538	17.55	t	hk2538	/static/images/default.jpg		f		2	17	\N
3719	roulement hk 2820	11.6	t	hk2820	/static/images/default.jpg		f		2	17	\N
3720	roulement hk 3020	11.6	t	hk3020	/static/images/default.jpg		f		2	17	\N
3721	roulement hk 3516	11.6	t	hk3516	/static/images/default.jpg		f		2	17	\N
3722	roulement hk 3520	14.33	t	hk3520	/static/images/default.jpg		f		2	17	\N
3723	roulement hk 4020	15.6	t	hk4020	/static/images/default.jpg		f		2	17	\N
3724	roulement hk 4520	19.79	t	hk4520	/static/images/default.jpg		f		2	17	\N
3725	roulement hk 5025	34.12	t	hk5025	/static/images/default.jpg		f		2	17	\N
3726	roulement hk1612	31.2	t	hk1612	/static/images/default.jpg		f		2	17	\N
3727	roulement hk3026	23.4	t	hk3026	/static/images/default.jpg		f		2	17	\N
3728	roulement hk3038	34.12	t	hk3038	/static/images/default.jpg		f		2	17	\N
3729	roulement hm88649  /hm88610 	31.2	t	hm88649/hm88610	/static/images/default.jpg		f		2	17	\N
3730	roulement hm89440/hm89410	164.45	t	hm89440/hm89410	/static/images/default.jpg		f		2	17	\N
3731	roulement hm89449/10	85.8	t	hm89449/10	/static/images/default.jpg		f		2	17	\N
3732	roulement ir 2036	27.3	t	639297	/static/images/default.jpg		f		2	17	\N
3733	roulement ir 2220	52.01	t	ir2220	/static/images/default.jpg		f		2	17	\N
3734	roulement ir 2221	58.5	t	ir2221	/static/images/default.jpg		f		2	17	\N
3735	roulement ir 2222	58.5	t	ir2222	/static/images/default.jpg		f		2	17	\N
3736	roulement ir 8006	66.3	t	ir8006	/static/images/default.jpg		f		2	17	\N
3737	roulement ir 8014	41.61	t	ir8014	/static/images/default.jpg		f		2	17	\N
3738	roulement ir 8026	81.9	t	ir8026	/static/images/default.jpg		f		2	17	\N
3739	roulement ir 8040	59.8	t	ir8040	/static/images/default.jpg		f		2	17	\N
3740	roulement ir 8041	58.5	t	ir8041	/static/images/default.jpg		f		2	17	\N
3741	roulement ir 8042	57.21	t	ir8042	/static/images/default.jpg		f		2	17	\N
3742	roulement ir 8048	156	t	ir8048	/static/images/default.jpg		f		2	17	\N
3743	roulement ir 8055	58.5	t	ir8055	/static/images/default.jpg		f		2	17	\N
3744	roulement ir 8065	58.5	t	ir8065	/static/images/default.jpg		f		2	17	\N
3745	roulement ir 8066	85.8	t	ir8066	/static/images/default.jpg		f		2	17	\N
3746	roulement ir 8085	84.5	t	ir8085	/static/images/default.jpg		f		2	17	\N
3747	roulement ir 8086	97.5	t	ir8086	/static/images/default.jpg		f		2	17	\N
3748	roulement ir 8095	84.51	t	ir8095	/static/images/default.jpg		f		2	17	\N
3749	roulement ir 8101	78	t	ir8101	/static/images/default.jpg		f		2	17	\N
3750	roulement jlm104945/104910z	156	t	jlm104945/104910z	/static/images/default.jpg		f		2	17	\N
3751	roulement jm515649/610q	156	t	jm515649/610q	/static/images/default.jpg		f		2	17	\N
3752	roulement jp 10049/10010	195	t	jp10049/10010	/static/images/default.jpg		f		2	17	\N
3753	roulement jp12049/10	372.06	t	jp12049/10	/static/images/default.jpg		f		2	17	\N
3754	roulement l44649/l44610	15.6	t	l44649/l44610	/static/images/default.jpg		f		2	17	\N
3755	roulement l45449  /l45410 	14.3	t	l45449/l45410	/static/images/default.jpg		f		2	17	\N
3756	roulement lm11749/lm11710	14.43	t	lm11749/lm11710	/static/images/default.jpg		f		2	17	\N
3757	roulement lm11949  /lm11910 	15.6	t	lm11949/lm11910	/static/images/default.jpg		f		2	17	\N
3758	roulement lm12749  /lm12710 	9.1	t	lm12749/lm12710	/static/images/default.jpg		f		2	17	\N
3759	roulement lm300849  /lm300811 	32.5	t	lm300849/lm300811	/static/images/default.jpg		f		2	17	\N
3760	roulement lm48548	20.18	t	lm48548/lm48510	/static/images/default.jpg		f		2	17	\N
3761	roulement lm501349  /lm501310 	29.91	t	lm501349/lm501310	/static/images/default.jpg		f		2	17	\N
3762	roulement lm503349  /lm503310 	23.09	t	lm503349/lm503310	/static/images/default.jpg		f		2	17	\N
3763	roulement lm67048 /lm67010 	14.98	t	lm67048/lm67010	/static/images/default.jpg		f		2	17	\N
3764	roulement m12649  /m12610 	14.43	t	m12649/m12610	/static/images/default.jpg		f		2	17	\N
3765	roulement m84548  /m84510 	27.3	t	m84548/m84510	/static/images/default.jpg		f		2	17	\N
3766	roulement m86649  /m86610 	39	t	m86649/m86610	/static/images/default.jpg		f		2	17	\N
3767	roulement nu 208 c3	65	t	nu208c3	/static/images/default.jpg		f		2	17	\N
3768	roulement nu 209 c3	71.5	t	nu209c3	/static/images/default.jpg		f		2	17	\N
3769	roulement nu 210 c3	84.5	t	nu210c3	/static/images/default.jpg		f		2	17	\N
3770	roulement nu 211 c3	91	t	nu211c3	/static/images/default.jpg		f		2	17	\N
3771	roulement nu 212 c3	110.5	t	nu212c3	/static/images/default.jpg		f		2	17	\N
3772	roulement nu 213c3	117	t	nu213c3	/static/images/default.jpg		f		2	17	\N
3773	roulement nu 214 c3	130	t	nu214c3	/static/images/default.jpg		f		2	17	\N
3774	roulement nu 215 c3	156	t	nu215c3	/static/images/default.jpg		f		2	17	\N
3775	roulement nu 216 c3	195	t	nu216c3	/static/images/default.jpg		f		2	17	\N
3776	roulement nu 308 c3	84.5	t	nu308c3	/static/images/default.jpg		f		2	17	\N
3777	roulement nu 309 c3	91	t	nu309c3	/static/images/default.jpg		f		2	17	\N
3778	roulement nu 310 c3	104	t	nu310c3	/static/images/default.jpg		f		2	17	\N
3779	roulement nu 311 c3	130	t	nu311c3	/static/images/default.jpg		f		2	17	\N
3780	roulement nu 312 c3	156	t	nu312c3	/static/images/default.jpg		f		2	17	\N
3781	roulement nu 313 c3	195	t	nu313c3	/static/images/default.jpg		f		2	17	\N
3782	roulement nu 314 c3	234	t	nu314c3	/static/images/default.jpg		f		2	17	\N
3783	roulement nu 315 c3	260	t	nu315c3	/static/images/default.jpg		f		2	17	\N
3784	roulement nu 316 c3	390	t	nu316c3	/static/images/default.jpg		f		2	17	\N
3785	roulement nu1024m	775.32	t	nu1024m	/static/images/default.jpg		f		2	17	\N
3786	roulement nu2322m	3563.09	t	nu2322m	/static/images/default.jpg		f		2	17	\N
3787	roulement nup211nr	164.45	t	nup211nr	/static/images/default.jpg		f		2	17	\N
3788	roulement sn 507	91	t	sn507	/static/images/default.jpg		f		2	17	\N
3789	roulement sn 508	97.5	t	sn508	/static/images/default.jpg		f		2	17	\N
3790	roulement sn 509	123.5	t	sn509	/static/images/default.jpg		f		2	17	\N
3791	roulement sn 510	136.5	t	sn510	/static/images/default.jpg		f		2	17	\N
3792	roulement sn 511	179.4	t	sn511	/static/images/default.jpg		f		2	17	\N
3793	roulement sn 512	175.5	t	sn512	/static/images/default.jpg		f		2	17	\N
3794	roulement sn 513	201.5	t	sn513	/static/images/default.jpg		f		2	17	\N
3795	roulement sn 514	214.5	t	sn514	/static/images/default.jpg		f		2	17	\N
3796	roulement sn 515	234	t	sn515	/static/images/default.jpg		f		2	17	\N
3797	roulement sn 516	299	t	sn516	/static/images/default.jpg		f		2	17	\N
3798	roulement sn 517	351	t	sn517	/static/images/default.jpg		f		2	17	\N
3799	roulement u399/u360l	109.2	t	u399/u360l	/static/images/default.jpg		f		2	17	\N
3800	roulement ucfl204	26	t	ucfl204	/static/images/default.jpg		f		2	17	\N
3801	roulement ucfl205	35.75	t	ucfl205	/static/images/default.jpg		f		2	17	\N
3802	roulement ucp 211	156	t	ucp211	/static/images/default.jpg		f		2	17	\N
3803	roulement ucp204	32.76	t	ucp204	/static/images/default.jpg		f		2	17	\N
3804	roulement ucp205	35.1	t	ucp205	/static/images/default.jpg		f		2	17	\N
3805	roulement ucp206	39	t	ucp206	/static/images/default.jpg		f		2	17	\N
3806	roulement ucp207	74.72	t	ucp207	/static/images/default.jpg		f		2	17	\N
3807	roulement ucp208	85.8	t	ucp208	/static/images/default.jpg		f		2	17	\N
3808	roulement ucp209	93.6	t	ucp209	/static/images/default.jpg		f		2	17	\N
3809	roulement ucp210	113.1	t	ucp210	/static/images/default.jpg		f		2	17	\N
3810	roulement ucp212	169.26	t	ucp212	/static/images/default.jpg		f		2	17	\N
3811	roulement ucp213	182.52	t	ucp213	/static/images/default.jpg		f		2	17	\N
3812	roulement yet211	117	t	yet211	/static/images/default.jpg		f		2	17	\N
3813	roulement108	3.04	t	108	/static/images/default.jpg		f		2	17	\N
3814	roulement126	11.7	t	126	/static/images/default.jpg		f		2	17	\N
3815	roulement127	7.8	t	127	/static/images/default.jpg		f		2	17	\N
3816	roulement128	7.8	t	128	/static/images/default.jpg		f		2	17	\N
3817	roulement129	7.8	t	129	/static/images/default.jpg		f		2	17	\N
3818	roulement4209 2rs	78	t	4209 2rs	/static/images/default.jpg		f		2	17	\N
3819	roulement630/8 2rs	7.8	t	630/82rs	/static/images/default.jpg		f		2	17	\N
3820	roulement663/653	208	t	663/653	/static/images/default.jpg		f		2	17	\N
3821	roulement683/672	240.5	t	683/672	/static/images/default.jpg		f		2	17	\N
3822	roulements 22308m	260	t	22308m	/static/images/default.jpg		f		2	17	\N
3823	roulements 22310m	234	t	22310m	/static/images/default.jpg		f		2	17	\N
3824	roulements 22315w33c3	520	t	22315w33c3	/static/images/default.jpg		f		2	17	\N
3825	roulements 22320w33c3	1040	t	22320w33c3	/static/images/default.jpg		f		2	17	\N
3826	roulements 22322w33c3	1950	t	22322w33c3	/static/images/default.jpg		f		2	17	\N
3827	roulements 22326w33c3	2210	t	22326w33c3	/static/images/default.jpg		f		2	17	\N
3828	roulements 33208	78	t	33208	/static/images/default.jpg		f		2	17	\N
3829	roulements 33212	100.58	t	33212	/static/images/default.jpg		f		2	17	\N
3830	roulements 33213	136.5	t	33213	/static/images/default.jpg		f		2	17	\N
3831	roulements 6200 zz	4.81	t	6200zz	/static/images/default.jpg		f		2	17	\N
3832	roulements 6201 zz	5.2	t	6201zz	/static/images/default.jpg		f		2	17	\N
3833	roulements 6202 zz	5.46	t	6202zz	/static/images/default.jpg		f		2	17	\N
3834	roulements 6203 zz	6.24	t	6203zz	/static/images/default.jpg		f		2	17	\N
3835	roulements 6204 zz	9.1	t	6204zz	/static/images/default.jpg		f		2	17	\N
3836	roulements 6205 zz	10.53	t	6205zz	/static/images/default.jpg		f		2	17	\N
3837	roulements 6206 zz	14.95	t	6206zz	/static/images/default.jpg		f		2	17	\N
3838	roulements 6207 zz	19.89	t	6207zz	/static/images/default.jpg		f		2	17	\N
3839	roulements 6208 zz	16.9	t	6208zz	/static/images/default.jpg		f		2	17	\N
3840	roulements 6209 zz	28.6	t	6209zz	/static/images/default.jpg		f		2	17	\N
3841	roulements 6210 zz	29.9	t	6210zz	/static/images/default.jpg		f		2	17	\N
3842	roulements 6211 zz	41.61	t	6211zz	/static/images/default.jpg		f		2	17	\N
3843	roulements 6212 zz	52	t	6212zz	/static/images/default.jpg		f		2	17	\N
3844	roulements 6407 2rs	104	t	64072rs	/static/images/default.jpg		f		2	17	\N
3845	roulements 6408 2rs	117	t	64082rs	/static/images/default.jpg		f		2	17	\N
3846	roulements 6408 zz	78.94	t	6408zz	/static/images/default.jpg		f		2	17	\N
3847	roulements 819349/819310	143	t	819349/819310	/static/images/default.jpg		f		2	17	\N
3848	roulements 88509	78	t	88509	/static/images/default.jpg		f		2	17	\N
3849	roulements bnf10	22.08	t	bnf10	/static/images/default.jpg		f		2	17	\N
3850	roulements bnf16	51.96	t	bnf16	/static/images/default.jpg		f		2	17	\N
3851	roulements h309	28.77	t	h309	/static/images/default.jpg		f		2	17	\N
3852	roulements h311	52.26	t	h311	/static/images/default.jpg		f		2	17	\N
3853	roulements h313	78	t	h313	/static/images/default.jpg		f		2	17	\N
3854	roulements h315	132.6	t	h315	/static/images/default.jpg		f		2	17	\N
3855	roulements h316	146.25	t	h316	/static/images/default.jpg		f		2	17	\N
3856	roulements h318	187.2	t	h318	/static/images/default.jpg		f		2	17	\N
3857	roulements h322	366.6	t	h322	/static/images/default.jpg		f		2	17	\N
3858	roulements j24032	1820	t	j24032	/static/images/default.jpg		f		2	17	\N
3859	roulements uc 308	104	t	uc308	/static/images/default.jpg		f		2	17	\N
3860	roulements ucf 204	33.81	t	ucf204	/static/images/default.jpg		f		2	17	\N
3861	roulements ucf 205	37.44	t	ucf205	/static/images/default.jpg		f		2	17	\N
3862	roulements ucf 206	45.76	t	ucf206	/static/images/default.jpg		f		2	17	\N
3863	roulements ucf 207	64.35	t	ucf207	/static/images/default.jpg		f		2	17	\N
3864	roulements ucf 208	71.5	t	ucf208	/static/images/default.jpg		f		2	17	\N
3865	roulements ucf 209	120.12	t	ucf209	/static/images/default.jpg		f		2	17	\N
3866	roulements ucf 210	134.55	t	ucf210	/static/images/default.jpg		f		2	17	\N
3867	roulements yel 204	26.74	t	yel204	/static/images/default.jpg		f		2	17	\N
3868	roulements yel 205	27.25	t	yel205	/static/images/default.jpg		f		2	17	\N
3869	roulements yel 206	42.9	t	yel206	/static/images/default.jpg		f		2	17	\N
3870	roulements yel 207	65.01	t	yel207	/static/images/default.jpg		f		2	17	\N
3871	roulements yel 208	58.56	t	yel208	/static/images/default.jpg		f		2	17	\N
3872	roulements yel 209	74.34	t	yel209	/static/images/default.jpg		f		2	17	\N
3873	roulements yel210	68.87	t	yel210	/static/images/default.jpg		f		2	17	\N
3874	roulements yet 204	26.74	t	yet204	/static/images/default.jpg		f		2	17	\N
3875	roulements yet 205	28.6	t	yet205	/static/images/default.jpg		f		2	17	\N
3876	roulements yet 206	34.37	t	yet206	/static/images/default.jpg		f		2	17	\N
3877	roulements yet 207	60.06	t	yet207	/static/images/default.jpg		f		2	17	\N
3878	roulements yet 208	58.56	t	yet208	/static/images/default.jpg		f		2	17	\N
3879	roulements yet 209	74.34	t	yet209	/static/images/default.jpg		f		2	17	\N
3880	roulements yet210	68.87	t	yet210	/static/images/default.jpg		f		2	17	\N
3881	courroies rubena 	29.48	t	a25r	/static/images/default.jpg		f		3	14	\N
3882	courroies rubena 	31.31	t	a26r	/static/images/default.jpg		f		3	14	\N
3883	courroies rubena 	32.41	t	a27r	/static/images/default.jpg		f		3	14	\N
3884	courroies rubena	33.51	t	a28r	/static/images/default.jpg		f		3	14	\N
3885	courroies rubena	34.63	t	a29r	/static/images/default.jpg		f		3	14	\N
3886	courroies rubena	36.08	t	a30r	/static/images/default.jpg		f		3	14	\N
3887	courroies rubena	37.21	t	a31r	/static/images/default.jpg		f		3	14	\N
3888	courroies rubena	38.32	t	a32r	/static/images/default.jpg		f		3	14	\N
3889	courroies rubena	39.41	t	a33r	/static/images/default.jpg		f		3	14	\N
3890	courroies rubena	39.73	t	a34r	/static/images/default.jpg		f		3	14	\N
3891	courroies rubena	41.62	t	a35r	/static/images/default.jpg		f		3	14	\N
3892	courroies rubena	43.09	t	a36r	/static/images/default.jpg		f		3	14	\N
3893	courroies rubena	44.21	t	a37r	/static/images/default.jpg		f		3	14	\N
3894	courroies rubena	44.94	t	a38r	/static/images/default.jpg		f		3	14	\N
3895	courroies rubena	46.03	t	a39r	/static/images/default.jpg		f		3	14	\N
3896	courroies rubena	46.42	t	a40r	/static/images/default.jpg		f		3	14	\N
3897	courroies rubena	46.64	t	a41r	/static/images/default.jpg		f		3	14	\N
3898	courroies rubena	46.76	t	a42r	/static/images/default.jpg		f		3	14	\N
3899	courroies rubena	47.89	t	a43r	/static/images/default.jpg		f		3	14	\N
3900	courroies rubena	49.34	t	a44r	/static/images/default.jpg		f		3	14	\N
3901	courroies rubena	50.47	t	a45r	/static/images/default.jpg		f		3	14	\N
3902	courroies rubena	51.21	t	a46r	/static/images/default.jpg		f		3	14	\N
3903	courroies rubena	52.31	t	a47r	/static/images/default.jpg		f		3	14	\N
3904	courroies rubena	53.41	t	a48r	/static/images/default.jpg		f		3	14	\N
3905	courroies rubena	54.49	t	a49r	/static/images/default.jpg		f		3	14	\N
3906	courroies rubena	55.97	t	a50r	/static/images/default.jpg		f		3	14	\N
3907	courroies rubena	56.72	t	a51r	/static/images/default.jpg		f		3	14	\N
3908	courroies rubena	57.83	t	a52r	/static/images/default.jpg		f		3	14	\N
3909	courroies rubena	58.93	t	a53r	/static/images/default.jpg		f		3	14	\N
3910	courroies rubena	60.02	t	a54r	/static/images/default.jpg		f		3	14	\N
3911	courroies rubena	60.78	t	a55r	/static/images/default.jpg		f		3	14	\N
3912	courroies rubena	62.24	t	a56r	/static/images/default.jpg		f		3	14	\N
3913	courroies rubena	63.35	t	a57r	/static/images/default.jpg		f		3	14	\N
3914	courroies rubena	64.46	t	a58r	/static/images/default.jpg		f		3	14	\N
3915	courroies rubena	65.57	t	a59r	/static/images/default.jpg		f		3	14	\N
3916	courroies rubena	66.31	t	a60r	/static/images/default.jpg		f		3	14	\N
3917	courroies rubena	67.41	t	a61r	/static/images/default.jpg		f		3	14	\N
3918	courroies rubena	68.88	t	a62r	/static/images/default.jpg		f		3	14	\N
3919	courroies rubena	69.98	t	a63r	/static/images/default.jpg		f		3	14	\N
3920	courroies rubena	71.09	t	a64r	/static/images/default.jpg		f		3	14	\N
3921	courroies rubena	71.81	t	a65r	/static/images/default.jpg		f		3	14	\N
3922	courroies rubena	72.94	t	a66r	/static/images/default.jpg		f		3	14	\N
3923	courroies rubena	74.04	t	a67r	/static/images/default.jpg		f		3	14	\N
3924	courroies rubena	75.51	t	a68r	/static/images/default.jpg		f		3	14	\N
3925	courroies rubena	76.24	t	a69r	/static/images/default.jpg		f		3	14	\N
3926	courroies rubena	77.34	t	a70r	/static/images/default.jpg		f		3	14	\N
3927	courroies rubena	78.43	t	a71r	/static/images/default.jpg		f		3	14	\N
3928	courroies rubena	79.56	t	a72r	/static/images/default.jpg		f		3	14	\N
3929	courroies rubena	80.66	t	a73r	/static/images/default.jpg		f		3	14	\N
3930	courroies rubena	81.78	t	a74r	/static/images/default.jpg		f		3	14	\N
3931	courroies rubena	82.87	t	a75r	/static/images/default.jpg		f		3	14	\N
3932	courroies rubena	83.93	t	a76r	/static/images/default.jpg		f		3	14	\N
3933	courroies rubena	84.18	t	a77r	/static/images/default.jpg		f		3	14	\N
3934	courroies rubena	85.81	t	a78r	/static/images/default.jpg		f		3	14	\N
3935	courroies rubena	86.01	t	a79r	/static/images/default.jpg		f		3	14	\N
3936	courroies rubena	86.46	t	a80r	/static/images/default.jpg		f		3	14	\N
3937	courroies rubena	89.51	t	a81r	/static/images/default.jpg		f		3	14	\N
3938	courroies rubena	89.64	t	a82r	/static/images/default.jpg		f		3	14	\N
3939	courroies rubena	90.11	t	a83r	/static/images/default.jpg		f		3	14	\N
3940	courroies rubena	90.53	t	a84r	/static/images/default.jpg		f		3	14	\N
3941	courroies rubena	91.01	t	a85r	/static/images/default.jpg		f		3	14	\N
3942	courroies rubena	91.46	t	a86r	/static/images/default.jpg		f		3	14	\N
3943	courroies rubena	92.86	t	a87r	/static/images/default.jpg		f		3	14	\N
3944	courroies rubena	96.88	t	a88r	/static/images/default.jpg		f		3	14	\N
3945	courroies rubena	96.92	t	a89r	/static/images/default.jpg		f		3	14	\N
3946	courroies rubena	97.38	t	a90r	/static/images/default.jpg		f		3	14	\N
3947	courroies rubena	97.82	t	a91r	/static/images/default.jpg		f		3	14	\N
3948	courroies rubena	98.14	t	a92r	/static/images/default.jpg		f		3	14	\N
3949	courroies rubena	99.46	t	a93r	/static/images/default.jpg		f		3	14	\N
3950	courroies rubena	100.11	t	a94r	/static/images/default.jpg		f		3	14	\N
3951	courroies rubena	101.65	t	a95r	/static/images/default.jpg		f		3	14	\N
3952	courroies rubena	101.92	t	a96r	/static/images/default.jpg		f		3	14	\N
3953	courroies rubena	103.32	t	a97r	/static/images/default.jpg		f		3	14	\N
3954	courroies rubena	103.74	t	a98r	/static/images/default.jpg		f		3	14	\N
3955	courroies rubena	105.61	t	a99r	/static/images/default.jpg		f		3	14	\N
3956	courroies rubena	110.14	t	a100	/static/images/default.jpg		f		3	14	\N
3957	courroies rubena	110.51	t	b73r	/static/images/default.jpg		f		3	14	\N
3958	courroies rubena	112.01	t	b74r	/static/images/default.jpg		f		3	14	\N
3959	courroies rubena	113.08	t	b75r	/static/images/default.jpg		f		3	14	\N
3960	courroies rubena	115.01	t	b76r	/static/images/default.jpg		f		3	14	\N
3961	courroies rubena	116.39	t	b77r	/static/images/default.jpg		f		3	14	\N
3962	courroies rubena	117.51	t	b78r	/static/images/default.jpg		f		3	14	\N
3963	courroies rubena	118.96	t	b79r	/static/images/default.jpg		f		3	14	\N
3964	courroies rubena	120.79	t	b80r	/static/images/default.jpg		f		3	14	\N
3965	courroies rubena	122.28	t	b81r	/static/images/default.jpg		f		3	14	\N
3966	courroies rubena	123.76	t	b82r	/static/images/default.jpg		f		3	14	\N
3967	courroies rubena	124.86	t	b83r	/static/images/default.jpg		f		3	14	\N
3968	courroies rubena	127.01	t	b84r	/static/images/default.jpg		f		3	14	\N
3969	courroies rubena	128.18	t	b85r	/static/images/default.jpg		f		3	14	\N
3970	courroies rubena	129.65	t	b86r	/static/images/default.jpg		f		3	14	\N
3971	courroies rubena	131.13	t	b87r	/static/images/default.jpg		f		3	14	\N
3972	courroies rubena	132.22	t	b88r	/static/images/default.jpg		f		3	14	\N
3973	courroies rubena	132.86	t	b89r	/static/images/default.jpg		f		3	14	\N
3974	courroies rubena	135.54	t	b90r	/static/images/default.jpg		f		3	14	\N
3975	courroies rubena	135.61	t	b91r	/static/images/default.jpg		f		3	14	\N
3976	courroies rubena	138.13	t	b92r	/static/images/default.jpg		f		3	14	\N
3977	courroies rubena	138.32	t	b93r	/static/images/default.jpg		f		3	14	\N
3978	courroies rubena	140.71	t	b94r	/static/images/default.jpg		f		3	14	\N
3979	courroies rubena	142.55	t	b95r	/static/images/default.jpg		f		3	14	\N
3980	courroies rubena	144.38	t	b96r	/static/images/default.jpg		f		3	14	\N
3981	courroies rubena	146.61	t	b97r	/static/images/default.jpg		f		3	14	\N
3982	courroies rubena	148.81	t	b98r	/static/images/default.jpg		f		3	14	\N
3983	courroies rubena	149.24	t	b99r	/static/images/default.jpg		f		3	14	\N
3984	courroies rubena	150.15	t	b100r	/static/images/default.jpg		f		3	14	\N
3985	courroies rubena	71.82	t	b47r	/static/images/default.jpg		f		3	14	\N
3986	courroies rubena	73.31	t	b48r	/static/images/default.jpg		f		3	14	\N
3987	courroies rubena	75.15	t	b49r	/static/images/default.jpg		f		3	14	\N
3988	courroies rubena	76.23	t	b50r	/static/images/default.jpg		f		3	14	\N
3989	courroies rubena	77.71	t	b51r	/static/images/default.jpg		f		3	14	\N
3990	courroies rubena	79.18	t	b52r	/static/images/default.jpg		f		3	14	\N
3991	courroies rubena	80.66	t	b53r	/static/images/default.jpg		f		3	14	\N
3992	courroies rubena	82.51	t	b54r	/static/images/default.jpg		f		3	14	\N
3993	courroies rubena	83.61	t	b55r	/static/images/default.jpg		f		3	14	\N
3994	courroies rubena	85.08	t	b56r	/static/images/default.jpg		f		3	14	\N
3995	courroies rubena	86.58	t	b57r	/static/images/default.jpg		f		3	14	\N
3996	courroies rubena	88.41	t	b58r	/static/images/default.jpg		f		3	14	\N
3997	courroies rubena	89.86	t	b59r	/static/images/default.jpg		f		3	14	\N
3998	courroies rubena	91.01	t	b60r	/static/images/default.jpg		f		3	14	\N
3999	courroies rubena	92.44	t	b61r	/static/images/default.jpg		f		3	14	\N
4000	courroies rubena	93.92	t	b62r	/static/images/default.jpg		f		3	14	\N
4001	courroies rubena	95.77	t	b63r	/static/images/default.jpg		f		3	14	\N
4002	courroies rubena	98.87	t	b64r	/static/images/default.jpg		f		3	14	\N
4003	courroies rubena	98.34	t	b65r	/static/images/default.jpg		f		3	14	\N
4004	courroies rubena	99.84	t	b66r	/static/images/default.jpg		f		3	14	\N
4005	courroies rubena	101.66	t	b67r	/static/images/default.jpg		f		3	14	\N
4006	courroies rubena	103.12	t	b68r	/static/images/default.jpg		f		3	14	\N
4007	courroies rubena	104.23	t	b69r	/static/images/default.jpg		f		3	14	\N
4008	courroies rubena	105.71	t	b70r	/static/images/default.jpg		f		3	14	\N
4009	courroies rubena	106.81	t	b71r	/static/images/default.jpg		f		3	14	\N
4010	courroies rubena	109.02	t	b72r	/static/images/default.jpg		f		3	14	\N
4011	courroies rubena	105.61	t	c47r	/static/images/default.jpg		f		3	14	\N
4012	courroies rubena	107.38	t	c478r	/static/images/default.jpg		f		3	14	\N
4013	courroies rubena	109.48	t	c49r	/static/images/default.jpg		f		3	14	\N
4014	courroies rubena	112.21	t	c50r	/static/images/default.jpg		f		3	14	\N
4015	courroies rubena	112.75	t	c51r	/static/images/default.jpg		f		3	14	\N
4016	courroies rubena	116.27	t	c52r	/static/images/default.jpg		f		3	14	\N
4017	courroies rubena	118.45	t	c53r	/static/images/default.jpg		f		3	14	\N
4018	courroies rubena	120.43	t	c54r	/static/images/default.jpg		f		3	14	\N
4019	courroies rubena	122.46	t	c55r	/static/images/default.jpg		f		3	14	\N
4020	courroies rubena	123.41	t	c56r	/static/images/default.jpg		f		3	14	\N
4021	courroies rubena	126.81	t	c57r	/static/images/default.jpg		f		3	14	\N
4022	courroies rubena	129.01	t	c58r	/static/images/default.jpg		f		3	14	\N
4023	courroies rubena	130.71	t	c59r	/static/images/default.jpg		f		3	14	\N
4024	courroies rubena	137.81	t	c60r	/static/images/default.jpg		f		3	14	\N
4025	courroies rubena	137.91	t	c61r	/static/images/default.jpg		f		3	14	\N
4026	courroies rubena	138.81	t	c62r	/static/images/default.jpg		f		3	14	\N
4027	courroies rubena	140.11	t	c63r	/static/images/default.jpg		f		3	14	\N
4028	courroies rubena	141.71	t	c64r	/static/images/default.jpg		f		3	14	\N
4029	courroies rubena	142.61	t	c65r	/static/images/default.jpg		f		3	14	\N
4030	courroies rubena	145.61	t	c66r	/static/images/default.jpg		f		3	14	\N
4031	courroies rubena	147.4	t	c67r	/static/images/default.jpg		f		3	14	\N
4032	courroies rubena	150.01	t	c68r	/static/images/default.jpg		f		3	14	\N
4033	courroies rubena	152.81	t	c69r	/static/images/default.jpg		f		3	14	\N
4034	courroies rubena	155.01	t	c70r	/static/images/default.jpg		f		3	14	\N
4035	courroies rubena	156.71	t	c71r	/static/images/default.jpg		f		3	14	\N
4036	courroies rubena	158.91	t	c72r	/static/images/default.jpg		f		3	14	\N
4037	courroies rubena	160.68	t	c73r	/static/images/default.jpg		f		3	14	\N
4038	courroies rubena	162.81	t	c74r	/static/images/default.jpg		f		3	14	\N
4039	courroies rubena	171.27	t	c75r	/static/images/default.jpg		f		3	14	\N
4040	courroies rubena	171.64	t	c76r	/static/images/default.jpg		f		3	14	\N
4041	courroies rubena	172.41	t	c77r	/static/images/default.jpg		f		3	14	\N
4042	courroies rubena	177.91	t	c78r	/static/images/default.jpg		f		3	14	\N
4043	courroies rubena	178.35	t	c79r	/static/images/default.jpg		f		3	14	\N
4044	courroies rubena	179.74	t	c80r	/static/images/default.jpg		f		3	14	\N
4045	courroies rubena	180.18	t	c81r	/static/images/default.jpg		f		3	14	\N
4046	courroies rubena	181.08	t	c82r	/static/images/default.jpg		f		3	14	\N
4047	courroies rubena	182.17	t	c83r	/static/images/default.jpg		f		3	14	\N
4048	courroies rubena	185.27	t	c84r	/static/images/default.jpg		f		3	14	\N
4049	courroies rubena	187.01	t	c85r	/static/images/default.jpg		f		3	14	\N
4050	courroies rubena	188.81	t	c86r	/static/images/default.jpg		f		3	14	\N
4051	courroies rubena	197.77	t	c87r	/static/images/default.jpg		f		3	14	\N
4052	courroies rubena	199.26	t	c88r	/static/images/default.jpg		f		3	14	\N
4053	courroies rubena	202.58	t	c89r	/static/images/default.jpg		f		3	14	\N
4054	courroies rubena	204.41	t	c90r	/static/images/default.jpg		f		3	14	\N
4055	courroies rubena	204.76	t	c91r	/static/images/default.jpg		f		3	14	\N
4056	courroies rubena	209.21	t	c92r	/static/images/default.jpg		f		3	14	\N
4057	courroies rubena	211.03	t	c93r	/static/images/default.jpg		f		3	14	\N
4058	courroies rubena	212.04	t	c94r	/static/images/default.jpg		f		3	14	\N
4059	courroies rubena	214.74	t	c95r	/static/images/default.jpg		f		3	14	\N
4060	courroies rubena	216.11	t	c96r	/static/images/default.jpg		f		3	14	\N
4061	courroies rubena	216.58	t	c97r	/static/images/default.jpg		f		3	14	\N
4062	courroies rubena	222.47	t	c98r	/static/images/default.jpg		f		3	14	\N
4063	courroies rubena	222.96	t	c99r	/static/images/default.jpg		f		3	14	\N
4064	courroies rubena	223.86	t	c100r	/static/images/default.jpg		f		3	14	\N
4442	triangle merc 211 g/d 2002-2009	456	t	23.2113308907	/static/images/default.jpg		f		11	\N	\N
4443	triangle sup mer ml 164-2005-2015 d/g	576	t	23.2513300807	/static/images/default.jpg		f		11	\N	\N
4444	triangle merc type220 d/g	504	t	23.2203308447	/static/images/default.jpg		f		11	\N	\N
4445	triangle merc 210 d/g 1995-2002	300	t	23.2103308807	/static/images/default.jpg		f		11	\N	\N
4446	triangle merc class type 205-213-2014-2017	660	t	23.2053305501-5601	/static/images/default.jpg		f		11	\N	\N
4447	triangle bmw e46 d/g 200-2005	594	t	23.31126752718	/static/images/default.jpg		f		11	\N	\N
4448	triangle polo 2009	234	t	23.6q0407151	/static/images/default.jpg		f		11	\N	\N
4449	triangle audi q7 d/g 2006-2015	1176	t	23.7l8407151d	/static/images/default.jpg		f		11	\N	\N
4450	triangle golf5 d/g 2004	276	t	23.1k0407153	/static/images/default.jpg		f		11	\N	\N
4451	triangle golf6 d/g 1997-2006	246	t	23.1j0407151	/static/images/default.jpg		f		11	\N	\N
4452	triangle golf6 golf5 passat d/g 2007-2016	276	t	23.1kd407152	/static/images/default.jpg		f		11	\N	\N
4453	triangle aluminium touareg	342	t	23.7l0407021b	/static/images/default.jpg		f		11	\N	\N
4454	triangle touareg fer d/g 2004-2010	840	t	23.7l0407152c	/static/images/default.jpg		f		11	\N	\N
4455	triangle alum q7 touareg 2006-2018	1128	t	23.7p0407151e	/static/images/default.jpg		f		11	\N	\N
4456	triangle peugeot 206	264	t	23.3520l7-l8	/static/images/default.jpg		f		11	\N	\N
4457	triangle p307	288	t	23.mc00945	/static/images/default.jpg		f		11	\N	\N
4458	triangle p807-c8 2002-2007	474	t	23.3521t2	/static/images/default.jpg		f		11	\N	\N
4459	triangle peugeot partner a/m	319	t	23.mc00944	/static/images/default.jpg		f		11	\N	\N
4460	triangle peugeot partner a/m	332	t	23.3530k9-mc00943	/static/images/default.jpg		f		11	\N	\N
4461	triangle dacia duster 2010-2011	189	t	23.545006542r-46	/static/images/default.jpg		f		11	\N	\N
4462	triangle dacia logan 2004-2010	145	t	23.6001547520	/static/images/default.jpg		f		11	\N	\N
4463	triangle kangoo 1197-2000	165	t	23.7700425228	/static/images/default.jpg		f		11	\N	\N
4464	triangle kia picanto 2004	312	t	23.545010710	/static/images/default.jpg		f		11	\N	\N
4465	triangle all sup ranger rover evoque	594	t	23.lr034214-211	/static/images/default.jpg		f		11	\N	\N
4466	triangle inf land rover evoque d/g 2011-2016	840	t	23.lr024472-473	/static/images/default.jpg		f		11	\N	\N
4467	triangle superieur toyota hilux2 d/g pk-up-1992-2005	282	t	23.4806635080	/static/images/default.jpg		f		11	\N	\N
4468	triangle av toyota hilux 1998-2005	216	t	23.48606-35120	/static/images/default.jpg		f		11	\N	\N
4469	triangle inf toyota corolla 01-2007 d/g	312	t	23. 48068-02030	/static/images/default.jpg		f		11	\N	\N
4470	triangle av toyota rav4 d/g 2006-2008	390	t	23.48069-42050	/static/images/default.jpg		f		11	\N	\N
4471	triangle hyundai i30 kia ceed 2007-2012	354	t	23.54500-2h000	/static/images/default.jpg		f		11	\N	\N
4472	triangle hyundai santafe 2001-2006	354	t	23.54502-26000	/static/images/default.jpg		f		11	\N	\N
4473	triangle hyundai i35 d/g sportage 2010-2011	354	t	23.54500-25000	/static/images/default.jpg		f		11	\N	\N
4474	triangle hyundai elantra crdi d/g 2006	282	t	23.54500-2d000	/static/images/default.jpg		f		11	\N	\N
4475	triangle hyundai accent crdi kia rio d/g 2005-2010	288	t	23.54500-1e000	/static/images/default.jpg		f		11	\N	\N
4476	triangle hyundai h1 d/g td 1997-2004	276	t	23.54500-4a000	/static/images/default.jpg		f		11	\N	\N
4477	triangle hyundai tucson kia sportage 2004-2008	354	t	23.54500-2e001	/static/images/default.jpg		f		11	\N	\N
4478	triangle honda jazz d/g 2002-2008	288	t	23.51350-saa-g01	/static/images/default.jpg		f		11	\N	\N
4479	triangle mitsubichi l300 hyundai h100 2006	276	t	23.54510-43151	/static/images/default.jpg		f		11	\N	\N
4480	triangle suzuki grand vitara	336	t	23.65202-65j00	/static/images/default.jpg		f		11	\N	\N
4481	triangle nissan qashqai 2007-2011 koleos	288	t	23.54500-jd000	/static/images/default.jpg		f		11	\N	\N
4482	triangle opel chevrolet captiva 2006-2010	426	t	23.96626235	/static/images/default.jpg		f		11	\N	\N
4483	triangle ford fiesta 	234	t	23.t6513300	/static/images/default.jpg		f		11	\N	\N
4484	triangle ford mazda 2007-2015	270	t	23.d65134350-300	/static/images/default.jpg		f		11	\N	\N
4485	bute hydrolique ford fiesta-fusion2004-2012	318	t	25.510005810-	/static/images/default.jpg		f		12	18	\N
4486	bute hydrolique toyota auris-corolla-yaris 2005-2013	325	t	25.31400-19005-	/static/images/default.jpg		f		12	18	\N
4487	bute hydrolique land rover evoque 2006-2014	368	t	25.lr022452-	/static/images/default.jpg		f		12	18	\N
4488	bute hydrolique clio 2-3-kango	293	t	25.8200102454-	/static/images/default.jpg		f		12	18	\N
4489	bute hydrolique dacia duster 2010-2018	300	t	25.510009710-	/static/images/default.jpg		f		12	18	\N
4490	bute hydrolique hyundai santafe 2005-2010	300	t	25.4142124300-	/static/images/default.jpg		f		12	18	\N
4491	bute hydrolique hyundai santafe 2	312	t	25.4142138500-	/static/images/default.jpg		f		12	18	\N
4492	bute hydrolyque fiat ducato 2006-2007	312	t	25.55199563-	/static/images/default.jpg		f		12	18	\N
4493	bute hydrolique fiat ducato 2006	300	t	25.804545-	/static/images/default.jpg		f		12	18	\N
4494	bute hydrolique ford-focus 2003-2009	306	t	25.3182600148-	/static/images/default.jpg		f		12	18	\N
4495	bute hydrolyque ford transit 2006-2014	288	t	25.510002311-	/static/images/default.jpg		f		12	18	\N
4496	bute hydrolique mer 203-204-207-210-211	463	t	25.3182997804-	/static/images/default.jpg		f		12	18	\N
4497	bute hydrolique mer vito 1993-2003	456	t	25.3182997801-	/static/images/default.jpg		f		12	18	\N
4498	bute hydrolique 5-7-5-passat -a3 cade 2 2000 -2014	287	t	25.0a5141671-	/static/images/default.jpg		f		12	18	\N
4499	bute hydrolique rnt master 2-3 megane 2002-2011	331	t	25.7700110348-	/static/images/default.jpg		f		12	18	\N
4500	bute hydrolique rnt megane-opel-master 2007-2010	306	t	25.820090278-	/static/images/default.jpg		f		12	18	\N
4501	bute hydrolique r.megane 2-3 2002-2009	306	t	25.510010010-	/static/images/default.jpg		f		12	18	\N
4502	bute hydrolique rnt kango megane 2 dacia 2009-2010	300	t	25.8200855816-	/static/images/default.jpg		f		12	18	\N
4503	bute hydrolique dacia duster-logan-nisaan 2003-2010	300	t	25.8200046103-	/static/images/default.jpg		f		12	18	\N
4504	bute hydrolique rnt logan-dacia 2005-2010	293	t	25.820076461-	/static/images/default.jpg		f		12	18	\N
4505	pipe d'eau golf 4 -a3	59	t	25.1j0122291b-	/static/images/default.jpg		f		13	18	\N
4506	pipe d'eau golf 5-passat 2003-2009	64	t	25.038121132d-	/static/images/default.jpg		f		13	18	\N
4507	pipe d'eau golf 4	52	t	25.1j0121087c-	/static/images/default.jpg		f		13	18	\N
4508	pipe d'eau golf 2	39	t	25.026121145e-	/static/images/default.jpg		f		13	18	\N
4509	pipe d'eau golf 4-seat essence polo ess a3-seat 96-06	72	t	25.06a121133j-	/static/images/default.jpg		f		13	18	\N
4510	pipe d'eau golf 3-cady-polo 1991-2004	62	t	25.068121132a-	/static/images/default.jpg		f		13	18	\N
4511	pipe d'eau audi 100-seat oledo 96-06	60	t	25.037121133b-	/static/images/default.jpg		f		13	18	\N
4512	pipe d'eau audi 80-seat 86-91	62	t	25.06a121132b-	/static/images/default.jpg		f		13	18	\N
4513	pipe d'eau passat scoda 2004	134	t	25.1k0695651-	/static/images/default.jpg		f		13	18	\N
4514	pipe d'eau polo 96-99	64	t	25.028121132c-	/static/images/default.jpg		f		13	18	\N
4515	pipe d'eau polo	62	t	25.037121132e-	/static/images/default.jpg		f		13	18	\N
4516	pipe d'eau polo-caddy-golf 3-seat ibiza 96-02	65	t	25.028121132a-	/static/images/default.jpg		f		13	18	\N
4517	pipe d'eau skoda octavia-a3 96-06	71	t	25.06a121133c-	/static/images/default.jpg		f		13	18	\N
4518	pipe d'eau seat-codoba-golf 2	39	t	25.037121121a-	/static/images/default.jpg		f		13	18	\N
4519	pipe d'eau rnt clio-megane 2-scenic-nissan 2003-2012	131	t	25.8200557908-	/static/images/default.jpg		f		13	18	\N
4520	pipe d'eau rnt kangoo-clio-magane-dacia logan 01-10	131	t	25.8200557831-	/static/images/default.jpg		f		13	18	\N
4521	pipe d'eau dacia logan-sandero-kangoo-clio-scenic 00-18	117	t	25.8200134513-	/static/images/default.jpg		f		13	18	\N
4522	pipe d'eau dacia docker-duster-lodgy-sandero-clio 03-16	117	t	25.8200552604-	/static/images/default.jpg		f		13	18	\N
4523	pipe d'eau range rover sport-land rover discovery 04-13	244	t	25.lr073372-	/static/images/default.jpg		f		13	18	\N
4524	pompe assiete mer ml 163 98-05	875	t	25.541008210-	/static/images/default.jpg		f		14	18	\N
4525	pompe assiete sprinter 95-06	1000	t	25.542003510-	/static/images/default.jpg		f		14	18	\N
4526	pompe assiete mer 203 00-07	1000	t	25.0024669001-	/static/images/default.jpg		f		14	18	\N
4527	pompe assiete golf 5-4-a1-seat 06-13	1500	t	25.03c880727d-	/static/images/default.jpg		f		14	18	\N
4528	pompe assiete avec vase p.partner 96-04	875	t	25.26084387-	/static/images/default.jpg		f		14	18	\N
4529	pompe assiete p.partner n.m	875	t	25.9632334900-	/static/images/default.jpg		f		14	18	\N
4530	pompe assiete d.logan-r.kango 01-10	938	t	25.7700431286-	/static/images/default.jpg		f		14	18	\N
4531	pompe assiete crafter 2011-2013	1438	t	25.02e422145-	/static/images/default.jpg		f		14	18	\N
4532	caoutchouc scania  bras stabilisation de roullement 40mm	53.85	t	213604	/static/images/default.jpg		f		1	3	\N
4533	anneau echap rnt pgt std pm 37x57x12- 7700518505	3.5	t	11.an.st8092	/static/images/default.jpg		f		1	3	\N
4534	caoutchouc echappement fiat doblo - 1474690080-175562	11	t	11.ca.fi6043	/static/images/default.jpg		f		1	3	\N
4535	caouatchouc b/s fiat uno gm d -  4179802	7.5	t	11.ca.fi6066	/static/images/default.jpg		f		1	3	\N
4536	caout b/s fiat doblo 26 mm  av - 51886185	55.24	t	11.ca.fi6530	/static/images/default.jpg		f		1	3	\N
4537	caouat ech  fiat doblo long - 46416588	9	t	11.ca.fi6542	/static/images/default.jpg		f		1	3	\N
4538	caot direction iveco daily turbo 40mm g-l38- 9380239	16.5	t	11.ca.iv1720	/static/images/default.jpg		f		1	3	\N
4539	caot direction iveco daily turbo 18 mm -l40- 8581021	8	t	11.ca.iv1723	/static/images/default.jpg		f		1	3	\N
4540	caot direction iveco daily turbo 22 mm -l40- 9380155	8	t	11.ca.iv1725	/static/images/default.jpg		f		1	3	\N
4541	caot direction iveco daily turbo 16 mm -l40- 9380396	8	t	11.ca.iv1726	/static/images/default.jpg		f		1	3	\N
4542	caot direction iveco daily turbo 18 mm -l40- 8581022	8	t	11.ca.iv1727	/static/images/default.jpg		f		1	3	\N
4543	caot direction iveco daily turbo 20 mm -l40- 9380263	8	t	11.ca.iv1728	/static/images/default.jpg		f		1	3	\N
4544	caot direction iveco daily turbo 22 mm -l40- 9380162	8	t	11.ca.iv1729	/static/images/default.jpg		f		1	3	\N
4545	caot direction iveco daily turbo 24 mm -l40- 9380162	8	t	11.ca.iv1730	/static/images/default.jpg		f		1	3	\N
4546	caouatchouc plastic b/s iveco daily 40 mm - l62- 8127383	37.5	t	11.ca.iv1755	/static/images/default.jpg		f		1	3	\N
4547	caouatchouc b/s iveco 40 mm - l112 - 4703995	41.5	t	11.ca.iv1760	/static/images/default.jpg		f		1	3	\N
4548	caout echapp r9-11-18-21-sup5-exp- 7700686449	7.5	t	11.ca.rn8140	/static/images/default.jpg		f		1	3	\N
4549	plastic filter air dacia kangoo clio duster logan-8200089030	190	t	11.pl.da10505	/static/images/default.jpg		f		1	3	\N
4550	silentbloc bras ar sup palio siena - 55171247	23.5	t	11.sb.fi6022	/static/images/default.jpg		f		1	3	\N
4551	silentbloc torsion ar  palio siena-50x12x68 - 82491064	60	t	11.sb.fi6326	/static/images/default.jpg		f		1	3	\N
4552	silentbl iveco daily turbo sup- 93807640-29x44x52	44	t	11.sb.iv1701	/static/images/default.jpg		f		1	3	\N
4553	silentbloc iveco daily turbo - 93808935	44	t	11.sb.iv1706	/static/images/default.jpg		f		1	3	\N
4554	silentbloc b/s iveco bus - 98486768	7	t	11.sb.iv1744	/static/images/default.jpg		f		1	3	\N
4555	silentbloc berlingo xsara citroen - 322375	15	t	11.sb.pg2424	/static/images/default.jpg		f		1	3	\N
4556	silentbloc clio megane kangoo dacia-7700799404	15	t	11.sb.rn8188	/static/images/default.jpg		f		1	3	\N
4557	sup amort fiat ducato boxer jumper av d - 1323166080	178	t	11.sp.fi2301	/static/images/default.jpg		f		1	3	\N
4558	sup amort ducato boxer jumper droit - 1319277080	105	t	11.sp.fi2370	/static/images/default.jpg		f		1	3	\N
4559	sup amort ducato boxer jumper  ghauche - 1307628080	105	t	11.sp.fi2371	/static/images/default.jpg		f		1	3	\N
4560	sup amort ducato iii boxer jumper d - 50706256	125	t	11.sp.fi2372	/static/images/default.jpg		f		1	3	\N
4561	sup amort ducato iii boxer jumper g - 50706256	125	t	11.sp.fi2373	/static/images/default.jpg		f		1	3	\N
4562	sup amort fiat doblo palio d 14 mm- 46760673	145	t	11.sp.fi6000	/static/images/default.jpg		f		1	3	\N
4563	sup amort fiat doblo palio g 14 mm- 46760674	145	t	11.sp.fi6001	/static/images/default.jpg		f		1	3	\N
4564	sup ressort iveco daily-93192349	40	t	11.sp.iv1743	/static/images/default.jpg		f		1	3	\N
4565	support elastique p206 ar citroen c2 - 1844.a1	36	t	11.sp.pg24273	/static/images/default.jpg		f		1	3	\N
4566	tirant dacia logan clio iii megan long-8200014933=b8515	78	t	11.tr.da8317	/static/images/default.jpg		f		1	3	\N
4567	tirant biele dacia megan clio ii kangoo-8200151995=b8419	123.5	t	11.tr.da8319	/static/images/default.jpg		f		1	3	\N
4568	tirant biele fiat ducato iii  boxer jumper	145	t	11.tr.fi2319	/static/images/default.jpg		f		1	3	\N
4569	tirant fiat doblo ar 51760173	130	t	11.tr.fi6016	/static/images/default.jpg		f		1	3	\N
4570	tirant fiat doblo12.5mm-38mm-46830162	189	t	11.tr.fi6019	/static/images/default.jpg		f		1	3	\N
4571	tirant biele fiat doblo 1.3 mjtd-51837816	130	t	11.tr.fi6516	/static/images/default.jpg		f		1	3	\N
4572	tirant biele fiat doblo 1.4 ar comp - 95hp70kw09	240	t	11.tr.fi6519	/static/images/default.jpg		f		1	3	\N
4573	tirant biele kangoo r19 clio exp-7700424321-800522	58	t	11.tr.rn83193	/static/images/default.jpg		f		1	3	\N
4574	goujon hyundai comp kia h100-94-96-51756-44001=b11136-d	25	t	b11133	/static/images/default.jpg		f		1	3	\N
4575	goujon hyundai h100 comp-51756-44001- g	25	t	b11134	/static/images/default.jpg		f		1	3	\N
4576	goujoun  hyundai h100 d -52755-44102	25	t	b11135	/static/images/default.jpg		f		1	3	\N
4577	goujoun  hyundai h100 g -52951-11210	25	t	b11136	/static/images/default.jpg		f		1	3	\N
4578	silentbloc h100 minibus  inf short-54449-43000	20	t	b12112	/static/images/default.jpg		f		1	3	\N
4579	silentbloc  h100 minibus -54522-43500	64.5	t	b12114	/static/images/default.jpg		f		1	3	\N
4580	caoutchouc pedalle  h100 -32860-44001	10.5	t	b12122	/static/images/default.jpg		f		1	3	\N
4581	bague direction   h100 minibus -56523-43001	19	t	b12123	/static/images/default.jpg		f		1	3	\N
4582	silentbloc mitsuibishi h100-54300-44003	40	t	b19119	/static/images/default.jpg		f		1	3	\N
4583	suppoort  mot partner p205 p309 p106 poire-184392-184475	55.5	t	b2410	/static/images/default.jpg		f		1	3	\N
4584	support mot  - partnner  p306-182723-184477	59.5	t	b2411	/static/images/default.jpg		f		1	3	\N
4585	support mt peugeot 106-206-306-307-partner- 1844.51	69.24	t	b2414	/static/images/default.jpg		f		1	3	\N
4586	support mot p405 p306 p307-1809-16-9613305380-	30	t	b2420	/static/images/default.jpg		f		1	3	\N
4587	support amort bipper nemo pgt cit fiat-dr- 51804748	130	t	b2500	/static/images/default.jpg		f		1	3	\N
4588	support amo bipper nemo cit pgt fiat-gh-	130	t	b2501	/static/images/default.jpg		f		1	3	\N
4589	caoutchouc stb av bipper-nemo-fiorino-20mm-51785487	20	t	b2531	/static/images/default.jpg		f		1	3	\N
4590	tirant posterieur mot fiat -46781891	90	t	b61191	/static/images/default.jpg		f		1	3	\N
4591	tirant posterieur mot fiat-46781891	75	t	b61195	/static/images/default.jpg		f		1	3	\N
4592	soufflet comp fiat 2016-71771157	36.5	t	b6852t	/static/images/default.jpg		f		1	3	\N
4593	sup mot dr grand punto romeo 55700431-51838808	178	t	b7113	/static/images/default.jpg		f		1	3	\N
4594	caoutchouc  av r12-r18 - 7700550924	6	t	b8060	/static/images/default.jpg		f		1	3	\N
4595	sup amort l/r dacia clio ii twingo-8200053795	25.5	t	b8301	/static/images/default.jpg		f		1	3	\N
4596	sup clio ii 1.6-1.5 dci-7700424339	74.5	t	b8342	/static/images/default.jpg		f		1	3	\N
4597	sup  kangoo 7700435270	68	t	b8441	/static/images/default.jpg		f		1	3	\N
4598	silentbloc dacia clio ii lodgy-8200038243	65	t	b8523	/static/images/default.jpg		f		1	3	\N
4599	caout b/s megane ii scenic 19.5mm-7701056678	10	t	b8530	/static/images/default.jpg		f		1	3	\N
4600	sup mot megane2 scenic3 fluenec-113560009r	145	t	b8610	/static/images/default.jpg		f		1	3	\N
4601	sup bv megane3 fluence 112539459r	150	t	b8617	/static/images/default.jpg		f		1	3	\N
4602	agraffe aile dacia  logan  megane 8200401454	8.5	t	b8664	/static/images/default.jpg		f		1	3	\N
4603	sup amort dacia logan sandero duster-6001548403	40	t	b8702	/static/images/default.jpg		f		1	3	\N
2972	refregirant mer ty 204-205-222-vito sprinter-08-2018	474	t	6511800162	/static/images/6511800162.jpg	\N	f	\N	6	\N	\N
\.


--
-- Data for Name: main_represent; Type: TABLE DATA; Schema: public; Owner: myprojectuser
--

COPY public.main_represent (id, name) FROM stdin;
\.


--
-- Data for Name: main_shippingfees; Type: TABLE DATA; Schema: public; Owner: myprojectuser
--

COPY public.main_shippingfees (id, city, shippingfee) FROM stdin;
\.


--
-- Name: auth_group_id_seq; Type: SEQUENCE SET; Schema: public; Owner: myprojectuser
--

SELECT pg_catalog.setval('public.auth_group_id_seq', 4, true);


--
-- Name: auth_group_permissions_id_seq; Type: SEQUENCE SET; Schema: public; Owner: myprojectuser
--

SELECT pg_catalog.setval('public.auth_group_permissions_id_seq', 1, false);


--
-- Name: auth_permission_id_seq; Type: SEQUENCE SET; Schema: public; Owner: myprojectuser
--

SELECT pg_catalog.setval('public.auth_permission_id_seq', 80, true);


--
-- Name: auth_user_groups_id_seq; Type: SEQUENCE SET; Schema: public; Owner: myprojectuser
--

SELECT pg_catalog.setval('public.auth_user_groups_id_seq', 11, true);


--
-- Name: auth_user_id_seq; Type: SEQUENCE SET; Schema: public; Owner: myprojectuser
--

SELECT pg_catalog.setval('public.auth_user_id_seq', 9, true);


--
-- Name: auth_user_user_permissions_id_seq; Type: SEQUENCE SET; Schema: public; Owner: myprojectuser
--

SELECT pg_catalog.setval('public.auth_user_user_permissions_id_seq', 1, false);


--
-- Name: blog_categories_id_seq; Type: SEQUENCE SET; Schema: public; Owner: myprojectuser
--

SELECT pg_catalog.setval('public.blog_categories_id_seq', 1, false);


--
-- Name: blog_post_id_seq; Type: SEQUENCE SET; Schema: public; Owner: myprojectuser
--

SELECT pg_catalog.setval('public.blog_post_id_seq', 1, false);


--
-- Name: django_admin_log_id_seq; Type: SEQUENCE SET; Schema: public; Owner: myprojectuser
--

SELECT pg_catalog.setval('public.django_admin_log_id_seq', 603, true);


--
-- Name: django_content_type_id_seq; Type: SEQUENCE SET; Schema: public; Owner: myprojectuser
--

SELECT pg_catalog.setval('public.django_content_type_id_seq', 20, true);


--
-- Name: django_migrations_id_seq; Type: SEQUENCE SET; Schema: public; Owner: myprojectuser
--

SELECT pg_catalog.setval('public.django_migrations_id_seq', 23, true);


--
-- Name: main_brand_id_seq; Type: SEQUENCE SET; Schema: public; Owner: myprojectuser
--

SELECT pg_catalog.setval('public.main_brand_id_seq', 1, false);


--
-- Name: main_category_id_seq; Type: SEQUENCE SET; Schema: public; Owner: myprojectuser
--

SELECT pg_catalog.setval('public.main_category_id_seq', 14, true);


--
-- Name: main_client_id_seq; Type: SEQUENCE SET; Schema: public; Owner: myprojectuser
--

SELECT pg_catalog.setval('public.main_client_id_seq', 10, true);


--
-- Name: main_coupon_id_seq; Type: SEQUENCE SET; Schema: public; Owner: myprojectuser
--

SELECT pg_catalog.setval('public.main_coupon_id_seq', 1, false);


--
-- Name: main_mark_id_seq; Type: SEQUENCE SET; Schema: public; Owner: myprojectuser
--

SELECT pg_catalog.setval('public.main_mark_id_seq', 18, true);


--
-- Name: main_model_id_seq; Type: SEQUENCE SET; Schema: public; Owner: myprojectuser
--

SELECT pg_catalog.setval('public.main_model_id_seq', 1, false);


--
-- Name: main_order_id_seq; Type: SEQUENCE SET; Schema: public; Owner: myprojectuser
--

SELECT pg_catalog.setval('public.main_order_id_seq', 15, true);


--
-- Name: main_orderitem_id_seq; Type: SEQUENCE SET; Schema: public; Owner: myprojectuser
--

SELECT pg_catalog.setval('public.main_orderitem_id_seq', 68, true);


--
-- Name: main_pairingcode_id_seq; Type: SEQUENCE SET; Schema: public; Owner: myprojectuser
--

SELECT pg_catalog.setval('public.main_pairingcode_id_seq', 1, false);


--
-- Name: main_produit_id_seq; Type: SEQUENCE SET; Schema: public; Owner: myprojectuser
--

SELECT pg_catalog.setval('public.main_produit_id_seq', 4603, true);


--
-- Name: main_represent_id_seq; Type: SEQUENCE SET; Schema: public; Owner: myprojectuser
--

SELECT pg_catalog.setval('public.main_represent_id_seq', 1, false);


--
-- Name: main_shippingfees_id_seq; Type: SEQUENCE SET; Schema: public; Owner: myprojectuser
--

SELECT pg_catalog.setval('public.main_shippingfees_id_seq', 1, false);


--
-- Name: auth_group auth_group_name_key; Type: CONSTRAINT; Schema: public; Owner: myprojectuser
--

ALTER TABLE ONLY public.auth_group
    ADD CONSTRAINT auth_group_name_key UNIQUE (name);


--
-- Name: auth_group_permissions auth_group_permissions_group_id_permission_id_0cd325b0_uniq; Type: CONSTRAINT; Schema: public; Owner: myprojectuser
--

ALTER TABLE ONLY public.auth_group_permissions
    ADD CONSTRAINT auth_group_permissions_group_id_permission_id_0cd325b0_uniq UNIQUE (group_id, permission_id);


--
-- Name: auth_group_permissions auth_group_permissions_pkey; Type: CONSTRAINT; Schema: public; Owner: myprojectuser
--

ALTER TABLE ONLY public.auth_group_permissions
    ADD CONSTRAINT auth_group_permissions_pkey PRIMARY KEY (id);


--
-- Name: auth_group auth_group_pkey; Type: CONSTRAINT; Schema: public; Owner: myprojectuser
--

ALTER TABLE ONLY public.auth_group
    ADD CONSTRAINT auth_group_pkey PRIMARY KEY (id);


--
-- Name: auth_permission auth_permission_content_type_id_codename_01ab375a_uniq; Type: CONSTRAINT; Schema: public; Owner: myprojectuser
--

ALTER TABLE ONLY public.auth_permission
    ADD CONSTRAINT auth_permission_content_type_id_codename_01ab375a_uniq UNIQUE (content_type_id, codename);


--
-- Name: auth_permission auth_permission_pkey; Type: CONSTRAINT; Schema: public; Owner: myprojectuser
--

ALTER TABLE ONLY public.auth_permission
    ADD CONSTRAINT auth_permission_pkey PRIMARY KEY (id);


--
-- Name: auth_user_groups auth_user_groups_pkey; Type: CONSTRAINT; Schema: public; Owner: myprojectuser
--

ALTER TABLE ONLY public.auth_user_groups
    ADD CONSTRAINT auth_user_groups_pkey PRIMARY KEY (id);


--
-- Name: auth_user_groups auth_user_groups_user_id_group_id_94350c0c_uniq; Type: CONSTRAINT; Schema: public; Owner: myprojectuser
--

ALTER TABLE ONLY public.auth_user_groups
    ADD CONSTRAINT auth_user_groups_user_id_group_id_94350c0c_uniq UNIQUE (user_id, group_id);


--
-- Name: auth_user auth_user_pkey; Type: CONSTRAINT; Schema: public; Owner: myprojectuser
--

ALTER TABLE ONLY public.auth_user
    ADD CONSTRAINT auth_user_pkey PRIMARY KEY (id);


--
-- Name: auth_user_user_permissions auth_user_user_permissions_pkey; Type: CONSTRAINT; Schema: public; Owner: myprojectuser
--

ALTER TABLE ONLY public.auth_user_user_permissions
    ADD CONSTRAINT auth_user_user_permissions_pkey PRIMARY KEY (id);


--
-- Name: auth_user_user_permissions auth_user_user_permissions_user_id_permission_id_14a6b632_uniq; Type: CONSTRAINT; Schema: public; Owner: myprojectuser
--

ALTER TABLE ONLY public.auth_user_user_permissions
    ADD CONSTRAINT auth_user_user_permissions_user_id_permission_id_14a6b632_uniq UNIQUE (user_id, permission_id);


--
-- Name: auth_user auth_user_username_key; Type: CONSTRAINT; Schema: public; Owner: myprojectuser
--

ALTER TABLE ONLY public.auth_user
    ADD CONSTRAINT auth_user_username_key UNIQUE (username);


--
-- Name: blog_categories blog_categories_pkey; Type: CONSTRAINT; Schema: public; Owner: myprojectuser
--

ALTER TABLE ONLY public.blog_categories
    ADD CONSTRAINT blog_categories_pkey PRIMARY KEY (id);


--
-- Name: blog_post blog_post_pkey; Type: CONSTRAINT; Schema: public; Owner: myprojectuser
--

ALTER TABLE ONLY public.blog_post
    ADD CONSTRAINT blog_post_pkey PRIMARY KEY (id);


--
-- Name: django_admin_log django_admin_log_pkey; Type: CONSTRAINT; Schema: public; Owner: myprojectuser
--

ALTER TABLE ONLY public.django_admin_log
    ADD CONSTRAINT django_admin_log_pkey PRIMARY KEY (id);


--
-- Name: django_content_type django_content_type_app_label_model_76bd3d3b_uniq; Type: CONSTRAINT; Schema: public; Owner: myprojectuser
--

ALTER TABLE ONLY public.django_content_type
    ADD CONSTRAINT django_content_type_app_label_model_76bd3d3b_uniq UNIQUE (app_label, model);


--
-- Name: django_content_type django_content_type_pkey; Type: CONSTRAINT; Schema: public; Owner: myprojectuser
--

ALTER TABLE ONLY public.django_content_type
    ADD CONSTRAINT django_content_type_pkey PRIMARY KEY (id);


--
-- Name: django_migrations django_migrations_pkey; Type: CONSTRAINT; Schema: public; Owner: myprojectuser
--

ALTER TABLE ONLY public.django_migrations
    ADD CONSTRAINT django_migrations_pkey PRIMARY KEY (id);


--
-- Name: django_session django_session_pkey; Type: CONSTRAINT; Schema: public; Owner: myprojectuser
--

ALTER TABLE ONLY public.django_session
    ADD CONSTRAINT django_session_pkey PRIMARY KEY (session_key);


--
-- Name: main_brand main_brand_pkey; Type: CONSTRAINT; Schema: public; Owner: myprojectuser
--

ALTER TABLE ONLY public.main_brand
    ADD CONSTRAINT main_brand_pkey PRIMARY KEY (id);


--
-- Name: main_category main_category_pkey; Type: CONSTRAINT; Schema: public; Owner: myprojectuser
--

ALTER TABLE ONLY public.main_category
    ADD CONSTRAINT main_category_pkey PRIMARY KEY (id);


--
-- Name: main_client main_client_pkey; Type: CONSTRAINT; Schema: public; Owner: myprojectuser
--

ALTER TABLE ONLY public.main_client
    ADD CONSTRAINT main_client_pkey PRIMARY KEY (id);


--
-- Name: main_client main_client_user_id_key; Type: CONSTRAINT; Schema: public; Owner: myprojectuser
--

ALTER TABLE ONLY public.main_client
    ADD CONSTRAINT main_client_user_id_key UNIQUE (user_id);


--
-- Name: main_coupon main_coupon_pkey; Type: CONSTRAINT; Schema: public; Owner: myprojectuser
--

ALTER TABLE ONLY public.main_coupon
    ADD CONSTRAINT main_coupon_pkey PRIMARY KEY (id);


--
-- Name: main_mark main_mark_pkey; Type: CONSTRAINT; Schema: public; Owner: myprojectuser
--

ALTER TABLE ONLY public.main_mark
    ADD CONSTRAINT main_mark_pkey PRIMARY KEY (id);


--
-- Name: main_model main_model_pkey; Type: CONSTRAINT; Schema: public; Owner: myprojectuser
--

ALTER TABLE ONLY public.main_model
    ADD CONSTRAINT main_model_pkey PRIMARY KEY (id);


--
-- Name: main_order main_order_pkey; Type: CONSTRAINT; Schema: public; Owner: myprojectuser
--

ALTER TABLE ONLY public.main_order
    ADD CONSTRAINT main_order_pkey PRIMARY KEY (id);


--
-- Name: main_orderitem main_orderitem_pkey; Type: CONSTRAINT; Schema: public; Owner: myprojectuser
--

ALTER TABLE ONLY public.main_orderitem
    ADD CONSTRAINT main_orderitem_pkey PRIMARY KEY (id);


--
-- Name: main_pairingcode main_pairingcode_pkey; Type: CONSTRAINT; Schema: public; Owner: myprojectuser
--

ALTER TABLE ONLY public.main_pairingcode
    ADD CONSTRAINT main_pairingcode_pkey PRIMARY KEY (id);


--
-- Name: main_produit main_produit_pkey; Type: CONSTRAINT; Schema: public; Owner: myprojectuser
--

ALTER TABLE ONLY public.main_produit
    ADD CONSTRAINT main_produit_pkey PRIMARY KEY (id);


--
-- Name: main_represent main_represent_pkey; Type: CONSTRAINT; Schema: public; Owner: myprojectuser
--

ALTER TABLE ONLY public.main_represent
    ADD CONSTRAINT main_represent_pkey PRIMARY KEY (id);


--
-- Name: main_shippingfees main_shippingfees_pkey; Type: CONSTRAINT; Schema: public; Owner: myprojectuser
--

ALTER TABLE ONLY public.main_shippingfees
    ADD CONSTRAINT main_shippingfees_pkey PRIMARY KEY (id);


--
-- Name: auth_group_name_a6ea08ec_like; Type: INDEX; Schema: public; Owner: myprojectuser
--

CREATE INDEX auth_group_name_a6ea08ec_like ON public.auth_group USING btree (name varchar_pattern_ops);


--
-- Name: auth_group_permissions_group_id_b120cbf9; Type: INDEX; Schema: public; Owner: myprojectuser
--

CREATE INDEX auth_group_permissions_group_id_b120cbf9 ON public.auth_group_permissions USING btree (group_id);


--
-- Name: auth_group_permissions_permission_id_84c5c92e; Type: INDEX; Schema: public; Owner: myprojectuser
--

CREATE INDEX auth_group_permissions_permission_id_84c5c92e ON public.auth_group_permissions USING btree (permission_id);


--
-- Name: auth_permission_content_type_id_2f476e4b; Type: INDEX; Schema: public; Owner: myprojectuser
--

CREATE INDEX auth_permission_content_type_id_2f476e4b ON public.auth_permission USING btree (content_type_id);


--
-- Name: auth_user_groups_group_id_97559544; Type: INDEX; Schema: public; Owner: myprojectuser
--

CREATE INDEX auth_user_groups_group_id_97559544 ON public.auth_user_groups USING btree (group_id);


--
-- Name: auth_user_groups_user_id_6a12ed8b; Type: INDEX; Schema: public; Owner: myprojectuser
--

CREATE INDEX auth_user_groups_user_id_6a12ed8b ON public.auth_user_groups USING btree (user_id);


--
-- Name: auth_user_user_permissions_permission_id_1fbb5f2c; Type: INDEX; Schema: public; Owner: myprojectuser
--

CREATE INDEX auth_user_user_permissions_permission_id_1fbb5f2c ON public.auth_user_user_permissions USING btree (permission_id);


--
-- Name: auth_user_user_permissions_user_id_a95ead1b; Type: INDEX; Schema: public; Owner: myprojectuser
--

CREATE INDEX auth_user_user_permissions_user_id_a95ead1b ON public.auth_user_user_permissions USING btree (user_id);


--
-- Name: auth_user_username_6821ab7c_like; Type: INDEX; Schema: public; Owner: myprojectuser
--

CREATE INDEX auth_user_username_6821ab7c_like ON public.auth_user USING btree (username varchar_pattern_ops);


--
-- Name: django_admin_log_content_type_id_c4bce8eb; Type: INDEX; Schema: public; Owner: myprojectuser
--

CREATE INDEX django_admin_log_content_type_id_c4bce8eb ON public.django_admin_log USING btree (content_type_id);


--
-- Name: django_admin_log_user_id_c564eba6; Type: INDEX; Schema: public; Owner: myprojectuser
--

CREATE INDEX django_admin_log_user_id_c564eba6 ON public.django_admin_log USING btree (user_id);


--
-- Name: django_session_expire_date_a5c62663; Type: INDEX; Schema: public; Owner: myprojectuser
--

CREATE INDEX django_session_expire_date_a5c62663 ON public.django_session USING btree (expire_date);


--
-- Name: django_session_session_key_c0390e0f_like; Type: INDEX; Schema: public; Owner: myprojectuser
--

CREATE INDEX django_session_session_key_c0390e0f_like ON public.django_session USING btree (session_key varchar_pattern_ops);


--
-- Name: main_order_client_id_e3685c50; Type: INDEX; Schema: public; Owner: myprojectuser
--

CREATE INDEX main_order_client_id_e3685c50 ON public.main_order USING btree (client_id);


--
-- Name: main_orderitem_order_id_72ea9725; Type: INDEX; Schema: public; Owner: myprojectuser
--

CREATE INDEX main_orderitem_order_id_72ea9725 ON public.main_orderitem USING btree (order_id);


--
-- Name: main_orderitem_product_id_b90dba64; Type: INDEX; Schema: public; Owner: myprojectuser
--

CREATE INDEX main_orderitem_product_id_b90dba64 ON public.main_orderitem USING btree (product_id);


--
-- Name: main_produit_category_id_8d678549; Type: INDEX; Schema: public; Owner: myprojectuser
--

CREATE INDEX main_produit_category_id_8d678549 ON public.main_produit USING btree (category_id);


--
-- Name: main_produit_mark_id_a0e43ac8; Type: INDEX; Schema: public; Owner: myprojectuser
--

CREATE INDEX main_produit_mark_id_a0e43ac8 ON public.main_produit USING btree (mark_id);


--
-- Name: auth_group_permissions auth_group_permissio_permission_id_84c5c92e_fk_auth_perm; Type: FK CONSTRAINT; Schema: public; Owner: myprojectuser
--

ALTER TABLE ONLY public.auth_group_permissions
    ADD CONSTRAINT auth_group_permissio_permission_id_84c5c92e_fk_auth_perm FOREIGN KEY (permission_id) REFERENCES public.auth_permission(id) DEFERRABLE INITIALLY DEFERRED;


--
-- Name: auth_group_permissions auth_group_permissions_group_id_b120cbf9_fk_auth_group_id; Type: FK CONSTRAINT; Schema: public; Owner: myprojectuser
--

ALTER TABLE ONLY public.auth_group_permissions
    ADD CONSTRAINT auth_group_permissions_group_id_b120cbf9_fk_auth_group_id FOREIGN KEY (group_id) REFERENCES public.auth_group(id) DEFERRABLE INITIALLY DEFERRED;


--
-- Name: auth_permission auth_permission_content_type_id_2f476e4b_fk_django_co; Type: FK CONSTRAINT; Schema: public; Owner: myprojectuser
--

ALTER TABLE ONLY public.auth_permission
    ADD CONSTRAINT auth_permission_content_type_id_2f476e4b_fk_django_co FOREIGN KEY (content_type_id) REFERENCES public.django_content_type(id) DEFERRABLE INITIALLY DEFERRED;


--
-- Name: auth_user_groups auth_user_groups_group_id_97559544_fk_auth_group_id; Type: FK CONSTRAINT; Schema: public; Owner: myprojectuser
--

ALTER TABLE ONLY public.auth_user_groups
    ADD CONSTRAINT auth_user_groups_group_id_97559544_fk_auth_group_id FOREIGN KEY (group_id) REFERENCES public.auth_group(id) DEFERRABLE INITIALLY DEFERRED;


--
-- Name: auth_user_groups auth_user_groups_user_id_6a12ed8b_fk_auth_user_id; Type: FK CONSTRAINT; Schema: public; Owner: myprojectuser
--

ALTER TABLE ONLY public.auth_user_groups
    ADD CONSTRAINT auth_user_groups_user_id_6a12ed8b_fk_auth_user_id FOREIGN KEY (user_id) REFERENCES public.auth_user(id) DEFERRABLE INITIALLY DEFERRED;


--
-- Name: auth_user_user_permissions auth_user_user_permi_permission_id_1fbb5f2c_fk_auth_perm; Type: FK CONSTRAINT; Schema: public; Owner: myprojectuser
--

ALTER TABLE ONLY public.auth_user_user_permissions
    ADD CONSTRAINT auth_user_user_permi_permission_id_1fbb5f2c_fk_auth_perm FOREIGN KEY (permission_id) REFERENCES public.auth_permission(id) DEFERRABLE INITIALLY DEFERRED;


--
-- Name: auth_user_user_permissions auth_user_user_permissions_user_id_a95ead1b_fk_auth_user_id; Type: FK CONSTRAINT; Schema: public; Owner: myprojectuser
--

ALTER TABLE ONLY public.auth_user_user_permissions
    ADD CONSTRAINT auth_user_user_permissions_user_id_a95ead1b_fk_auth_user_id FOREIGN KEY (user_id) REFERENCES public.auth_user(id) DEFERRABLE INITIALLY DEFERRED;


--
-- Name: django_admin_log django_admin_log_content_type_id_c4bce8eb_fk_django_co; Type: FK CONSTRAINT; Schema: public; Owner: myprojectuser
--

ALTER TABLE ONLY public.django_admin_log
    ADD CONSTRAINT django_admin_log_content_type_id_c4bce8eb_fk_django_co FOREIGN KEY (content_type_id) REFERENCES public.django_content_type(id) DEFERRABLE INITIALLY DEFERRED;


--
-- Name: django_admin_log django_admin_log_user_id_c564eba6_fk_auth_user_id; Type: FK CONSTRAINT; Schema: public; Owner: myprojectuser
--

ALTER TABLE ONLY public.django_admin_log
    ADD CONSTRAINT django_admin_log_user_id_c564eba6_fk_auth_user_id FOREIGN KEY (user_id) REFERENCES public.auth_user(id) DEFERRABLE INITIALLY DEFERRED;


--
-- Name: main_client main_client_user_id_a1b993d0_fk_auth_user_id; Type: FK CONSTRAINT; Schema: public; Owner: myprojectuser
--

ALTER TABLE ONLY public.main_client
    ADD CONSTRAINT main_client_user_id_a1b993d0_fk_auth_user_id FOREIGN KEY (user_id) REFERENCES public.auth_user(id) DEFERRABLE INITIALLY DEFERRED;


--
-- Name: main_order main_order_client_id_e3685c50_fk_main_client_id; Type: FK CONSTRAINT; Schema: public; Owner: myprojectuser
--

ALTER TABLE ONLY public.main_order
    ADD CONSTRAINT main_order_client_id_e3685c50_fk_main_client_id FOREIGN KEY (client_id) REFERENCES public.main_client(id) DEFERRABLE INITIALLY DEFERRED;


--
-- Name: main_orderitem main_orderitem_order_id_72ea9725_fk_main_order_id; Type: FK CONSTRAINT; Schema: public; Owner: myprojectuser
--

ALTER TABLE ONLY public.main_orderitem
    ADD CONSTRAINT main_orderitem_order_id_72ea9725_fk_main_order_id FOREIGN KEY (order_id) REFERENCES public.main_order(id) DEFERRABLE INITIALLY DEFERRED;


--
-- Name: main_orderitem main_orderitem_product_id_b90dba64_fk_main_produit_id; Type: FK CONSTRAINT; Schema: public; Owner: myprojectuser
--

ALTER TABLE ONLY public.main_orderitem
    ADD CONSTRAINT main_orderitem_product_id_b90dba64_fk_main_produit_id FOREIGN KEY (product_id) REFERENCES public.main_produit(id) DEFERRABLE INITIALLY DEFERRED;


--
-- Name: main_produit main_produit_category_id_8d678549_fk_main_category_id; Type: FK CONSTRAINT; Schema: public; Owner: myprojectuser
--

ALTER TABLE ONLY public.main_produit
    ADD CONSTRAINT main_produit_category_id_8d678549_fk_main_category_id FOREIGN KEY (category_id) REFERENCES public.main_category(id) DEFERRABLE INITIALLY DEFERRED;


--
-- Name: main_produit main_produit_mark_id_a0e43ac8_fk_main_mark_id; Type: FK CONSTRAINT; Schema: public; Owner: myprojectuser
--

ALTER TABLE ONLY public.main_produit
    ADD CONSTRAINT main_produit_mark_id_a0e43ac8_fk_main_mark_id FOREIGN KEY (mark_id) REFERENCES public.main_mark(id) DEFERRABLE INITIALLY DEFERRED;


--
-- PostgreSQL database dump complete
--

